date,HDFC,overlap
2010-01-04,16.0,1.0
2010-01-05,13.0,1.0
2010-01-06,14.0,1.0
2010-01-07,12.0,1.0
2010-01-08,13.0,1.0
2010-01-09,12.0,1.0
2010-01-10,7.0,1.0
2010-01-11,13.0,1.0
2010-01-12,10.0,1.0
2010-01-13,10.0,1.0
2010-01-14,9.0,1.0
2010-01-15,11.0,1.0
2010-01-16,11.0,1.0
2010-01-17,6.0,1.0
2010-01-18,12.0,1.0
2010-01-19,12.0,1.0
2010-01-20,11.0,1.0
2010-01-21,10.0,1.0
2010-01-22,11.0,1.0
2010-01-23,9.0,1.0
2010-01-24,5.0,1.0
2010-01-25,12.0,1.0
2010-01-26,6.0,1.0
2010-01-27,12.0,1.0
2010-01-28,11.0,1.0
2010-01-29,15.0,1.0
2010-01-30,14.0,1.0
2010-01-31,8.0,1.0
2010-02-01,16.0,1.0
2010-02-02,14.0,
2010-02-03,13.0,
2010-02-04,13.0,
2010-02-05,14.0,
2010-02-06,13.0,
2010-02-07,8.0,
2010-02-08,14.0,
2010-02-09,12.0,
2010-02-10,11.0,
2010-02-11,11.0,
2010-02-12,10.0,
2010-02-13,10.0,
2010-02-14,5.0,
2010-02-15,15.0,
2010-02-16,13.0,
2010-02-17,12.0,
2010-02-18,11.0,
2010-02-19,12.0,
2010-02-20,11.0,
2010-02-21,6.0,
2010-02-22,12.0,
2010-02-23,12.0,
2010-02-24,11.0,
2010-02-25,11.0,
2010-02-26,17.0,
2010-02-27,12.0,
2010-02-28,7.0,
2010-03-01,9.0,
2010-03-02,16.0,
2010-03-03,14.0,
2010-03-04,15.0,
2010-03-05,14.0,
2010-03-06,13.0,
2010-03-07,6.0,
2010-03-08,16.0,
2010-03-09,13.0,
2010-03-10,13.0,
2010-03-11,12.0,
2010-03-12,13.0,
2010-03-13,12.0,
2010-03-14,7.0,
2010-03-15,13.0,
2010-03-16,10.0,
2010-03-17,14.0,
2010-03-18,12.0,
2010-03-19,13.0,
2010-03-20,12.0,
2010-03-21,6.0,
2010-03-22,12.0,
2010-03-23,12.0,
2010-03-24,11.0,
2010-03-25,13.0,
2010-03-26,13.0,
2010-03-27,12.0,
2010-03-28,6.0,
2010-03-29,13.0,
2010-03-30,17.0,
2010-03-31,20.0,
2010-04-01,15.0,
2010-04-02,13.0,
2010-04-03,14.0,
2010-04-04,9.0,
2010-04-05,20.0,
2010-04-06,18.0,
2010-04-07,14.0,
2010-04-08,15.0,
2010-04-09,13.0,
2010-04-10,12.0,
2010-04-11,8.0,1.0
2010-04-12,14.0,1.0
2010-04-13,14.0,1.0
2010-04-14,10.0,1.0
2010-04-15,12.0,1.0
2010-04-16,15.0,1.0
2010-04-17,12.0,1.0
2010-04-18,6.0,1.0
2010-04-19,13.0,1.0
2010-04-20,12.0,1.0
2010-04-21,10.0,1.0
2010-04-22,12.0,1.0
2010-04-23,13.0,1.0
2010-04-24,12.0,1.0
2010-04-25,7.0,1.0
2010-04-26,13.0,1.0
2010-04-27,13.0,1.0
2010-04-28,12.0,1.0
2010-04-29,14.0,1.0
2010-04-30,21.0,1.0
2010-05-01,12.0,1.0
2010-05-02,8.0,1.0
2010-05-03,17.0,1.0
2010-05-04,16.0,1.0
2010-05-05,15.0,1.0
2010-05-06,15.0,1.0
2010-05-07,15.0,1.0
2010-05-08,12.0,1.0
2010-05-09,7.0,1.0
2010-05-10,16.0,1.0
2010-05-11,13.0,1.0
2010-05-12,12.0,1.0
2010-05-13,15.0,1.0
2010-05-14,11.0,1.0
2010-05-15,12.0,1.0
2010-05-16,6.0,1.0
2010-05-17,13.0,1.0
2010-05-18,11.0,1.0
2010-05-19,12.0,1.0
2010-05-20,12.0,1.0
2010-05-21,14.0,1.0
2010-05-22,13.0,1.0
2010-05-23,6.0,1.0
2010-05-24,15.0,1.0
2010-05-25,13.0,1.0
2010-05-26,10.0,1.0
2010-05-27,11.0,1.0
2010-05-28,12.0,1.0
2010-05-29,13.0,1.0
2010-05-30,7.0,1.0
2010-05-31,19.0,1.0
2010-06-01,18.0,1.0
2010-06-02,15.0,1.0
2010-06-03,14.0,1.0
2010-06-04,16.0,1.0
2010-06-05,15.0,1.0
2010-06-06,9.0,1.0
2010-06-07,14.0,1.0
2010-06-08,14.0,1.0
2010-06-09,14.0,1.0
2010-06-10,12.0,1.0
2010-06-11,13.0,1.0
2010-06-12,12.0,1.0
2010-06-13,9.0,1.0
2010-06-14,14.0,1.0
2010-06-15,13.0,1.0
2010-06-16,14.0,1.0
2010-06-17,12.0,1.0
2010-06-18,13.0,1.0
2010-06-19,12.0,1.0
2010-06-20,8.0,1.0
2010-06-21,15.0,1.0
2010-06-22,13.0,1.0
2010-06-23,13.0,1.0
2010-06-24,13.0,1.0
2010-06-25,13.0,1.0
2010-06-26,14.0,1.0
2010-06-27,7.0,1.0
2010-06-28,15.0,1.0
2010-06-29,14.0,1.0
2010-06-30,20.0,1.0
2010-07-01,21.0,1.0
2010-07-02,19.0,1.0
2010-07-03,15.0,1.0
2010-07-04,8.0,1.0
2010-07-05,14.0,1.0
2010-07-06,16.0,1.0
2010-07-07,17.0,1.0
2010-07-08,16.0,1.0
2010-07-09,14.0,1.0
2010-07-10,16.0,1.0
2010-07-11,7.0,1.0
2010-07-12,15.0,1.0
2010-07-13,15.0,1.0
2010-07-14,14.0,1.0
2010-07-15,14.0,1.0
2010-07-16,14.0,1.0
2010-07-17,12.0,1.0
2010-07-18,9.0,1.0
2010-07-19,15.0,1.0
2010-07-20,14.0,1.0
2010-07-21,14.0,
2010-07-22,14.0,
2010-07-23,12.0,
2010-07-24,13.0,
2010-07-25,8.0,
2010-07-26,15.0,
2010-07-27,15.0,
2010-07-28,13.0,
2010-07-29,14.0,
2010-07-30,21.0,
2010-07-31,15.0,
2010-08-01,9.0,
2010-08-02,20.0,
2010-08-03,19.0,
2010-08-04,15.0,
2010-08-05,15.0,
2010-08-06,15.0,
2010-08-07,15.0,
2010-08-08,9.0,
2010-08-09,17.0,
2010-08-10,17.0,
2010-08-11,15.0,
2010-08-12,14.0,
2010-08-13,14.0,
2010-08-14,13.0,
2010-08-15,7.0,
2010-08-16,17.0,
2010-08-17,14.0,
2010-08-18,13.0,
2010-08-19,12.0,
2010-08-20,13.0,
2010-08-21,13.0,
2010-08-22,8.0,
2010-08-23,13.0,
2010-08-24,10.0,
2010-08-25,12.0,
2010-08-26,13.0,
2010-08-27,13.0,
2010-08-28,12.0,
2010-08-29,8.0,
2010-08-30,17.0,
2010-08-31,20.0,
2010-09-01,19.0,
2010-09-02,13.0,
2010-09-03,16.0,
2010-09-04,17.0,
2010-09-05,10.0,
2010-09-06,21.0,
2010-09-07,19.0,
2010-09-08,17.0,
2010-09-09,16.0,
2010-09-10,12.0,
2010-09-11,8.0,
2010-09-12,8.0,
2010-09-13,18.0,
2010-09-14,15.0,
2010-09-15,15.0,
2010-09-16,15.0,
2010-09-17,13.0,
2010-09-18,12.0,
2010-09-19,7.0,
2010-09-20,16.0,
2010-09-21,14.0,
2010-09-22,14.0,
2010-09-23,13.0,
2010-09-24,15.0,
2010-09-25,14.0,
2010-09-26,8.0,
2010-09-27,17.0,1.0
2010-09-28,15.0,1.0
2010-09-29,18.0,1.0
2010-09-30,15.0,1.0
2010-10-01,21.0,1.0
2010-10-02,11.0,1.0
2010-10-03,10.0,1.0
2010-10-04,20.0,1.0
2010-10-05,19.0,1.0
2010-10-06,17.0,1.0
2010-10-07,17.0,1.0
2010-10-08,16.0,1.0
2010-10-09,12.0,1.0
2010-10-10,8.0,1.0
2010-10-11,15.0,1.0
2010-10-12,15.0,1.0
2010-10-13,15.0,1.0
2010-10-14,12.0,1.0
2010-10-15,14.0,1.0
2010-10-16,10.0,1.0
2010-10-17,8.0,1.0
2010-10-18,15.0,1.0
2010-10-19,15.0,1.0
2010-10-20,14.0,1.0
2010-10-21,15.0,1.0
2010-10-22,14.0,1.0
2010-10-23,11.0,1.0
2010-10-24,8.0,1.0
2010-10-25,14.0,1.0
2010-10-26,14.0,1.0
2010-10-27,14.0,1.0
2010-10-28,14.0,1.0
2010-10-29,19.0,1.0
2010-10-30,18.0,1.0
2010-10-31,10.0,1.0
2010-11-01,20.0,1.0
2010-11-02,18.0,1.0
2010-11-03,16.0,1.0
2010-11-04,16.0,1.0
2010-11-05,5.0,1.0
2010-11-06,9.0,1.0
2010-11-07,8.0,1.0
2010-11-08,15.0,1.0
2010-11-09,16.0,1.0
2010-11-10,15.0,1.0
2010-11-11,16.0,1.0
2010-11-12,15.0,1.0
2010-11-13,13.0,1.0
2010-11-14,8.0,1.0
2010-11-15,17.0,1.0
2010-11-16,14.0,1.0
2010-11-17,11.0,1.0
2010-11-18,13.0,1.0
2010-11-19,13.0,1.0
2010-11-20,12.0,1.0
2010-11-21,8.0,1.0
2010-11-22,16.0,1.0
2010-11-23,14.0,1.0
2010-11-24,14.0,1.0
2010-11-25,15.0,1.0
2010-11-26,15.0,1.0
2010-11-27,12.0,1.0
2010-11-28,8.0,1.0
2010-11-29,16.0,1.0
2010-11-30,21.0,1.0
2010-12-01,18.0,1.0
2010-12-02,17.0,1.0
2010-12-03,17.0,1.0
2010-12-04,15.0,1.0
2010-12-05,8.0,1.0
2010-12-06,18.0,1.0
2010-12-07,16.0,1.0
2010-12-08,16.0,1.0
2010-12-09,15.0,1.0
2010-12-10,15.0,1.0
2010-12-11,13.0,1.0
2010-12-12,9.0,1.0
2010-12-13,17.0,1.0
2010-12-14,16.0,1.0
2010-12-15,16.0,1.0
2010-12-16,15.0,1.0
2010-12-17,12.0,1.0
2010-12-18,13.0,1.0
2010-12-19,8.0,1.0
2010-12-20,17.0,1.0
2010-12-21,15.0,1.0
2010-12-22,17.0,1.0
2010-12-23,17.0,1.0
2010-12-24,17.0,1.0
2010-12-25,12.0,1.0
2010-12-26,9.0,1.0
2010-12-27,18.0,1.0
2010-12-28,18.0,1.0
2010-12-29,15.0,1.0
2010-12-30,19.0,1.0
2010-12-31,24.0,1.0
2011-01-01,15.0,1.0
2011-01-02,9.0,1.0
2011-01-03,25.0,1.0
2011-01-04,19.0,1.0
2011-01-05,18.0,1.0
2011-01-06,19.0,
2011-01-07,15.0,
2011-01-08,13.0,
2011-01-09,9.0,
2011-01-10,18.0,
2011-01-11,15.0,
2011-01-12,15.0,
2011-01-13,14.0,
2011-01-14,12.0,
2011-01-15,11.0,
2011-01-16,6.0,
2011-01-17,15.0,
2011-01-18,14.0,
2011-01-19,15.0,
2011-01-20,14.0,
2011-01-21,13.0,
2011-01-22,11.0,
2011-01-23,9.0,
2011-01-24,15.0,
2011-01-25,12.0,
2011-01-26,7.0,
2011-01-27,15.0,
2011-01-28,16.0,
2011-01-29,15.0,
2011-01-30,9.0,
2011-01-31,25.0,
2011-02-01,24.0,
2011-02-02,18.0,
2011-02-03,19.0,
2011-02-04,16.0,
2011-02-05,16.0,
2011-02-06,10.0,
2011-02-07,21.0,
2011-02-08,17.0,
2011-02-09,15.0,
2011-02-10,16.0,
2011-02-11,15.0,
2011-02-12,14.0,
2011-02-13,7.0,
2011-02-14,15.0,
2011-02-15,14.0,
2011-02-16,14.0,
2011-02-17,15.0,
2011-02-18,14.0,
2011-02-19,12.0,
2011-02-20,7.0,
2011-02-21,16.0,
2011-02-22,14.0,
2011-02-23,14.0,
2011-02-24,14.0,
2011-02-25,15.0,
2011-02-26,12.0,
2011-02-27,7.0,
2011-02-28,22.0,
2011-03-01,19.0,
2011-03-02,15.0,
2011-03-03,18.0,
2011-03-04,17.0,
2011-03-05,15.0,
2011-03-06,9.0,
2011-03-07,19.0,
2011-03-08,18.0,
2011-03-09,16.0,
2011-03-10,16.0,
2011-03-11,13.0,
2011-03-12,11.0,
2011-03-13,8.0,
2011-03-14,17.0,
2011-03-15,15.0,1.0
2011-03-16,15.0,1.0
2011-03-17,13.0,1.0
2011-03-18,15.0,1.0
2011-03-19,12.0,1.0
2011-03-20,7.0,1.0
2011-03-21,15.0,1.0
2011-03-22,16.0,1.0
2011-03-23,15.0,1.0
2011-03-24,12.0,1.0
2011-03-25,14.0,1.0
2011-03-26,13.0,1.0
2011-03-27,8.0,1.0
2011-03-28,16.0,1.0
2011-03-29,16.0,1.0
2011-03-30,13.0,1.0
2011-03-31,23.0,1.0
2011-04-01,20.0,1.0
2011-04-02,15.0,1.0
2011-04-03,9.0,1.0
2011-04-04,15.0,1.0
2011-04-05,22.0,1.0
2011-04-06,18.0,1.0
2011-04-07,18.0,1.0
2011-04-08,17.0,1.0
2011-04-09,15.0,1.0
2011-04-10,9.0,1.0
2011-04-11,17.0,1.0
2011-04-12,13.0,1.0
2011-04-13,13.0,1.0
2011-04-14,12.0,1.0
2011-04-15,14.0,1.0
2011-04-16,13.0,1.0
2011-04-17,8.0,1.0
2011-04-18,18.0,1.0
2011-04-19,16.0,1.0
2011-04-20,15.0,1.0
2011-04-21,15.0,1.0
2011-04-22,11.0,1.0
2011-04-23,13.0,1.0
2011-04-24,9.0,1.0
2011-04-25,18.0,1.0
2011-04-26,16.0,1.0
2011-04-27,15.0,1.0
2011-04-28,15.0,1.0
2011-04-29,20.0,1.0
2011-04-30,18.0,1.0
2011-05-01,10.0,1.0
2011-05-02,20.0,1.0
2011-05-03,19.0,1.0
2011-05-04,18.0,1.0
2011-05-05,17.0,1.0
2011-05-06,17.0,1.0
2011-05-07,17.0,1.0
2011-05-08,8.0,1.0
2011-05-09,19.0,1.0
2011-05-10,18.0,1.0
2011-05-11,15.0,1.0
2011-05-12,14.0,1.0
2011-05-13,14.0,1.0
2011-05-14,13.0,1.0
2011-05-15,8.0,1.0
2011-05-16,16.0,1.0
2011-05-17,14.0,1.0
2011-05-18,14.0,1.0
2011-05-19,15.0,1.0
2011-05-20,15.0,1.0
2011-05-21,13.0,1.0
2011-05-22,8.0,1.0
2011-05-23,16.0,1.0
2011-05-24,15.0,1.0
2011-05-25,15.0,1.0
2011-05-26,14.0,1.0
2011-05-27,15.0,1.0
2011-05-28,13.0,1.0
2011-05-29,9.0,1.0
2011-05-30,18.0,1.0
2011-05-31,25.0,1.0
2011-06-01,21.0,1.0
2011-06-02,19.0,1.0
2011-06-03,17.0,1.0
2011-06-04,16.0,1.0
2011-06-05,10.0,1.0
2011-06-06,19.0,1.0
2011-06-07,18.0,1.0
2011-06-08,17.0,1.0
2011-06-09,15.0,1.0
2011-06-10,15.0,1.0
2011-06-11,13.0,1.0
2011-06-12,9.0,1.0
2011-06-13,17.0,1.0
2011-06-14,16.0,1.0
2011-06-15,15.0,1.0
2011-06-16,15.0,1.0
2011-06-17,15.0,1.0
2011-06-18,15.0,1.0
2011-06-19,8.0,1.0
2011-06-20,16.0,1.0
2011-06-21,15.0,1.0
2011-06-22,16.0,1.0
2011-06-23,15.0,1.0
2011-06-24,16.0,
2011-06-25,15.0,
2011-06-26,10.0,
2011-06-27,19.0,
2011-06-28,17.0,
2011-06-29,17.0,
2011-06-30,24.0,
2011-07-01,22.0,
2011-07-02,21.0,
2011-07-03,12.0,
2011-07-04,28.0,
2011-07-05,21.0,
2011-07-06,21.0,
2011-07-07,20.0,
2011-07-08,20.0,
2011-07-09,17.0,
2011-07-10,10.0,
2011-07-11,21.0,
2011-07-12,18.0,
2011-07-13,17.0,
2011-07-14,17.0,
2011-07-15,17.0,
2011-07-16,15.0,
2011-07-17,10.0,
2011-07-18,19.0,
2011-07-19,17.0,
2011-07-20,17.0,
2011-07-21,17.0,
2011-07-22,17.0,
2011-07-23,17.0,
2011-07-24,12.0,
2011-07-25,19.0,
2011-07-26,17.0,
2011-07-27,18.0,
2011-07-28,20.0,
2011-07-29,24.0,
2011-07-30,22.0,
2011-07-31,12.0,
2011-08-01,28.0,
2011-08-02,23.0,
2011-08-03,20.0,
2011-08-04,20.0,
2011-08-05,20.0,
2011-08-06,19.0,
2011-08-07,11.0,
2011-08-08,23.0,
2011-08-09,21.0,
2011-08-10,18.0,
2011-08-11,17.0,
2011-08-12,18.0,
2011-08-13,12.0,
2011-08-14,10.0,
2011-08-15,9.0,
2011-08-16,20.0,
2011-08-17,17.0,
2011-08-18,17.0,
2011-08-19,16.0,
2011-08-20,16.0,
2011-08-21,8.0,
2011-08-22,16.0,
2011-08-23,17.0,
2011-08-24,15.0,
2011-08-25,17.0,
2011-08-26,17.0,
2011-08-27,17.0,
2011-08-28,12.0,
2011-08-29,22.0,
2011-08-30,26.0,
2011-08-31,16.0,1.0
2011-09-01,13.0,1.0
2011-09-02,24.0,1.0
2011-09-03,18.0,1.0
2011-09-04,12.0,1.0
2011-09-05,24.0,1.0
2011-09-06,21.0,1.0
2011-09-07,20.0,1.0
2011-09-08,18.0,1.0
2011-09-09,18.0,1.0
2011-09-10,17.0,1.0
2011-09-11,10.0,1.0
2011-09-12,20.0,1.0
2011-09-13,18.0,1.0
2011-09-14,18.0,1.0
2011-09-15,17.0,1.0
2011-09-16,17.0,1.0
2011-09-17,16.0,1.0
2011-09-18,9.0,1.0
2011-09-19,18.0,1.0
2011-09-20,17.0,1.0
2011-09-21,16.0,1.0
2011-09-22,17.0,1.0
2011-09-23,18.0,1.0
2011-09-24,17.0,1.0
2011-09-25,11.0,1.0
2011-09-26,19.0,1.0
2011-09-27,19.0,1.0
2011-09-28,19.0,1.0
2011-09-29,26.0,1.0
2011-09-30,24.0,1.0
2011-10-01,23.0,1.0
2011-10-02,13.0,1.0
2011-10-03,23.0,1.0
2011-10-04,20.0,1.0
2011-10-05,17.0,1.0
2011-10-06,11.0,1.0
2011-10-07,20.0,1.0
2011-10-08,18.0,1.0
2011-10-09,12.0,1.0
2011-10-10,21.0,1.0
2011-10-11,18.0,1.0
2011-10-12,18.0,1.0
2011-10-13,18.0,1.0
2011-10-14,18.0,1.0
2011-10-15,17.0,1.0
2011-10-16,11.0,1.0
2011-10-17,18.0,1.0
2011-10-18,18.0,1.0
2011-10-19,17.0,1.0
2011-10-20,16.0,1.0
2011-10-21,18.0,1.0
2011-10-22,16.0,1.0
2011-10-23,10.0,1.0
2011-10-24,19.0,1.0
2011-10-25,15.0,1.0
2011-10-26,7.0,1.0
2011-10-27,12.0,1.0
2011-10-28,16.0,1.0
2011-10-29,16.0,1.0
2011-10-30,10.0,1.0
2011-10-31,25.0,1.0
2011-11-01,21.0,1.0
2011-11-02,18.0,1.0
2011-11-03,18.0,1.0
2011-11-04,18.0,1.0
2011-11-05,18.0,1.0
2011-11-06,10.0,1.0
2011-11-07,18.0,1.0
2011-11-08,22.0,1.0
2011-11-09,19.0,1.0
2011-11-10,16.0,1.0
2011-11-11,18.0,1.0
2011-11-12,16.0,1.0
2011-11-13,9.0,1.0
2011-11-14,19.0,1.0
2011-11-15,17.0,1.0
2011-11-16,17.0,1.0
2011-11-17,16.0,1.0
2011-11-18,17.0,1.0
2011-11-19,17.0,1.0
2011-11-20,10.0,1.0
2011-11-21,18.0,1.0
2011-11-22,17.0,1.0
2011-11-23,16.0,1.0
2011-11-24,16.0,1.0
2011-11-25,16.0,1.0
2011-11-26,14.0,1.0
2011-11-27,10.0,1.0
2011-11-28,17.0,1.0
2011-11-29,18.0,1.0
2011-11-30,23.0,1.0
2011-12-01,21.0,1.0
2011-12-02,20.0,1.0
2011-12-03,18.0,1.0
2011-12-04,10.0,1.0
2011-12-05,21.0,1.0
2011-12-06,17.0,1.0
2011-12-07,21.0,1.0
2011-12-08,18.0,1.0
2011-12-09,19.0,1.0
2011-12-10,14.0,
2011-12-11,9.0,
2011-12-12,18.0,
2011-12-13,16.0,
2011-12-14,15.0,
2011-12-15,17.0,
2011-12-16,18.0,
2011-12-17,16.0,
2011-12-18,10.0,
2011-12-19,18.0,
2011-12-20,19.0,
2011-12-21,16.0,
2011-12-22,18.0,
2011-12-23,19.0,
2011-12-24,16.0,
2011-12-25,12.0,
2011-12-26,22.0,
2011-12-27,18.0,
2011-12-28,19.0,
2011-12-29,19.0,
2011-12-30,26.0,
2011-12-31,19.0,
2012-01-01,13.0,
2012-01-02,27.0,
2012-01-03,21.0,
2012-01-04,20.0,
2012-01-05,20.0,
2012-01-06,20.0,
2012-01-07,17.0,
2012-01-08,10.0,
2012-01-09,21.0,
2012-01-10,18.0,
2012-01-11,18.0,
2012-01-12,17.0,
2012-01-13,15.0,
2012-01-14,12.0,
2012-01-15,9.0,
2012-01-16,18.0,
2012-01-17,19.0,
2012-01-18,16.0,
2012-01-19,17.0,
2012-01-20,17.0,
2012-01-21,15.0,
2012-01-22,10.0,
2012-01-23,18.0,
2012-01-24,17.0,
2012-01-25,16.0,
2012-01-26,8.0,
2012-01-27,19.0,
2012-01-28,15.0,
2012-01-29,10.0,
2012-01-30,21.0,
2012-01-31,24.0,
2012-02-01,23.0,
2012-02-02,21.0,
2012-02-03,21.0,
2012-02-04,19.0,
2012-02-05,11.0,
2012-02-06,24.0,
2012-02-07,21.0,
2012-02-08,18.0,
2012-02-09,18.0,
2012-02-10,18.0,
2012-02-11,15.0,
2012-02-12,9.0,
2012-02-13,19.0,
2012-02-14,18.0,
2012-02-15,18.0,
2012-02-16,17.0,1.0
2012-02-17,17.0,1.0
2012-02-18,16.0,1.0
2012-02-19,10.0,1.0
2012-02-20,17.0,1.0
2012-02-21,19.0,1.0
2012-02-22,19.0,1.0
2012-02-23,18.0,1.0
2012-02-24,17.0,1.0
2012-02-25,15.0,1.0
2012-02-26,9.0,1.0
2012-02-27,21.0,1.0
2012-02-28,17.0,1.0
2012-02-29,26.0,1.0
2012-03-01,24.0,1.0
2012-03-02,24.0,1.0
2012-03-03,20.0,1.0
2012-03-04,13.0,1.0
2012-03-05,26.0,1.0
2012-03-06,21.0,1.0
2012-03-07,20.0,1.0
2012-03-08,13.0,1.0
2012-03-09,19.0,1.0
2012-03-10,18.0,1.0
2012-03-11,11.0,1.0
2012-03-12,21.0,1.0
2012-03-13,20.0,1.0
2012-03-14,18.0,1.0
2012-03-15,18.0,1.0
2012-03-16,17.0,1.0
2012-03-17,16.0,1.0
2012-03-18,9.0,1.0
2012-03-19,19.0,1.0
2012-03-20,18.0,1.0
2012-03-21,17.0,1.0
2012-03-22,17.0,1.0
2012-03-23,14.0,1.0
2012-03-24,17.0,1.0
2012-03-25,12.0,1.0
2012-03-26,23.0,1.0
2012-03-27,20.0,1.0
2012-03-28,20.0,1.0
2012-03-29,20.0,1.0
2012-03-30,26.0,1.0
2012-03-31,21.0,1.0
2012-04-01,14.0,1.0
2012-04-02,25.0,1.0
2012-04-03,24.0,1.0
2012-04-04,23.0,1.0
2012-04-05,19.0,1.0
2012-04-06,16.0,1.0
2012-04-07,19.0,1.0
2012-04-08,11.0,1.0
2012-04-09,27.0,1.0
2012-04-10,20.0,1.0
2012-04-11,17.0,1.0
2012-04-12,18.0,1.0
2012-04-13,15.0,1.0
2012-04-14,14.0,1.0
2012-04-15,9.0,1.0
2012-04-16,21.0,1.0
2012-04-17,19.0,1.0
2012-04-18,18.0,1.0
2012-04-19,17.0,1.0
2012-04-20,18.0,1.0
2012-04-21,17.0,1.0
2012-04-22,9.0,1.0
2012-04-23,22.0,1.0
2012-04-24,17.0,1.0
2012-04-25,16.0,1.0
2012-04-26,16.0,1.0
2012-04-27,18.0,1.0
2012-04-28,16.0,1.0
2012-04-29,11.0,1.0
2012-04-30,27.0,1.0
2012-05-01,19.0,1.0
2012-05-02,26.0,1.0
2012-05-03,21.0,1.0
2012-05-04,21.0,1.0
2012-05-05,19.0,1.0
2012-05-06,11.0,1.0
2012-05-07,24.0,1.0
2012-05-08,20.0,1.0
2012-05-09,19.0,1.0
2012-05-10,18.0,1.0
2012-05-11,17.0,1.0
2012-05-12,16.0,1.0
2012-05-13,10.0,1.0
2012-05-14,19.0,1.0
2012-05-15,18.0,1.0
2012-05-16,17.0,1.0
2012-05-17,18.0,1.0
2012-05-18,17.0,1.0
2012-05-19,15.0,1.0
2012-05-20,9.0,1.0
2012-05-21,19.0,1.0
2012-05-22,16.0,1.0
2012-05-23,16.0,1.0
2012-05-24,17.0,1.0
2012-05-25,18.0,1.0
2012-05-26,17.0,1.0
2012-05-27,9.0,
2012-05-28,21.0,
2012-05-29,18.0,
2012-05-30,18.0,
2012-05-31,22.0,
2012-06-01,23.0,
2012-06-02,20.0,
2012-06-03,10.0,
2012-06-04,24.0,
2012-06-05,21.0,
2012-06-06,21.0,
2012-06-07,20.0,
2012-06-08,20.0,
2012-06-09,16.0,
2012-06-10,9.0,
2012-06-11,20.0,
2012-06-12,19.0,
2012-06-13,15.0,
2012-06-14,18.0,
2012-06-15,17.0,
2012-06-16,17.0,
2012-06-17,10.0,
2012-06-18,20.0,
2012-06-19,17.0,
2012-06-20,18.0,
2012-06-21,17.0,
2012-06-22,17.0,
2012-06-23,17.0,
2012-06-24,10.0,
2012-06-25,20.0,
2012-06-26,18.0,
2012-06-27,19.0,
2012-06-28,19.0,
2012-06-29,23.0,
2012-06-30,22.0,
2012-07-01,14.0,
2012-07-02,28.0,
2012-07-03,24.0,
2012-07-04,27.0,
2012-07-05,23.0,
2012-07-06,24.0,
2012-07-07,19.0,
2012-07-08,13.0,
2012-07-09,24.0,
2012-07-10,22.0,
2012-07-11,20.0,
2012-07-12,19.0,
2012-07-13,20.0,
2012-07-14,17.0,
2012-07-15,11.0,
2012-07-16,20.0,
2012-07-17,20.0,
2012-07-18,19.0,
2012-07-19,18.0,
2012-07-20,20.0,
2012-07-21,18.0,
2012-07-22,12.0,
2012-07-23,23.0,
2012-07-24,19.0,
2012-07-25,21.0,
2012-07-26,20.0,
2012-07-27,19.0,
2012-07-28,21.0,
2012-07-29,11.0,
2012-07-30,24.0,
2012-07-31,28.0,
2012-08-01,26.0,
2012-08-02,20.0,
2012-08-03,22.0,1.0
2012-08-04,20.0,1.0
2012-08-05,13.0,1.0
2012-08-06,26.0,1.0
2012-08-07,25.0,1.0
2012-08-08,23.0,1.0
2012-08-09,20.0,1.0
2012-08-10,17.0,1.0
2012-08-11,18.0,1.0
2012-08-12,12.0,1.0
2012-08-13,23.0,1.0
2012-08-14,20.0,1.0
2012-08-15,11.0,1.0
2012-08-16,22.0,1.0
2012-08-17,20.0,1.0
2012-08-18,18.0,1.0
2012-08-19,11.0,1.0
2012-08-20,15.0,1.0
2012-08-21,22.0,1.0
2012-08-22,20.0,1.0
2012-08-23,19.0,1.0
2012-08-24,20.0,1.0
2012-08-25,18.0,1.0
2012-08-26,11.0,1.0
2012-08-27,22.0,1.0
2012-08-28,20.0,1.0
2012-08-29,20.0,1.0
2012-08-30,21.0,1.0
2012-08-31,28.0,1.0
2012-09-01,25.0,1.0
2012-09-02,14.0,1.0
2012-09-03,30.0,1.0
2012-09-04,24.0,1.0
2012-09-05,22.0,1.0
2012-09-06,23.0,1.0
2012-09-07,22.0,1.0
2012-09-08,20.0,1.0
2012-09-09,13.0,1.0
2012-09-10,23.0,1.0
2012-09-11,22.0,1.0
2012-09-12,20.0,1.0
2012-09-13,20.0,1.0
2012-09-14,20.0,1.0
2012-09-15,19.0,1.0
2012-09-16,11.0,1.0
2012-09-17,21.0,1.0
2012-09-18,19.0,1.0
2012-09-19,13.0,1.0
2012-09-20,19.0,1.0
2012-09-21,20.0,1.0
2012-09-22,18.0,1.0
2012-09-23,11.0,1.0
2012-09-24,22.0,1.0
2012-09-25,20.0,1.0
2012-09-26,19.0,1.0
2012-09-27,19.0,1.0
2012-09-28,26.0,1.0
2012-09-29,21.0,1.0
2012-09-30,13.0,1.0
2012-10-01,29.0,1.0
2012-10-02,14.0,1.0
2012-10-03,28.0,1.0
2012-10-04,25.0,1.0
2012-10-05,27.0,1.0
2012-10-06,22.0,1.0
2012-10-07,13.0,1.0
2012-10-08,26.0,1.0
2012-10-09,22.0,1.0
2012-10-10,21.0,1.0
2012-10-11,21.0,1.0
2012-10-12,22.0,1.0
2012-10-13,18.0,1.0
2012-10-14,11.0,1.0
2012-10-15,21.0,1.0
2012-10-16,19.0,1.0
2012-10-17,20.0,1.0
2012-10-18,19.0,1.0
2012-10-19,20.0,1.0
2012-10-20,17.0,1.0
2012-10-21,11.0,1.0
2012-10-22,20.0,1.0
2012-10-23,16.0,1.0
2012-10-24,10.0,1.0
2012-10-25,21.0,1.0
2012-10-26,19.0,1.0
2012-10-27,16.0,1.0
2012-10-28,9.0,1.0
2012-10-29,21.0,1.0
2012-10-30,22.0,1.0
2012-10-31,27.0,1.0
2012-11-01,26.0,1.0
2012-11-02,25.0,1.0
2012-11-03,21.0,1.0
2012-11-04,12.0,1.0
2012-11-05,28.0,1.0
2012-11-06,25.0,1.0
2012-11-07,22.0,1.0
2012-11-08,21.0,1.0
2012-11-09,22.0,1.0
2012-11-10,20.0,1.0
2012-11-11,11.0,1.0
2012-11-12,19.0,
2012-11-13,8.0,
2012-11-14,15.0,
2012-11-15,17.0,
2012-11-16,20.0,
2012-11-17,17.0,
2012-11-18,11.0,
2012-11-19,21.0,
2012-11-20,20.0,
2012-11-21,21.0,
2012-11-22,19.0,
2012-11-23,19.0,
2012-11-24,16.0,
2012-11-25,9.0,
2012-11-26,20.0,
2012-11-27,20.0,
2012-11-28,17.0,
2012-11-29,19.0,
2012-11-30,28.0,
2012-12-01,26.0,
2012-12-02,13.0,
2012-12-03,27.0,
2012-12-04,26.0,
2012-12-05,24.0,
2012-12-06,23.0,
2012-12-07,22.0,
2012-12-08,20.0,
2012-12-09,11.0,
2012-12-10,24.0,
2012-12-11,23.0,
2012-12-12,20.0,
2012-12-13,20.0,
2012-12-14,20.0,
2012-12-15,19.0,
2012-12-16,10.0,
2012-12-17,22.0,
2012-12-18,21.0,
2012-12-19,22.0,
2012-12-20,19.0,
2012-12-21,21.0,
2012-12-22,18.0,
2012-12-23,12.0,
2012-12-24,27.0,
2012-12-25,17.0,
2012-12-26,27.0,
2012-12-27,21.0,
2012-12-28,22.0,
2012-12-29,19.0,
2012-12-30,11.0,
2012-12-31,33.0,
2013-01-01,25.0,
2013-01-02,30.0,
2013-01-03,27.0,
2013-01-04,27.0,
2013-01-05,21.0,
2013-01-06,11.0,
2013-01-07,27.0,
2013-01-08,25.0,
2013-01-09,22.0,
2013-01-10,22.0,
2013-01-11,20.0,
2013-01-12,18.0,
2013-01-13,10.0,
2013-01-14,17.0,
2013-01-15,19.0,
2013-01-16,19.0,
2013-01-17,20.0,
2013-01-18,21.0,
2013-01-19,18.0,1.0
2013-01-20,10.0,1.0
2013-01-21,22.0,1.0
2013-01-22,21.0,1.0
2013-01-23,19.0,1.0
2013-01-24,21.0,1.0
2013-01-25,17.0,1.0
2013-01-26,13.0,1.0
2013-01-27,11.0,1.0
2013-01-28,23.0,1.0
2013-01-29,21.0,1.0
2013-01-30,21.0,1.0
2013-01-31,27.0,1.0
2013-02-01,27.0,1.0
2013-02-02,22.0,1.0
2013-02-03,12.0,1.0
2013-02-04,28.0,1.0
2013-02-05,25.0,1.0
2013-02-06,24.0,1.0
2013-02-07,24.0,1.0
2013-02-08,24.0,1.0
2013-02-09,19.0,1.0
2013-02-10,12.0,1.0
2013-02-11,24.0,1.0
2013-02-12,23.0,1.0
2013-02-13,21.0,1.0
2013-02-14,19.0,1.0
2013-02-15,19.0,1.0
2013-02-16,18.0,1.0
2013-02-17,10.0,1.0
2013-02-18,22.0,1.0
2013-02-19,20.0,1.0
2013-02-20,18.0,1.0
2013-02-21,19.0,1.0
2013-02-22,20.0,1.0
2013-02-23,19.0,1.0
2013-02-24,12.0,1.0
2013-02-25,22.0,1.0
2013-02-26,22.0,1.0
2013-02-27,22.0,1.0
2013-02-28,29.0,1.0
2013-03-01,29.0,1.0
2013-03-02,23.0,1.0
2013-03-03,13.0,1.0
2013-03-04,29.0,1.0
2013-03-05,26.0,1.0
2013-03-06,27.0,1.0
2013-03-07,25.0,1.0
2013-03-08,25.0,1.0
2013-03-09,19.0,1.0
2013-03-10,12.0,1.0
2013-03-11,25.0,1.0
2013-03-12,21.0,1.0
2013-03-13,22.0,1.0
2013-03-14,23.0,1.0
2013-03-15,21.0,1.0
2013-03-16,18.0,1.0
2013-03-17,11.0,1.0
2013-03-18,23.0,1.0
2013-03-19,22.0,1.0
2013-03-20,21.0,1.0
2013-03-21,19.0,1.0
2013-03-22,20.0,1.0
2013-03-23,19.0,1.0
2013-03-24,11.0,1.0
2013-03-25,23.0,1.0
2013-03-26,21.0,1.0
2013-03-27,13.0,1.0
2013-03-28,28.0,1.0
2013-03-29,23.0,1.0
2013-03-30,24.0,1.0
2013-03-31,15.0,1.0
2013-04-01,28.0,1.0
2013-04-02,29.0,1.0
2013-04-03,27.0,1.0
2013-04-04,25.0,1.0
2013-04-05,24.0,1.0
2013-04-06,21.0,1.0
2013-04-07,12.0,1.0
2013-04-08,27.0,1.0
2013-04-09,23.0,1.0
2013-04-10,21.0,1.0
2013-04-11,17.0,1.0
2013-04-12,21.0,1.0
2013-04-13,20.0,1.0
2013-04-14,11.0,1.0
2013-04-15,23.0,1.0
2013-04-16,23.0,1.0
2013-04-17,22.0,1.0
2013-04-18,22.0,1.0
2013-04-19,17.0,1.0
2013-04-20,18.0,1.0
2013-04-21,10.0,1.0
2013-04-22,23.0,1.0
2013-04-23,22.0,1.0
2013-04-24,19.0,1.0
2013-04-25,21.0,1.0
2013-04-26,21.0,1.0
2013-04-27,19.0,1.0
2013-04-28,11.0,1.0
2013-04-29,22.0,1.0
2013-04-30,30.0,
2013-05-01,22.0,
2013-05-02,29.0,
2013-05-03,29.0,
2013-05-04,23.0,
2013-05-05,13.0,
2013-05-06,28.0,
2013-05-07,27.0,
2013-05-08,24.0,
2013-05-09,23.0,
2013-05-10,21.0,
2013-05-11,20.0,
2013-05-12,11.0,
2013-05-13,23.0,
2013-05-14,22.0,
2013-05-15,22.0,
2013-05-16,22.0,
2013-05-17,21.0,
2013-05-18,18.0,
2013-05-19,11.0,
2013-05-20,22.0,
2013-05-21,20.0,
2013-05-22,20.0,
2013-05-23,19.0,
2013-05-24,19.0,
2013-05-25,19.0,
2013-05-26,10.0,
2013-05-27,22.0,
2013-05-28,22.0,
2013-05-29,19.0,
2013-05-30,22.0,
2013-05-31,29.0,
2013-06-01,26.0,
2013-06-02,15.0,
2013-06-03,27.0,
2013-06-04,27.0,
2013-06-05,26.0,
2013-06-06,22.0,
2013-06-07,24.0,
2013-06-08,21.0,
2013-06-09,12.0,
2013-06-10,27.0,
2013-06-11,23.0,
2013-06-12,23.0,
2013-06-13,21.0,
2013-06-14,19.0,
2013-06-15,20.0,
2013-06-16,11.0,
2013-06-17,24.0,
2013-06-18,22.0,
2013-06-19,20.0,
2013-06-20,21.0,
2013-06-21,21.0,
2013-06-22,19.0,
2013-06-23,10.0,
2013-06-24,23.0,
2013-06-25,21.0,
2013-06-26,22.0,
2013-06-27,21.0,
2013-06-28,26.0,
2013-06-29,25.0,
2013-06-30,13.0,
2013-07-01,32.0,
2013-07-02,34.0,
2013-07-03,29.0,
2013-07-04,28.0,
2013-07-05,26.0,
2013-07-06,24.0,
2013-07-07,15.0,1.0
2013-07-08,30.0,1.0
2013-07-09,26.0,1.0
2013-07-10,24.0,1.0
2013-07-11,25.0,1.0
2013-07-12,24.0,1.0
2013-07-13,20.0,1.0
2013-07-14,12.0,1.0
2013-07-15,25.0,1.0
2013-07-16,23.0,1.0
2013-07-17,23.0,1.0
2013-07-18,23.0,1.0
2013-07-19,23.0,1.0
2013-07-20,21.0,1.0
2013-07-21,13.0,1.0
2013-07-22,26.0,1.0
2013-07-23,24.0,1.0
2013-07-24,24.0,1.0
2013-07-25,24.0,1.0
2013-07-26,24.0,1.0
2013-07-27,21.0,1.0
2013-07-28,14.0,1.0
2013-07-29,27.0,1.0
2013-07-30,27.0,1.0
2013-07-31,34.0,1.0
2013-08-01,32.0,1.0
2013-08-02,29.0,1.0
2013-08-03,26.0,1.0
2013-08-04,16.0,1.0
2013-08-05,35.0,1.0
2013-08-06,29.0,1.0
2013-08-07,29.0,1.0
2013-08-08,27.0,1.0
2013-08-09,18.0,1.0
2013-08-10,22.0,1.0
2013-08-11,13.0,1.0
2013-08-12,26.0,1.0
2013-08-13,24.0,1.0
2013-08-14,22.0,1.0
2013-08-15,12.0,1.0
2013-08-16,25.0,1.0
2013-08-17,20.0,1.0
2013-08-18,11.0,1.0
2013-08-19,25.0,1.0
2013-08-20,21.0,1.0
2013-08-21,22.0,1.0
2013-08-22,22.0,1.0
2013-08-23,24.0,1.0
2013-08-24,21.0,1.0
2013-08-25,12.0,1.0
2013-08-26,25.0,1.0
2013-08-27,23.0,1.0
2013-08-28,20.0,1.0
2013-08-29,23.0,1.0
2013-08-30,30.0,1.0
2013-08-31,26.0,1.0
2013-09-01,15.0,1.0
2013-09-02,32.0,1.0
2013-09-03,27.0,1.0
2013-09-04,27.0,1.0
2013-09-05,26.0,1.0
2013-09-06,26.0,1.0
2013-09-07,23.0,1.0
2013-09-08,11.0,1.0
2013-09-09,16.0,1.0
2013-09-10,26.0,1.0
2013-09-11,24.0,1.0
2013-09-12,23.0,1.0
2013-09-13,22.0,1.0
2013-09-14,19.0,1.0
2013-09-15,10.0,1.0
2013-09-16,22.0,1.0
2013-09-17,21.0,1.0
2013-09-18,19.0,1.0
2013-09-19,22.0,1.0
2013-09-20,22.0,1.0
2013-09-21,20.0,1.0
2013-09-22,12.0,1.0
2013-09-23,25.0,1.0
2013-09-24,22.0,1.0
2013-09-25,22.0,1.0
2013-09-26,22.0,1.0
2013-09-27,24.0,1.0
2013-09-28,22.0,1.0
2013-09-29,14.0,1.0
2013-09-30,32.0,1.0
2013-10-01,32.0,1.0
2013-10-02,17.0,1.0
2013-10-03,32.0,1.0
2013-10-04,28.0,1.0
2013-10-05,25.0,1.0
2013-10-06,14.0,1.0
2013-10-07,32.0,1.0
2013-10-08,26.0,1.0
2013-10-09,24.0,1.0
2013-10-10,25.0,1.0
2013-10-11,22.0,1.0
2013-10-12,19.0,1.0
2013-10-13,10.0,1.0
2013-10-14,20.0,1.0
2013-10-15,24.0,1.0
2013-10-16,19.0,
2013-10-17,23.0,
2013-10-18,23.0,
2013-10-19,21.0,
2013-10-20,13.0,
2013-10-21,25.0,
2013-10-22,23.0,
2013-10-23,21.0,
2013-10-24,23.0,
2013-10-25,23.0,
2013-10-26,20.0,
2013-10-27,11.0,
2013-10-28,26.0,
2013-10-29,23.0,
2013-10-30,25.0,
2013-10-31,33.0,
2013-11-01,30.0,
2013-11-02,18.0,
2013-11-03,10.0,
2013-11-04,22.0,
2013-11-05,24.0,
2013-11-06,25.0,
2013-11-07,25.0,
2013-11-08,23.0,
2013-11-09,21.0,
2013-11-10,12.0,
2013-11-11,26.0,
2013-11-12,23.0,
2013-11-13,22.0,
2013-11-14,21.0,
2013-11-15,20.0,
2013-11-16,19.0,
2013-11-17,11.0,
2013-11-18,24.0,
2013-11-19,22.0,
2013-11-20,22.0,
2013-11-21,22.0,
2013-11-22,21.0,
2013-11-23,19.0,
2013-11-24,11.0,
2013-11-25,23.0,
2013-11-26,23.0,
2013-11-27,21.0,
2013-11-28,23.0,
2013-11-29,29.0,
2013-11-30,26.0,
2013-12-01,14.0,
2013-12-02,32.0,
2013-12-03,27.0,
2013-12-04,25.0,
2013-12-05,26.0,
2013-12-06,26.0,
2013-12-07,24.0,
2013-12-08,11.0,
2013-12-09,28.0,
2013-12-10,24.0,
2013-12-11,24.0,
2013-12-12,23.0,
2013-12-13,24.0,
2013-12-14,19.0,
2013-12-15,11.0,
2013-12-16,25.0,
2013-12-17,24.0,
2013-12-18,21.0,
2013-12-19,23.0,
2013-12-20,24.0,
2013-12-21,21.0,
2013-12-22,12.0,
2013-12-23,29.0,1.0
2013-12-24,29.0,1.0
2013-12-25,19.0,1.0
2013-12-26,28.0,1.0
2013-12-27,26.0,1.0
2013-12-28,21.0,1.0
2013-12-29,12.0,1.0
2013-12-30,31.0,1.0
2013-12-31,39.0,1.0
2014-01-01,28.0,1.0
2014-01-02,35.0,1.0
2014-01-03,31.0,1.0
2014-01-04,27.0,1.0
2014-01-05,15.0,1.0
2014-01-06,32.0,1.0
2014-01-07,28.0,1.0
2014-01-08,28.0,1.0
2014-01-09,26.0,1.0
2014-01-10,23.0,1.0
2014-01-11,19.0,1.0
2014-01-12,12.0,1.0
2014-01-13,24.0,1.0
2014-01-14,17.0,1.0
2014-01-15,21.0,1.0
2014-01-16,23.0,1.0
2014-01-17,23.0,1.0
2014-01-18,21.0,1.0
2014-01-19,12.0,1.0
2014-01-20,24.0,1.0
2014-01-21,24.0,1.0
2014-01-22,22.0,1.0
2014-01-23,23.0,1.0
2014-01-24,23.0,1.0
2014-01-25,19.0,1.0
2014-01-26,11.0,1.0
2014-01-27,24.0,1.0
2014-01-28,22.0,1.0
2014-01-29,22.0,1.0
2014-01-30,24.0,1.0
2014-01-31,33.0,1.0
2014-02-01,26.0,1.0
2014-02-02,14.0,1.0
2014-02-03,35.0,1.0
2014-02-04,30.0,1.0
2014-02-05,28.0,1.0
2014-02-06,13.0,1.0
2014-02-07,25.0,1.0
2014-02-08,22.0,1.0
2014-02-09,12.0,1.0
2014-02-10,26.0,1.0
2014-02-11,22.0,1.0
2014-02-12,23.0,1.0
2014-02-13,23.0,1.0
2014-02-14,22.0,1.0
2014-02-15,19.0,1.0
2014-02-16,12.0,1.0
2014-02-17,25.0,1.0
2014-02-18,23.0,1.0
2014-02-19,21.0,1.0
2014-02-20,21.0,1.0
2014-02-21,23.0,1.0
2014-02-22,20.0,1.0
2014-02-23,12.0,1.0
2014-02-24,24.0,1.0
2014-02-25,25.0,1.0
2014-02-26,22.0,1.0
2014-02-27,20.0,1.0
2014-02-28,33.0,1.0
2014-03-01,28.0,1.0
2014-03-02,15.0,1.0
2014-03-03,34.0,1.0
2014-03-04,30.0,1.0
2014-03-05,29.0,1.0
2014-03-06,28.0,1.0
2014-03-07,27.0,1.0
2014-03-08,25.0,1.0
2014-03-09,14.0,1.0
2014-03-10,30.0,1.0
2014-03-11,25.0,1.0
2014-03-12,23.0,1.0
2014-03-13,25.0,1.0
2014-03-14,25.0,1.0
2014-03-15,21.0,1.0
2014-03-16,11.0,1.0
2014-03-17,14.0,1.0
2014-03-18,23.0,1.0
2014-03-19,23.0,1.0
2014-03-20,23.0,1.0
2014-03-21,23.0,1.0
2014-03-22,21.0,1.0
2014-03-23,12.0,1.0
2014-03-24,25.0,1.0
2014-03-25,24.0,1.0
2014-03-26,24.0,1.0
2014-03-27,23.0,1.0
2014-03-28,29.0,1.0
2014-03-29,28.0,1.0
2014-03-30,15.0,1.0
2014-03-31,25.0,1.0
2014-04-01,30.0,1.0
2014-04-02,33.0,1.0
2014-04-03,31.0,
2014-04-04,29.0,
2014-04-05,27.0,
2014-04-06,13.0,
2014-04-07,29.0,
2014-04-08,25.0,
2014-04-09,25.0,
2014-04-10,24.0,
2014-04-11,25.0,
2014-04-12,22.0,
2014-04-13,11.0,
2014-04-14,21.0,
2014-04-15,24.0,
2014-04-16,26.0,
2014-04-17,23.0,
2014-04-18,21.0,
2014-04-19,21.0,
2014-04-20,12.0,
2014-04-21,32.0,
2014-04-22,24.0,
2014-04-23,23.0,
2014-04-24,19.0,
2014-04-25,24.0,
2014-04-26,21.0,
2014-04-27,11.0,
2014-04-28,25.0,
2014-04-29,24.0,
2014-04-30,30.0,
2014-05-01,25.0,
2014-05-02,30.0,
2014-05-03,26.0,
2014-05-04,15.0,
2014-05-05,36.0,
2014-05-06,29.0,
2014-05-07,29.0,
2014-05-08,25.0,
2014-05-09,26.0,
2014-05-10,23.0,
2014-05-11,12.0,
2014-05-12,27.0,
2014-05-13,25.0,
2014-05-14,23.0,
2014-05-15,25.0,
2014-05-16,21.0,
2014-05-17,23.0,
2014-05-18,13.0,
2014-05-19,27.0,
2014-05-20,26.0,
2014-05-21,23.0,
2014-05-22,26.0,
2014-05-23,27.0,
2014-05-24,23.0,
2014-05-25,13.0,
2014-05-26,29.0,
2014-05-27,24.0,
2014-05-28,25.0,
2014-05-29,25.0,
2014-05-30,35.0,
2014-05-31,29.0,
2014-06-01,16.0,
2014-06-02,35.0,
2014-06-03,32.0,
2014-06-04,32.0,
2014-06-05,33.0,
2014-06-06,31.0,
2014-06-07,29.0,
2014-06-08,15.0,
2014-06-09,33.0,
2014-06-10,28.0,1.0
2014-06-11,29.0,1.0
2014-06-12,27.0,1.0
2014-06-13,26.0,1.0
2014-06-14,23.0,1.0
2014-06-15,14.0,1.0
2014-06-16,29.0,1.0
2014-06-17,28.0,1.0
2014-06-18,27.0,1.0
2014-06-19,26.0,1.0
2014-06-20,26.0,1.0
2014-06-21,28.0,1.0
2014-06-22,15.0,1.0
2014-06-23,30.0,1.0
2014-06-24,28.0,1.0
2014-06-25,27.0,1.0
2014-06-26,26.0,1.0
2014-06-27,29.0,1.0
2014-06-28,27.0,1.0
2014-06-29,16.0,1.0
2014-06-30,40.0,1.0
2014-07-01,41.0,1.0
2014-07-02,35.0,1.0
2014-07-03,37.0,1.0
2014-07-04,36.0,1.0
2014-07-05,32.0,1.0
2014-07-06,18.0,1.0
2014-07-07,37.0,1.0
2014-07-08,34.0,1.0
2014-07-09,30.0,1.0
2014-07-10,30.0,1.0
2014-07-11,29.0,1.0
2014-07-12,25.0,1.0
2014-07-13,16.0,1.0
2014-07-14,30.0,1.0
2014-07-15,30.0,1.0
2014-07-16,28.0,1.0
2014-07-17,29.0,1.0
2014-07-18,27.0,1.0
2014-07-19,26.0,1.0
2014-07-20,16.0,1.0
2014-07-21,31.0,1.0
2014-07-22,29.0,1.0
2014-07-23,30.0,1.0
2014-07-24,29.0,1.0
2014-07-25,29.0,1.0
2014-07-26,27.0,1.0
2014-07-27,17.0,1.0
2014-07-28,32.0,1.0
2014-07-29,22.0,1.0
2014-07-30,36.0,1.0
2014-07-31,45.0,1.0
2014-08-01,41.0,1.0
2014-08-02,32.0,1.0
2014-08-03,18.0,1.0
2014-08-04,40.0,1.0
2014-08-05,37.0,1.0
2014-08-06,36.0,1.0
2014-08-07,36.0,1.0
2014-08-08,30.0,1.0
2014-08-09,28.0,1.0
2014-08-10,15.0,1.0
2014-08-11,34.0,1.0
2014-08-12,31.0,1.0
2014-08-13,32.0,1.0
2014-08-14,29.0,1.0
2014-08-15,15.0,1.0
2014-08-16,25.0,1.0
2014-08-17,15.0,1.0
2014-08-18,30.0,1.0
2014-08-19,31.0,1.0
2014-08-20,29.0,1.0
2014-08-21,29.0,1.0
2014-08-22,29.0,1.0
2014-08-23,28.0,1.0
2014-08-24,15.0,1.0
2014-08-25,32.0,1.0
2014-08-26,31.0,1.0
2014-08-27,29.0,1.0
2014-08-28,35.0,1.0
2014-08-29,23.0,1.0
2014-08-30,30.0,1.0
2014-08-31,18.0,1.0
2014-09-01,41.0,1.0
2014-09-02,36.0,1.0
2014-09-03,35.0,1.0
2014-09-04,35.0,1.0
2014-09-05,33.0,1.0
2014-09-06,31.0,1.0
2014-09-07,17.0,1.0
2014-09-08,33.0,1.0
2014-09-09,32.0,1.0
2014-09-10,32.0,1.0
2014-09-11,30.0,1.0
2014-09-12,29.0,1.0
2014-09-13,26.0,1.0
2014-09-14,16.0,1.0
2014-09-15,32.0,1.0
2014-09-16,29.0,1.0
2014-09-17,28.0,1.0
2014-09-18,27.0,1.0
2014-09-19,28.0,
2014-09-20,26.0,
2014-09-21,15.0,
2014-09-22,32.0,
2014-09-23,29.0,
2014-09-24,28.0,
2014-09-25,28.0,
2014-09-26,28.0,
2014-09-27,28.0,
2014-09-28,15.0,
2014-09-29,35.0,
2014-09-30,42.0,
2014-10-01,39.0,
2014-10-02,19.0,
2014-10-03,19.0,
2014-10-04,32.0,
2014-10-05,18.0,
2014-10-06,35.0,
2014-10-07,40.0,
2014-10-08,35.0,
2014-10-09,36.0,
2014-10-10,35.0,
2014-10-11,29.0,
2014-10-12,17.0,
2014-10-13,35.0,
2014-10-14,31.0,
2014-10-15,27.0,
2014-10-16,29.0,
2014-10-17,29.0,
2014-10-18,28.0,
2014-10-19,15.0,
2014-10-20,34.0,
2014-10-21,31.0,
2014-10-22,22.0,
2014-10-23,14.0,
2014-10-24,20.0,
2014-10-25,23.0,
2014-10-26,14.0,
2014-10-27,32.0,
2014-10-28,28.0,
2014-10-29,27.0,
2014-10-30,30.0,
2014-10-31,41.0,
2014-11-01,36.0,
2014-11-02,20.0,
2014-11-03,42.0,
2014-11-04,35.0,
2014-11-05,39.0,
2014-11-06,29.0,
2014-11-07,36.0,
2014-11-08,31.0,
2014-11-09,17.0,
2014-11-10,34.0,
2014-11-11,31.0,
2014-11-12,30.0,
2014-11-13,29.0,
2014-11-14,30.0,
2014-11-15,27.0,
2014-11-16,15.0,
2014-11-17,32.0,
2014-11-18,30.0,
2014-11-19,29.0,
2014-11-20,28.0,
2014-11-21,28.0,
2014-11-22,26.0,
2014-11-23,15.0,
2014-11-24,31.0,
2014-11-25,30.0,
2014-11-26,30.0,1.0
2014-11-27,29.0,1.0
2014-11-28,38.0,1.0
2014-11-29,33.0,1.0
2014-11-30,18.0,1.0
2014-12-01,41.0,1.0
2014-12-02,35.0,1.0
2014-12-03,35.0,1.0
2014-12-04,35.0,1.0
2014-12-05,34.0,1.0
2014-12-06,31.0,1.0
2014-12-07,17.0,1.0
2014-12-08,38.0,1.0
2014-12-09,34.0,1.0
2014-12-10,33.0,1.0
2014-12-11,32.0,1.0
2014-12-12,30.0,1.0
2014-12-13,27.0,1.0
2014-12-14,16.0,1.0
2014-12-15,35.0,1.0
2014-12-16,31.0,1.0
2014-12-17,31.0,1.0
2014-12-18,32.0,1.0
2014-12-19,30.0,1.0
2014-12-20,25.0,1.0
2014-12-21,17.0,1.0
2014-12-22,36.0,1.0
2014-12-23,33.0,1.0
2014-12-24,35.0,1.0
2014-12-25,24.0,1.0
2014-12-26,35.0,1.0
2014-12-27,27.0,1.0
2014-12-28,16.0,1.0
2014-12-29,37.0,1.0
2014-12-30,38.0,1.0
2014-12-31,46.0,1.0
2015-01-01,34.0,1.0
2015-01-02,46.0,1.0
2015-01-03,36.0,1.0
2015-01-04,20.0,1.0
2015-01-05,44.0,1.0
2015-01-06,39.0,1.0
2015-01-07,38.0,1.0
2015-01-08,34.0,1.0
2015-01-09,33.0,1.0
2015-01-10,27.0,1.0
2015-01-11,17.0,1.0
2015-01-12,34.0,1.0
2015-01-13,36.0,1.0
2015-01-14,31.0,1.0
2015-01-15,26.0,1.0
2015-01-16,30.0,1.0
2015-01-17,27.0,1.0
2015-01-18,16.0,1.0
2015-01-19,37.0,1.0
2015-01-20,34.0,1.0
2015-01-21,32.0,1.0
2015-01-22,31.0,1.0
2015-01-23,31.0,1.0
2015-01-24,26.0,1.0
2015-01-25,15.0,1.0
2015-01-26,14.0,1.0
2015-01-27,33.0,1.0
2015-01-28,32.0,1.0
2015-01-29,32.0,1.0
2015-01-30,39.0,1.0
2015-01-31,35.0,1.0
2015-02-01,21.0,1.0
2015-02-02,43.0,1.0
2015-02-03,39.0,1.0
2015-02-04,38.0,1.0
2015-02-05,37.0,1.0
2015-02-06,35.0,1.0
2015-02-07,31.0,1.0
2015-02-08,17.0,1.0
2015-02-09,37.0,1.0
2015-02-10,33.0,1.0
2015-02-11,33.0,1.0
2015-02-12,33.0,1.0
2015-02-13,32.0,1.0
2015-02-14,27.0,1.0
2015-02-15,15.0,1.0
2015-02-16,34.0,1.0
2015-02-17,27.0,1.0
2015-02-18,31.0,1.0
2015-02-19,31.0,1.0
2015-02-20,30.0,1.0
2015-02-21,26.0,1.0
2015-02-22,14.0,1.0
2015-02-23,32.0,1.0
2015-02-24,30.0,1.0
2015-02-25,29.0,1.0
2015-02-26,30.0,1.0
2015-02-27,41.0,1.0
2015-02-28,37.0,1.0
2015-03-01,22.0,1.0
2015-03-02,45.0,1.0
2015-03-03,40.0,1.0
2015-03-04,39.0,1.0
2015-03-05,35.0,1.0
2015-03-06,22.0,1.0
2015-03-07,33.0,
2015-03-08,19.0,
2015-03-09,41.0,
2015-03-10,34.0,
2015-03-11,34.0,
2015-03-12,32.0,
2015-03-13,34.0,
2015-03-14,29.0,
2015-03-15,16.0,
2015-03-16,36.0,
2015-03-17,34.0,
2015-03-18,31.0,
2015-03-19,28.0,
2015-03-20,32.0,
2015-03-21,23.0,
2015-03-22,15.0,
2015-03-23,35.0,
2015-03-24,30.0,
2015-03-25,41.0,
2015-03-26,27.0,
2015-03-27,32.0,
2015-03-28,30.0,
2015-03-29,16.0,
2015-03-30,39.0,
2015-03-31,46.0,
2015-04-01,44.0,
2015-04-02,38.0,
2015-04-03,31.0,
2015-04-04,37.0,
2015-04-05,22.0,
2015-04-06,48.0,
2015-04-07,41.0,
2015-04-08,37.0,
2015-04-09,36.0,
2015-04-10,35.0,
2015-04-11,30.0,
2015-04-12,17.0,
2015-04-13,35.0,
2015-04-14,25.0,
2015-04-15,33.0,
2015-04-16,31.0,
2015-04-17,32.0,
2015-04-18,27.0,
2015-04-19,15.0,
2015-04-20,35.0,
2015-04-21,32.0,
2015-04-22,30.0,
2015-04-23,29.0,
2015-04-24,30.0,
2015-04-25,26.0,
2015-04-26,15.0,
2015-04-27,35.0,
2015-04-28,33.0,
2015-04-29,32.0,
2015-04-30,46.0,
2015-05-01,30.0,
2015-05-02,36.0,
2015-05-03,20.0,
2015-05-04,44.0,
2015-05-05,41.0,
2015-05-06,38.0,
2015-05-07,37.0,
2015-05-08,38.0,
2015-05-09,33.0,
2015-05-10,18.0,
2015-05-11,36.0,
2015-05-12,34.0,
2015-05-13,32.0,
2015-05-14,33.0,1.0
2015-05-15,32.0,1.0
2015-05-16,29.0,1.0
2015-05-17,17.0,1.0
2015-05-18,33.0,1.0
2015-05-19,31.0,1.0
2015-05-20,31.0,1.0
2015-05-21,31.0,1.0
2015-05-22,30.0,1.0
2015-05-23,29.0,1.0
2015-05-24,16.0,1.0
2015-05-25,36.0,1.0
2015-05-26,32.0,1.0
2015-05-27,30.0,1.0
2015-05-28,30.0,1.0
2015-05-29,38.0,1.0
2015-05-30,36.0,1.0
2015-05-31,19.0,1.0
2015-06-01,43.0,1.0
2015-06-02,39.0,1.0
2015-06-03,39.0,1.0
2015-06-04,39.0,1.0
2015-06-05,40.0,1.0
2015-06-06,34.0,1.0
2015-06-07,20.0,1.0
2015-06-08,41.0,1.0
2015-06-09,37.0,1.0
2015-06-10,35.0,1.0
2015-06-11,33.0,1.0
2015-06-12,31.0,1.0
2015-06-13,28.0,1.0
2015-06-14,16.0,1.0
2015-06-15,35.0,1.0
2015-06-16,33.0,1.0
2015-06-17,33.0,1.0
2015-06-18,33.0,1.0
2015-06-19,31.0,1.0
2015-06-20,29.0,1.0
2015-06-21,17.0,1.0
2015-06-22,36.0,1.0
2015-06-23,33.0,1.0
2015-06-24,32.0,1.0
2015-06-25,32.0,1.0
2015-06-26,33.0,1.0
2015-06-27,32.0,1.0
2015-06-28,18.0,1.0
2015-06-29,39.0,1.0
2015-06-30,48.0,1.0
2015-07-01,47.0,1.0
2015-07-02,44.0,1.0
2015-07-03,41.0,1.0
2015-07-04,39.0,1.0
2015-07-05,22.0,1.0
2015-07-06,45.0,1.0
2015-07-07,42.0,1.0
2015-07-08,40.0,1.0
2015-07-09,38.0,1.0
2015-07-10,37.0,1.0
2015-07-11,33.0,1.0
2015-07-12,20.0,1.0
2015-07-13,39.0,1.0
2015-07-14,34.0,1.0
2015-07-15,35.0,1.0
2015-07-16,35.0,1.0
2015-07-17,35.0,1.0
2015-07-18,26.0,1.0
2015-07-19,18.0,1.0
2015-07-20,41.0,1.0
2015-07-21,36.0,1.0
2015-07-22,35.0,1.0
2015-07-23,34.0,1.0
2015-07-24,35.0,1.0
2015-07-25,30.0,1.0
2015-07-26,18.0,1.0
2015-07-27,36.0,1.0
2015-07-28,35.0,1.0
2015-07-29,37.0,1.0
2015-07-30,35.0,1.0
2015-07-31,50.0,1.0
2015-08-01,44.0,1.0
2015-08-02,23.0,1.0
2015-08-03,55.0,1.0
2015-08-04,44.0,1.0
2015-08-05,42.0,1.0
2015-08-06,41.0,1.0
2015-08-07,41.0,1.0
2015-08-08,37.0,1.0
2015-08-09,21.0,1.0
2015-08-10,49.0,1.0
2015-08-11,41.0,1.0
2015-08-12,38.0,1.0
2015-08-13,37.0,1.0
2015-08-14,36.0,1.0
2015-08-15,20.0,1.0
2015-08-16,18.0,1.0
2015-08-17,41.0,1.0
2015-08-18,35.0,1.0
2015-08-19,36.0,1.0
2015-08-20,37.0,1.0
2015-08-21,37.0,1.0
2015-08-22,33.0,1.0
2015-08-23,21.0,
2015-08-24,44.0,
2015-08-25,42.0,
2015-08-26,39.0,
2015-08-27,37.0,
2015-08-28,38.0,
2015-08-29,29.0,
2015-08-30,23.0,
2015-08-31,56.0,
2015-09-01,49.0,
2015-09-02,42.0,
2015-09-03,45.0,
2015-09-04,43.0,
2015-09-05,36.0,
2015-09-06,21.0,
2015-09-07,51.0,
2015-09-08,45.0,
2015-09-09,39.0,
2015-09-10,40.0,
2015-09-11,38.0,
2015-09-12,28.0,
2015-09-13,18.0,
2015-09-14,41.0,
2015-09-15,39.0,
2015-09-16,35.0,
2015-09-17,25.0,
2015-09-18,38.0,
2015-09-19,34.0,
2015-09-20,19.0,
2015-09-21,37.0,
2015-09-22,37.0,
2015-09-23,36.0,
2015-09-24,34.0,
2015-09-25,28.0,
2015-09-26,27.0,
2015-09-27,19.0,
2015-09-28,40.0,
2015-09-29,40.0,
2015-09-30,51.0,
2015-10-01,51.0,
2015-10-02,30.0,
2015-10-03,43.0,
2015-10-04,25.0,
2015-10-05,53.0,
2015-10-06,48.0,
2015-10-07,48.0,
2015-10-08,44.0,
2015-10-09,40.0,
2015-10-10,33.0,
2015-10-11,21.0,
2015-10-12,45.0,
2015-10-13,39.0,
2015-10-14,37.0,
2015-10-15,40.0,
2015-10-16,37.0,
2015-10-17,35.0,
2015-10-18,19.0,
2015-10-19,38.0,
2015-10-20,35.0,
2015-10-21,31.0,
2015-10-22,18.0,
2015-10-23,34.0,
2015-10-24,27.0,
2015-10-25,16.0,
2015-10-26,39.0,
2015-10-27,37.0,
2015-10-28,36.0,
2015-10-29,36.0,
2015-10-30,50.0,1.0
2015-10-31,49.0,1.0
2015-11-01,26.0,1.0
2015-11-02,60.0,1.0
2015-11-03,49.0,1.0
2015-11-04,47.0,1.0
2015-11-05,44.0,1.0
2015-11-06,48.0,1.0
2015-11-07,41.0,1.0
2015-11-08,22.0,1.0
2015-11-09,42.0,1.0
2015-11-10,33.0,1.0
2015-11-11,19.0,1.0
2015-11-12,27.0,1.0
2015-11-13,31.0,1.0
2015-11-14,28.0,1.0
2015-11-15,18.0,1.0
2015-11-16,38.0,1.0
2015-11-17,37.0,1.0
2015-11-18,35.0,1.0
2015-11-19,34.0,1.0
2015-11-20,36.0,1.0
2015-11-21,33.0,1.0
2015-11-22,19.0,1.0
2015-11-23,38.0,1.0
2015-11-24,37.0,1.0
2015-11-25,31.0,1.0
2015-11-26,35.0,1.0
2015-11-27,40.0,1.0
2015-11-28,32.0,1.0
2015-11-29,20.0,1.0
2015-11-30,56.0,1.0
2015-12-01,48.0,1.0
2015-12-02,41.0,1.0
2015-12-03,39.0,1.0
2015-12-04,41.0,1.0
2015-12-05,40.0,1.0
2015-12-06,23.0,1.0
2015-12-07,43.0,1.0
2015-12-08,43.0,1.0
2015-12-09,40.0,1.0
2015-12-10,41.0,1.0
2015-12-11,39.0,1.0
2015-12-12,30.0,1.0
2015-12-13,19.0,1.0
2015-12-14,41.0,1.0
2015-12-15,41.0,1.0
2015-12-16,37.0,1.0
2015-12-17,37.0,1.0
2015-12-18,37.0,1.0
2015-12-19,35.0,1.0
2015-12-20,20.0,1.0
2015-12-21,43.0,1.0
2015-12-22,41.0,1.0
2015-12-23,43.0,1.0
2015-12-24,40.0,1.0
2015-12-25,24.0,1.0
2015-12-26,24.0,1.0
2015-12-27,19.0,1.0
2015-12-28,45.0,1.0
2015-12-29,45.0,1.0
2015-12-30,46.0,1.0
2015-12-31,57.0,1.0
2016-01-01,37.0,1.0
2016-01-02,38.0,1.0
2016-01-03,21.0,1.0
2016-01-04,50.0,1.0
2016-01-05,45.0,1.0
2016-01-06,49.0,1.0
2016-01-07,47.0,1.0
2016-01-08,42.0,1.0
2016-01-09,29.0,1.0
2016-01-10,17.0,1.0
2016-01-11,39.0,1.0
2016-01-12,36.0,1.0
2016-01-13,35.0,1.0
2016-01-14,30.0,1.0
2016-01-15,24.0,1.0
2016-01-16,27.0,1.0
2016-01-17,15.0,1.0
2016-01-18,36.0,1.0
2016-01-19,35.0,1.0
2016-01-20,34.0,1.0
2016-01-21,32.0,1.0
2016-01-22,33.0,1.0
2016-01-23,25.0,1.0
2016-01-24,15.0,1.0
2016-01-25,34.0,1.0
2016-01-26,15.0,1.0
2016-01-27,36.0,1.0
2016-01-28,35.0,1.0
2016-01-29,43.0,1.0
2016-01-30,40.0,1.0
2016-01-31,21.0,1.0
2016-02-01,47.0,1.0
2016-02-02,41.0,1.0
2016-02-03,40.0,1.0
2016-02-04,37.0,1.0
2016-02-05,39.0,1.0
2016-02-06,36.0,1.0
2016-02-07,20.0,1.0
2016-02-08,40.0,
2016-02-09,36.0,
2016-02-10,35.0,
2016-02-11,34.0,
2016-02-12,32.0,
2016-02-13,24.0,
2016-02-14,15.0,
2016-02-15,38.0,
2016-02-16,35.0,
2016-02-17,32.0,
2016-02-18,31.0,
2016-02-19,30.0,
2016-02-20,29.0,
2016-02-21,18.0,
2016-02-22,33.0,
2016-02-23,32.0,
2016-02-24,31.0,
2016-02-25,31.0,
2016-02-26,34.0,
2016-02-27,27.0,
2016-02-28,15.0,
2016-02-29,46.0,
2016-03-01,46.0,
2016-03-02,42.0,
2016-03-03,41.0,
2016-03-04,42.0,
2016-03-05,36.0,
2016-03-06,18.0,
2016-03-07,34.0,
2016-03-08,39.0,
2016-03-09,40.0,
2016-03-10,35.0,
2016-03-11,35.0,
2016-03-12,26.0,
2016-03-13,16.0,
2016-03-14,39.0,
2016-03-15,31.0,
2016-03-16,33.0,
2016-03-17,34.0,
2016-03-18,32.0,
2016-03-19,30.0,
2016-03-20,14.0,
2016-03-21,37.0,
2016-03-22,34.0,
2016-03-23,28.0,
2016-03-24,20.0,
2016-03-25,24.0,
2016-03-26,22.0,
2016-03-27,14.0,
2016-03-28,37.0,
2016-03-29,36.0,
2016-03-30,39.0,
2016-03-31,50.0,
2016-04-01,48.0,
2016-04-02,44.0,
2016-04-03,22.0,
2016-04-04,48.0,
2016-04-05,40.0,
2016-04-06,39.0,
2016-04-07,40.0,
2016-04-08,29.0,
2016-04-09,26.0,
2016-04-10,16.0,
2016-04-11,42.0,
2016-04-12,37.0,
2016-04-13,36.0,
2016-04-14,25.0,
2016-04-15,27.0,
2016-04-16,30.0,1.0
2016-04-17,15.0,1.0
2016-04-18,36.0,1.0
2016-04-19,30.0,1.0
2016-04-20,33.0,1.0
2016-04-21,35.0,1.0
2016-04-22,33.0,1.0
2016-04-23,24.0,1.0
2016-04-24,15.0,1.0
2016-04-25,35.0,1.0
2016-04-26,33.0,1.0
2016-04-27,31.0,1.0
2016-04-28,33.0,1.0
2016-04-29,42.0,1.0
2016-04-30,39.0,1.0
2016-05-01,21.0,1.0
2016-05-02,50.0,1.0
2016-05-03,42.0,1.0
2016-05-04,42.0,1.0
2016-05-05,42.0,1.0
2016-05-06,40.0,1.0
2016-05-07,39.0,1.0
2016-05-08,19.0,1.0
2016-05-09,40.0,1.0
2016-05-10,38.0,1.0
2016-05-11,37.0,1.0
2016-05-12,35.0,1.0
2016-05-13,34.0,1.0
2016-05-14,25.0,1.0
2016-05-15,16.0,1.0
2016-05-16,32.0,1.0
2016-05-17,33.0,1.0
2016-05-18,33.0,1.0
2016-05-19,32.0,1.0
2016-05-20,34.0,1.0
2016-05-21,27.0,1.0
2016-05-22,15.0,1.0
2016-05-23,34.0,1.0
2016-05-24,33.0,1.0
2016-05-25,33.0,1.0
2016-05-26,34.0,1.0
2016-05-27,35.0,1.0
2016-05-28,26.0,1.0
2016-05-29,16.0,1.0
2016-05-30,40.0,1.0
2016-05-31,52.0,1.0
2016-06-01,50.0,1.0
2016-06-02,44.0,1.0
2016-06-03,44.0,1.0
2016-06-04,39.0,1.0
2016-06-05,21.0,1.0
2016-06-06,46.0,1.0
2016-06-07,42.0,1.0
2016-06-08,40.0,1.0
2016-06-09,39.0,1.0
2016-06-10,37.0,1.0
2016-06-11,26.0,1.0
2016-06-12,16.0,1.0
2016-06-13,38.0,1.0
2016-06-14,38.0,1.0
2016-06-15,36.0,1.0
2016-06-16,34.0,1.0
2016-06-17,35.0,1.0
2016-06-18,31.0,1.0
2016-06-19,18.0,1.0
2016-06-20,36.0,1.0
2016-06-21,35.0,1.0
2016-06-22,35.0,1.0
2016-06-23,35.0,1.0
2016-06-24,36.0,1.0
2016-06-25,27.0,1.0
2016-06-26,18.0,1.0
2016-06-27,38.0,1.0
2016-06-28,37.0,1.0
2016-06-29,38.0,1.0
2016-06-30,52.0,1.0
2016-07-01,55.0,1.0
2016-07-02,44.0,1.0
2016-07-03,24.0,1.0
2016-07-04,52.0,1.0
2016-07-05,51.0,1.0
2016-07-06,36.0,1.0
2016-07-07,39.0,1.0
2016-07-08,45.0,1.0
2016-07-09,31.0,1.0
2016-07-10,19.0,1.0
2016-07-11,47.0,1.0
2016-07-12,40.0,1.0
2016-07-13,40.0,1.0
2016-07-14,36.0,1.0
2016-07-15,39.0,1.0
2016-07-16,35.0,1.0
2016-07-17,21.0,1.0
2016-07-18,40.0,1.0
2016-07-19,39.0,1.0
2016-07-20,41.0,1.0
2016-07-21,39.0,1.0
2016-07-22,36.0,1.0
2016-07-23,28.0,1.0
2016-07-24,19.0,1.0
2016-07-25,41.0,1.0
2016-07-26,39.0,
2016-07-27,39.0,
2016-07-28,41.0,
2016-07-29,51.0,
2016-07-30,42.0,
2016-07-31,24.0,
2016-08-01,52.0,
2016-08-02,48.0,
2016-08-03,45.0,
2016-08-04,44.0,
2016-08-05,49.0,
2016-08-06,40.0,
2016-08-07,21.0,
2016-08-08,45.0,
2016-08-09,40.0,
2016-08-10,40.0,
2016-08-11,38.0,
2016-08-12,39.0,
2016-08-13,26.0,
2016-08-14,17.0,
2016-08-15,17.0,
2016-08-16,40.0,
2016-08-17,40.0,
2016-08-18,32.0,
2016-08-19,37.0,
2016-08-20,34.0,
2016-08-21,17.0,
2016-08-22,40.0,
2016-08-23,39.0,
2016-08-24,36.0,
2016-08-25,30.0,
2016-08-26,39.0,
2016-08-27,29.0,
2016-08-28,16.0,
2016-08-29,39.0,
2016-08-30,42.0,
2016-08-31,51.0,
2016-09-01,54.0,
2016-09-02,48.0,
2016-09-03,47.0,
2016-09-04,23.0,
2016-09-05,30.0,
2016-09-06,51.0,
2016-09-07,47.0,
2016-09-08,37.0,
2016-09-09,35.0,
2016-09-10,29.0,
2016-09-11,19.0,
2016-09-12,39.0,
2016-09-13,31.0,
2016-09-14,39.0,
2016-09-15,37.0,
2016-09-16,39.0,
2016-09-17,34.0,
2016-09-18,20.0,
2016-09-19,43.0,
2016-09-20,39.0,
2016-09-21,37.0,
2016-09-22,35.0,
2016-09-23,38.0,
2016-09-24,29.0,
2016-09-25,18.0,
2016-09-26,42.0,
2016-09-27,37.0,
2016-09-28,38.0,
2016-09-29,40.0,
2016-09-30,53.0,
2016-10-01,48.0,
2016-10-02,26.0,1.0
2016-10-03,55.0,1.0
2016-10-04,50.0,1.0
2016-10-05,47.0,1.0
2016-10-06,46.0,1.0
2016-10-07,47.0,1.0
2016-10-08,33.0,1.0
2016-10-09,19.0,1.0
2016-10-10,32.0,1.0
2016-10-11,20.0,1.0
2016-10-12,33.0,1.0
2016-10-13,43.0,1.0
2016-10-14,40.0,1.0
2016-10-15,37.0,1.0
2016-10-16,20.0,1.0
2016-10-17,43.0,1.0
2016-10-18,40.0,1.0
2016-10-19,38.0,1.0
2016-10-20,40.0,1.0
2016-10-21,39.0,1.0
2016-10-22,31.0,1.0
2016-10-23,18.0,1.0
2016-10-24,42.0,1.0
2016-10-25,44.0,1.0
2016-10-26,41.0,1.0
2016-10-27,41.0,1.0
2016-10-28,48.0,1.0
2016-10-29,31.0,1.0
2016-10-30,15.0,1.0
2016-10-31,30.0,1.0
2016-11-01,39.0,1.0
2016-11-02,46.0,1.0
2016-11-03,42.0,1.0
2016-11-04,42.0,1.0
2016-11-05,42.0,1.0
2016-11-06,20.0,1.0
2016-11-07,44.0,1.0
2016-11-08,41.0,1.0
2016-11-09,31.0,1.0
2016-11-10,44.0,1.0
2016-11-11,46.0,1.0
2016-11-12,42.0,1.0
2016-11-13,27.0,1.0
2016-11-14,40.0,1.0
2016-11-15,46.0,1.0
2016-11-16,48.0,1.0
2016-11-17,47.0,1.0
2016-11-18,47.0,1.0
2016-11-19,42.0,1.0
2016-11-20,22.0,1.0
2016-11-21,47.0,1.0
2016-11-22,52.0,1.0
2016-11-23,47.0,1.0
2016-11-24,44.0,1.0
2016-11-25,43.0,1.0
2016-11-26,34.0,1.0
2016-11-27,21.0,1.0
2016-11-28,50.0,1.0
2016-11-29,49.0,1.0
2016-11-30,60.0,1.0
2016-12-01,65.0,1.0
2016-12-02,62.0,1.0
2016-12-03,54.0,1.0
2016-12-04,29.0,1.0
2016-12-05,55.0,1.0
2016-12-06,52.0,1.0
2016-12-07,59.0,1.0
2016-12-08,54.0,1.0
2016-12-09,53.0,1.0
2016-12-10,36.0,1.0
2016-12-11,25.0,1.0
2016-12-12,40.0,1.0
2016-12-13,46.0,1.0
2016-12-14,51.0,1.0
2016-12-15,53.0,1.0
2016-12-16,52.0,1.0
2016-12-17,49.0,1.0
2016-12-18,26.0,1.0
2016-12-19,53.0,1.0
2016-12-20,51.0,1.0
2016-12-21,51.0,1.0
2016-12-22,52.0,1.0
2016-12-23,47.0,1.0
2016-12-24,37.0,1.0
2016-12-25,22.0,1.0
2016-12-26,57.0,1.0
2016-12-27,52.0,1.0
2016-12-28,51.0,1.0
2016-12-29,51.0,1.0
2016-12-30,60.0,1.0
2016-12-31,47.0,1.0
2017-01-01,26.0,1.0
2017-01-02,73.0,1.0
2017-01-03,64.0,1.0
2017-01-04,60.0,1.0
2017-01-05,59.0,1.0
2017-01-06,53.0,1.0
2017-01-07,48.0,1.0
2017-01-08,26.0,1.0
2017-01-09,53.0,1.0
2017-01-10,50.0,1.0
2017-01-11,49.0,
2017-01-12,45.0,
2017-01-13,39.0,
2017-01-14,25.0,
2017-01-15,19.0,
2017-01-16,44.0,
2017-01-17,42.0,
2017-01-18,42.0,
2017-01-19,38.0,
2017-01-20,40.0,
2017-01-21,36.0,
2017-01-22,21.0,
2017-01-23,43.0,
2017-01-24,43.0,
2017-01-25,43.0,
2017-01-26,20.0,
2017-01-27,42.0,
2017-01-28,31.0,
2017-01-29,19.0,
2017-01-30,45.0,
2017-01-31,58.0,
2017-02-01,50.0,
2017-02-02,51.0,
2017-02-03,48.0,
2017-02-04,45.0,
2017-02-05,25.0,
2017-02-06,51.0,
2017-02-07,49.0,
2017-02-08,45.0,
2017-02-09,42.0,
2017-02-10,40.0,
2017-02-11,29.0,
2017-02-12,18.0,
2017-02-13,42.0,
2017-02-14,40.0,
2017-02-15,40.0,
2017-02-16,37.0,
2017-02-17,40.0,
2017-02-18,35.0,
2017-02-19,21.0,
2017-02-20,43.0,
2017-02-21,36.0,
2017-02-22,39.0,
2017-02-23,35.0,
2017-02-24,30.0,
2017-02-25,27.0,
2017-02-26,18.0,
2017-02-27,43.0,
2017-02-28,53.0,
2017-03-01,55.0,
2017-03-02,50.0,
2017-03-03,49.0,
2017-03-04,45.0,
2017-03-05,23.0,
2017-03-06,51.0,
2017-03-07,46.0,
2017-03-08,47.0,
2017-03-09,42.0,
2017-03-10,45.0,
2017-03-11,29.0,
2017-03-12,16.0,
2017-03-13,24.0,
2017-03-14,44.0,
2017-03-15,41.0,
2017-03-16,42.0,
2017-03-17,41.0,
2017-03-18,37.0,
2017-03-19,21.0,
2017-03-20,42.0,1.0
2017-03-21,41.0,1.0
2017-03-22,38.0,1.0
2017-03-23,42.0,1.0
2017-03-24,42.0,1.0
2017-03-25,31.0,1.0
2017-03-26,18.0,1.0
2017-03-27,44.0,1.0
2017-03-28,39.0,1.0
2017-03-29,37.0,1.0
2017-03-30,47.0,1.0
2017-03-31,64.0,1.0
2017-04-01,47.0,1.0
2017-04-02,28.0,1.0
2017-04-03,59.0,1.0
2017-04-04,51.0,1.0
2017-04-05,49.0,1.0
2017-04-06,50.0,1.0
2017-04-07,49.0,1.0
2017-04-08,34.0,1.0
2017-04-09,22.0,1.0
2017-04-10,47.0,1.0
2017-04-11,45.0,1.0
2017-04-12,44.0,1.0
2017-04-13,44.0,1.0
2017-04-14,32.0,1.0
2017-04-15,37.0,1.0
2017-04-16,20.0,1.0
2017-04-17,43.0,1.0
2017-04-18,41.0,1.0
2017-04-19,36.0,1.0
2017-04-20,37.0,1.0
2017-04-21,39.0,1.0
2017-04-22,28.0,1.0
2017-04-23,18.0,1.0
2017-04-24,42.0,1.0
2017-04-25,40.0,1.0
2017-04-26,38.0,1.0
2017-04-27,39.0,1.0
2017-04-28,49.0,1.0
2017-04-29,43.0,1.0
2017-04-30,23.0,1.0
2017-05-01,36.0,1.0
2017-05-02,53.0,1.0
2017-05-03,48.0,1.0
2017-05-04,49.0,1.0
2017-05-05,49.0,1.0
2017-05-06,43.0,1.0
2017-05-07,23.0,1.0
2017-05-08,48.0,1.0
2017-05-09,44.0,1.0
2017-05-10,38.0,1.0
2017-05-11,42.0,1.0
2017-05-12,39.0,1.0
2017-05-13,28.0,1.0
2017-05-14,19.0,1.0
2017-05-15,43.0,1.0
2017-05-16,38.0,1.0
2017-05-17,37.0,1.0
2017-05-18,37.0,1.0
2017-05-19,35.0,1.0
2017-05-20,33.0,1.0
2017-05-21,19.0,1.0
2017-05-22,37.0,1.0
2017-05-23,36.0,1.0
2017-05-24,37.0,1.0
2017-05-25,39.0,1.0
2017-05-26,38.0,1.0
2017-05-27,29.0,1.0
2017-05-28,18.0,1.0
2017-05-29,41.0,1.0
2017-05-30,41.0,1.0
2017-05-31,51.0,1.0
2017-06-01,52.0,1.0
2017-06-02,49.0,1.0
2017-06-03,43.0,1.0
2017-06-04,22.0,1.0
2017-06-05,49.0,1.0
2017-06-06,45.0,1.0
2017-06-07,45.0,1.0
2017-06-08,41.0,1.0
2017-06-09,39.0,1.0
2017-06-10,31.0,1.0
2017-06-11,20.0,1.0
2017-06-12,43.0,1.0
2017-06-13,41.0,1.0
2017-06-14,40.0,1.0
2017-06-15,41.0,1.0
2017-06-16,39.0,1.0
2017-06-17,35.0,1.0
2017-06-18,21.0,1.0
2017-06-19,42.0,1.0
2017-06-20,42.0,1.0
2017-06-21,39.0,1.0
2017-06-22,38.0,1.0
2017-06-23,40.0,1.0
2017-06-24,30.0,1.0
2017-06-25,18.0,1.0
2017-06-26,26.0,1.0
2017-06-27,42.0,1.0
2017-06-28,40.0,1.0
2017-06-29,44.0,
2017-06-30,60.0,
2017-07-01,49.0,
2017-07-02,28.0,
2017-07-03,57.0,
2017-07-04,56.0,
2017-07-05,52.0,
2017-07-06,49.0,
2017-07-07,47.0,
2017-07-08,36.0,
2017-07-09,23.0,
2017-07-10,50.0,
2017-07-11,42.0,
2017-07-12,41.0,
2017-07-13,43.0,
2017-07-14,41.0,
2017-07-15,40.0,
2017-07-16,23.0,
2017-07-17,45.0,
2017-07-18,43.0,
2017-07-19,41.0,
2017-07-20,39.0,
2017-07-21,41.0,
2017-07-22,32.0,
2017-07-23,21.0,
2017-07-24,45.0,
2017-07-25,43.0,
2017-07-26,43.0,
2017-07-27,44.0,
2017-07-28,45.0,
2017-07-29,42.0,
2017-07-30,26.0,
2017-07-31,66.0,
2017-08-01,62.0,
2017-08-02,55.0,
2017-08-03,51.0,
2017-08-04,51.0,
2017-08-05,50.0,
2017-08-06,27.0,
2017-08-07,43.0,
2017-08-08,51.0,
2017-08-09,46.0,
2017-08-10,45.0,
2017-08-11,43.0,
2017-08-12,32.0,
2017-08-13,20.0,
2017-08-14,39.0,
2017-08-15,20.0,
2017-08-16,45.0,
2017-08-17,43.0,
2017-08-18,43.0,
2017-08-19,38.0,
2017-08-20,22.0,
2017-08-21,43.0,
2017-08-22,39.0,
2017-08-23,41.0,
2017-08-24,41.0,
2017-08-25,26.0,
2017-08-26,30.0,
2017-08-27,17.0,
2017-08-28,42.0,
2017-08-29,40.0,
2017-08-30,42.0,
2017-08-31,55.0,
2017-09-01,60.0,
2017-09-02,44.0,
2017-09-03,26.0,
2017-09-04,56.0,
2017-09-05,51.0,1.0
2017-09-06,50.0,1.0
2017-09-07,50.0,1.0
2017-09-08,48.0,1.0
2017-09-09,35.0,1.0
2017-09-10,22.0,1.0
2017-09-11,49.0,1.0
2017-09-12,45.0,1.0
2017-09-13,43.0,1.0
2017-09-14,43.0,1.0
2017-09-15,44.0,1.0
2017-09-16,41.0,1.0
2017-09-17,21.0,1.0
2017-09-18,45.0,1.0
2017-09-19,42.0,1.0
2017-09-20,43.0,1.0
2017-09-21,43.0,1.0
2017-09-22,45.0,1.0
2017-09-23,35.0,1.0
2017-09-24,23.0,1.0
2017-09-25,45.0,1.0
2017-09-26,44.0,1.0
2017-09-27,43.0,1.0
2017-09-28,47.0,1.0
2017-09-29,47.0,1.0
2017-09-30,28.0,1.0
2017-10-01,26.0,1.0
2017-10-02,28.0,1.0
2017-10-03,63.0,1.0
2017-10-04,60.0,1.0
2017-10-05,55.0,1.0
2017-10-06,54.0,1.0
2017-10-07,52.0,1.0
2017-10-08,27.0,1.0
2017-10-09,50.0,1.0
2017-10-10,47.0,1.0
2017-10-11,47.0,1.0
2017-10-12,47.0,1.0
2017-10-13,47.0,1.0
2017-10-14,38.0,1.0
2017-10-15,26.0,1.0
2017-10-16,52.0,1.0
2017-10-17,50.0,1.0
2017-10-18,37.0,1.0
2017-10-19,20.0,1.0
2017-10-20,28.0,1.0
2017-10-21,32.0,1.0
2017-10-22,21.0,1.0
2017-10-23,45.0,1.0
2017-10-24,45.0,1.0
2017-10-25,45.0,1.0
2017-10-26,44.0,1.0
2017-10-27,44.0,1.0
2017-10-28,35.0,1.0
2017-10-29,21.0,1.0
2017-10-30,51.0,1.0
2017-10-31,63.0,1.0
2017-11-01,59.0,1.0
2017-11-02,57.0,1.0
2017-11-03,57.0,1.0
2017-11-04,45.0,1.0
2017-11-05,30.0,1.0
2017-11-06,61.0,1.0
2017-11-07,59.0,1.0
2017-11-08,54.0,1.0
2017-11-09,50.0,1.0
2017-11-10,46.0,1.0
2017-11-11,34.0,1.0
2017-11-12,21.0,1.0
2017-11-13,48.0,1.0
2017-11-14,48.0,1.0
2017-11-15,49.0,1.0
2017-11-16,44.0,1.0
2017-11-17,51.0,1.0
2017-11-18,39.0,1.0
2017-11-19,23.0,1.0
2017-11-20,48.0,1.0
2017-11-21,44.0,1.0
2017-11-22,43.0,1.0
2017-11-23,41.0,1.0
2017-11-24,41.0,1.0
2017-11-25,30.0,1.0
2017-11-26,21.0,1.0
2017-11-27,44.0,1.0
2017-11-28,45.0,1.0
2017-11-29,45.0,1.0
2017-11-30,55.0,1.0
2017-12-01,52.0,1.0
2017-12-02,42.0,1.0
2017-12-03,25.0,1.0
2017-12-04,52.0,1.0
2017-12-05,52.0,1.0
2017-12-06,50.0,1.0
2017-12-07,48.0,1.0
2017-12-08,50.0,1.0
2017-12-09,33.0,1.0
2017-12-10,22.0,1.0
2017-12-11,48.0,1.0
2017-12-12,44.0,1.0
2017-12-13,44.0,1.0
2017-12-14,42.0,1.0
2017-12-15,42.0,
2017-12-16,39.0,
2017-12-17,21.0,
2017-12-18,45.0,
2017-12-19,47.0,
2017-12-20,44.0,
2017-12-21,44.0,
2017-12-22,44.0,
2017-12-23,32.0,
2017-12-24,21.0,
2017-12-25,28.0,
2017-12-26,51.0,
2017-12-27,47.0,
2017-12-28,47.0,
2017-12-29,56.0,
2017-12-30,46.0,
2017-12-31,25.0,
2018-01-01,43.0,
2018-01-02,56.0,
2018-01-03,50.0,
2018-01-04,51.0,
2018-01-05,47.0,
2018-01-06,45.0,
2018-01-07,25.0,
2018-01-08,51.0,
2018-01-09,46.0,
2018-01-10,47.0,
2018-01-11,44.0,
2018-01-12,44.0,
2018-01-13,32.0,
2018-01-14,20.0,
2018-01-15,39.0,
2018-01-16,41.0,
2018-01-17,44.0,
2018-01-18,45.0,
2018-01-19,44.0,
2018-01-20,37.0,
2018-01-21,23.0,
2018-01-22,39.0,
2018-01-23,41.0,
2018-01-24,40.0,
2018-01-25,41.0,
2018-01-26,20.0,
2018-01-27,29.0,
2018-01-28,18.0,
2018-01-29,45.0,
2018-01-30,46.0,
2018-01-31,52.0,
2018-02-01,56.0,
2018-02-02,51.0,
2018-02-03,44.0,
2018-02-04,27.0,
2018-02-05,54.0,
2018-02-06,51.0,
2018-02-07,51.0,
2018-02-08,47.0,
2018-02-09,45.0,
2018-02-10,33.0,
2018-02-11,21.0,
2018-02-12,47.0,
2018-02-13,37.0,
2018-02-14,40.0,
2018-02-15,43.0,
2018-02-16,44.0,
2018-02-17,37.0,
2018-02-18,21.0,
2018-02-19,39.0,
2018-02-20,40.0,
2018-02-21,36.0,1.0
2018-02-22,38.0,1.0
2018-02-23,40.0,1.0
2018-02-24,30.0,1.0
2018-02-25,18.0,1.0
2018-02-26,41.0,1.0
2018-02-27,41.0,1.0
2018-02-28,53.0,1.0
2018-03-01,48.0,1.0
2018-03-02,32.0,1.0
2018-03-03,44.0,1.0
2018-03-04,26.0,1.0
2018-03-05,53.0,1.0
2018-03-06,50.0,1.0
2018-03-07,50.0,1.0
2018-03-08,44.0,1.0
2018-03-09,45.0,1.0
2018-03-10,33.0,1.0
2018-03-11,21.0,1.0
2018-03-12,45.0,1.0
2018-03-13,45.0,1.0
2018-03-14,41.0,1.0
2018-03-15,42.0,1.0
2018-03-16,40.0,1.0
2018-03-17,38.0,1.0
2018-03-18,20.0,1.0
2018-03-19,42.0,1.0
2018-03-20,41.0,1.0
2018-03-21,41.0,1.0
2018-03-22,40.0,1.0
2018-03-23,40.0,1.0
2018-03-24,33.0,1.0
2018-03-25,20.0,1.0
2018-03-26,44.0,1.0
2018-03-27,46.0,1.0
2018-03-28,52.0,1.0
2018-03-29,43.0,1.0
2018-03-30,38.0,1.0
2018-03-31,51.0,1.0
2018-04-01,29.0,1.0
2018-04-02,51.0,1.0
2018-04-03,55.0,1.0
2018-04-04,52.0,1.0
2018-04-05,51.0,1.0
2018-04-06,49.0,1.0
2018-04-07,46.0,1.0
2018-04-08,24.0,1.0
2018-04-09,46.0,1.0
2018-04-10,44.0,1.0
2018-04-11,40.0,1.0
2018-04-12,39.0,1.0
2018-04-13,41.0,1.0
2018-04-14,29.0,1.0
2018-04-15,21.0,1.0
2018-04-16,43.0,1.0
2018-04-17,41.0,1.0
2018-04-18,40.0,1.0
2018-04-19,39.0,1.0
2018-04-20,37.0,1.0
2018-04-21,36.0,1.0
2018-04-22,21.0,1.0
2018-04-23,39.0,1.0
2018-04-24,36.0,1.0
2018-04-25,36.0,1.0
2018-04-26,37.0,1.0
2018-04-27,45.0,1.0
2018-04-28,34.0,1.0
2018-04-29,21.0,1.0
2018-04-30,49.0,1.0
2018-05-01,37.0,1.0
2018-05-02,52.0,1.0
2018-05-03,50.0,1.0
2018-05-04,49.0,1.0
2018-05-05,46.0,1.0
2018-05-06,25.0,1.0
2018-05-07,50.0,1.0
2018-05-08,45.0,1.0
2018-05-09,42.0,1.0
2018-05-10,40.0,1.0
2018-05-11,40.0,1.0
2018-05-12,30.0,1.0
2018-05-13,22.0,1.0
2018-05-14,44.0,1.0
2018-05-15,40.0,1.0
2018-05-16,40.0,1.0
2018-05-17,38.0,1.0
2018-05-18,41.0,1.0
2018-05-19,36.0,1.0
2018-05-20,22.0,1.0
2018-05-21,44.0,1.0
2018-05-22,41.0,1.0
2018-05-23,39.0,1.0
2018-05-24,39.0,1.0
2018-05-25,40.0,1.0
2018-05-26,31.0,1.0
2018-05-27,19.0,1.0
2018-05-28,44.0,1.0
2018-05-29,42.0,1.0
2018-05-30,44.0,1.0
2018-05-31,52.0,1.0
2018-06-01,56.0,1.0
2018-06-02,50.0,
2018-06-03,28.0,
2018-06-04,54.0,
2018-06-05,52.0,
2018-06-06,49.0,
2018-06-07,51.0,
2018-06-08,47.0,
2018-06-09,37.0,
2018-06-10,23.0,
2018-06-11,47.0,
2018-06-12,42.0,
2018-06-13,44.0,
2018-06-14,44.0,
2018-06-15,41.0,
2018-06-16,30.0,
2018-06-17,22.0,
2018-06-18,42.0,
2018-06-19,43.0,
2018-06-20,42.0,
2018-06-21,38.0,
2018-06-22,41.0,
2018-06-23,32.0,
2018-06-24,20.0,
2018-06-25,41.0,
2018-06-26,41.0,
2018-06-27,39.0,
2018-06-28,41.0,
2018-06-29,52.0,
2018-06-30,47.0,
2018-07-01,30.0,
2018-07-02,57.0,
2018-07-03,53.0,
2018-07-04,55.0,
2018-07-05,56.0,
2018-07-06,49.0,
2018-07-07,48.0,
2018-07-08,28.0,
2018-07-09,48.0,
2018-07-10,48.0,
2018-07-11,45.0,
2018-07-12,45.0,
2018-07-13,44.0,
2018-07-14,35.0,
2018-07-15,23.0,
2018-07-16,45.0,
2018-07-17,48.0,
2018-07-18,46.0,
2018-07-19,44.0,
2018-07-20,44.0,
2018-07-21,43.0,
2018-07-22,25.0,
2018-07-23,48.0,
2018-07-24,48.0,
2018-07-25,55.0,
2018-07-26,53.0,
2018-07-27,52.0,
2018-07-28,37.0,
2018-07-29,24.0,
2018-07-30,56.0,
2018-07-31,69.0,
2018-08-01,69.0,
2018-08-02,78.0,
2018-08-03,59.0,
2018-08-04,53.0,
2018-08-05,30.0,
2018-08-06,73.0,
2018-08-07,59.0,
2018-08-08,51.0,
2018-08-09,49.0,1.0
2018-08-10,50.0,1.0
2018-08-11,34.0,1.0
2018-08-12,24.0,1.0
2018-08-13,50.0,1.0
2018-08-14,47.0,1.0
2018-08-15,24.0,1.0
2018-08-16,46.0,1.0
2018-08-17,42.0,1.0
2018-08-18,44.0,1.0
2018-08-19,25.0,1.0
2018-08-20,49.0,1.0
2018-08-21,48.0,1.0
2018-08-22,35.0,1.0
2018-08-23,45.0,1.0
2018-08-24,44.0,1.0
2018-08-25,34.0,1.0
2018-08-26,20.0,1.0
2018-08-27,47.0,1.0
2018-08-28,49.0,1.0
2018-08-29,48.0,1.0
2018-08-30,48.0,1.0
2018-08-31,61.0,1.0
2018-09-01,56.0,1.0
2018-09-02,32.0,1.0
2018-09-03,53.0,1.0
2018-09-04,55.0,1.0
2018-09-05,55.0,1.0
2018-09-06,54.0,1.0
2018-09-07,54.0,1.0
2018-09-08,42.0,1.0
2018-09-09,29.0,1.0
2018-09-10,54.0,1.0
2018-09-11,51.0,1.0
2018-09-12,44.0,1.0
2018-09-13,29.0,1.0
2018-09-14,44.0,1.0
2018-09-15,40.0,1.0
2018-09-16,22.0,1.0
2018-09-17,44.0,1.0
2018-09-18,44.0,1.0
2018-09-19,44.0,1.0
2018-09-20,39.0,1.0
2018-09-21,38.0,1.0
2018-09-22,30.0,1.0
2018-09-23,20.0,1.0
2018-09-24,45.0,1.0
2018-09-25,44.0,1.0
2018-09-26,42.0,1.0
2018-09-27,42.0,1.0
2018-09-28,49.0,1.0
2018-09-29,48.0,1.0
2018-09-30,29.0,1.0
2018-10-01,60.0,1.0
2018-10-02,34.0,1.0
2018-10-03,56.0,1.0
2018-10-04,55.0,1.0
2018-10-05,55.0,1.0
2018-10-06,49.0,1.0
2018-10-07,29.0,1.0
2018-10-08,53.0,1.0
2018-10-09,52.0,1.0
2018-10-10,49.0,1.0
2018-10-11,50.0,1.0
2018-10-12,50.0,1.0
2018-10-13,38.0,1.0
2018-10-14,27.0,1.0
2018-10-15,48.0,1.0
2018-10-16,44.0,1.0
2018-10-17,39.0,1.0
2018-10-18,29.0,1.0
2018-10-19,30.0,1.0
2018-10-20,38.0,1.0
2018-10-21,23.0,1.0
2018-10-22,44.0,1.0
2018-10-23,42.0,1.0
2018-10-24,39.0,1.0
2018-10-25,43.0,1.0
2018-10-26,43.0,1.0
2018-10-27,34.0,1.0
2018-10-28,23.0,1.0
2018-10-29,46.0,1.0
2018-10-30,50.0,1.0
2018-10-31,61.0,1.0
2018-11-01,58.0,1.0
2018-11-02,59.0,1.0
2018-11-03,55.0,1.0
2018-11-04,32.0,1.0
2018-11-05,56.0,1.0
2018-11-06,51.0,1.0
2018-11-07,27.0,1.0
2018-11-08,35.0,1.0
2018-11-09,41.0,1.0
2018-11-10,33.0,1.0
2018-11-11,22.0,1.0
2018-11-12,46.0,1.0
2018-11-13,45.0,1.0
2018-11-14,42.0,1.0
2018-11-15,44.0,1.0
2018-11-16,42.0,1.0
2018-11-17,41.0,1.0
2018-11-18,25.0,
2018-11-19,41.0,
2018-11-20,41.0,
2018-11-21,36.0,
2018-11-22,43.0,
2018-11-23,33.0,
2018-11-24,30.0,
2018-11-25,22.0,
2018-11-26,43.0,
2018-11-27,52.0,
2018-11-28,56.0,
2018-11-29,56.0,
2018-11-30,66.0,
2018-12-01,64.0,
2018-12-02,38.0,
2018-12-03,68.0,
2018-12-04,66.0,
2018-12-05,61.0,
2018-12-06,59.0,
2018-12-07,56.0,
2018-12-08,42.0,
2018-12-09,26.0,
2018-12-10,53.0,
2018-12-11,45.0,
2018-12-12,44.0,
2018-12-13,45.0,
2018-12-14,43.0,
2018-12-15,44.0,
2018-12-16,26.0,
2018-12-17,43.0,
2018-12-18,45.0,
2018-12-19,46.0,
2018-12-20,49.0,
2018-12-21,44.0,
2018-12-22,35.0,
2018-12-23,24.0,
2018-12-24,54.0,
2018-12-25,35.0,
2018-12-26,48.0,
2018-12-27,47.0,
2018-12-28,51.0,
2018-12-29,43.0,
2018-12-30,27.0,
2018-12-31,63.0,
2019-01-01,51.0,
2019-01-02,60.0,
2019-01-03,54.0,
2019-01-04,56.0,
2019-01-05,52.0,
2019-01-06,33.0,
2019-01-07,58.0,
2019-01-08,50.0,
2019-01-09,45.0,
2019-01-10,46.0,
2019-01-11,46.0,
2019-01-12,33.0,
2019-01-13,24.0,
2019-01-14,39.0,
2019-01-15,36.0,
2019-01-16,40.0,
2019-01-17,41.0,
2019-01-18,40.0,
2019-01-19,43.0,
2019-01-20,27.0,
2019-01-21,45.0,
2019-01-22,43.0,
2019-01-23,43.0,
2019-01-24,42.0,
2019-01-25,41.0,1.0
2019-01-26,25.0,1.0
2019-01-27,23.0,1.0
2019-01-28,44.0,1.0
2019-01-29,45.0,1.0
2019-01-30,44.0,1.0
2019-01-31,66.0,1.0
2019-02-01,58.0,1.0
2019-02-02,54.0,1.0
2019-02-03,31.0,1.0
2019-02-04,57.0,1.0
2019-02-05,58.0,1.0
2019-02-06,53.0,1.0
2019-02-07,53.0,1.0
2019-02-08,47.0,1.0
2019-02-09,37.0,1.0
2019-02-10,22.0,1.0
2019-02-11,47.0,1.0
2019-02-12,43.0,1.0
2019-02-13,43.0,1.0
2019-02-14,42.0,1.0
2019-02-15,42.0,1.0
2019-02-16,39.0,1.0
2019-02-17,25.0,1.0
2019-02-18,45.0,1.0
2019-02-19,39.0,1.0
2019-02-20,42.0,1.0
2019-02-21,42.0,1.0
2019-02-22,42.0,1.0
2019-02-23,33.0,1.0
2019-02-24,21.0,1.0
2019-02-25,43.0,1.0
2019-02-26,39.0,1.0
2019-02-27,39.0,1.0
2019-02-28,52.0,1.0
2019-03-01,54.0,1.0
2019-03-02,54.0,1.0
2019-03-03,30.0,1.0
2019-03-04,44.0,1.0
2019-03-05,55.0,1.0
2019-03-06,53.0,1.0
2019-03-07,53.0,1.0
2019-03-08,48.0,1.0
2019-03-09,36.0,1.0
2019-03-10,24.0,1.0
2019-03-11,49.0,1.0
2019-03-12,46.0,1.0
2019-03-13,44.0,1.0
2019-03-14,45.0,1.0
2019-03-15,45.0,1.0
2019-03-16,42.0,1.0
2019-03-17,24.0,1.0
2019-03-18,46.0,1.0
2019-03-19,43.0,1.0
2019-03-20,41.0,1.0
2019-03-21,24.0,1.0
2019-03-22,41.0,1.0
2019-03-23,34.0,1.0
2019-03-24,22.0,1.0
2019-03-25,43.0,1.0
2019-03-26,43.0,1.0
2019-03-27,45.0,1.0
2019-03-28,46.0,1.0
2019-03-29,53.0,1.0
2019-03-30,52.0,1.0
2019-03-31,32.0,1.0
2019-04-01,53.0,1.0
2019-04-02,61.0,1.0
2019-04-03,57.0,1.0
2019-04-04,53.0,1.0
2019-04-05,53.0,1.0
2019-04-06,40.0,1.0
2019-04-07,28.0,1.0
2019-04-08,53.0,1.0
2019-04-09,48.0,1.0
2019-04-10,46.0,1.0
2019-04-11,41.0,1.0
2019-04-12,44.0,1.0
2019-04-13,33.0,1.0
2019-04-14,22.0,1.0
2019-04-15,43.0,1.0
2019-04-16,43.0,1.0
2019-04-17,39.0,1.0
2019-04-18,39.0,1.0
2019-04-19,35.0,1.0
2019-04-20,41.0,1.0
2019-04-21,23.0,1.0
2019-04-22,45.0,1.0
2019-04-23,39.0,1.0
2019-04-24,41.0,1.0
2019-04-25,41.0,1.0
2019-04-26,41.0,1.0
2019-04-27,33.0,1.0
2019-04-28,21.0,1.0
2019-04-29,38.0,1.0
2019-04-30,57.0,1.0
2019-05-01,44.0,1.0
2019-05-02,56.0,1.0
2019-05-03,51.0,1.0
2019-05-04,49.0,1.0
2019-05-05,28.0,1.0
2019-05-06,53.0,
2019-05-07,51.0,
2019-05-08,50.0,
2019-05-09,47.0,
2019-05-10,46.0,
2019-05-11,35.0,
2019-05-12,22.0,
2019-05-13,49.0,
2019-05-14,46.0,
2019-05-15,46.0,
2019-05-16,44.0,
2019-05-17,45.0,
2019-05-18,40.0,
2019-05-19,23.0,
2019-05-20,45.0,
2019-05-21,45.0,
2019-05-22,44.0,
2019-05-23,36.0,
2019-05-24,42.0,
2019-05-25,32.0,
2019-05-26,22.0,
2019-05-27,43.0,
2019-05-28,46.0,
2019-05-29,42.0,
2019-05-30,43.0,
2019-05-31,59.0,
2019-06-01,56.0,
2019-06-02,33.0,
2019-06-03,60.0,
2019-06-04,55.0,
2019-06-05,37.0,
2019-06-06,54.0,
2019-06-07,56.0,
2019-06-08,41.0,
2019-06-09,24.0,
2019-06-10,51.0,
2019-06-11,50.0,
2019-06-12,44.0,
2019-06-13,45.0,
2019-06-14,46.0,
2019-06-15,43.0,
2019-06-16,24.0,
2019-06-17,46.0,
2019-06-18,45.0,
2019-06-19,43.0,
2019-06-20,46.0,
2019-06-21,46.0,
2019-06-22,34.0,
2019-06-23,23.0,
2019-06-24,46.0,
2019-06-25,46.0,
2019-06-26,45.0,
2019-06-27,42.0,
2019-06-28,53.0,
2019-06-29,51.0,
2019-06-30,30.0,
2019-07-01,61.0,
2019-07-02,55.0,
2019-07-03,52.0,
2019-07-04,55.0,
2019-07-05,56.0,
2019-07-06,51.0,
2019-07-07,30.0,
2019-07-08,56.0,
2019-07-09,49.0,
2019-07-10,46.0,
2019-07-11,46.0,
2019-07-12,47.0,
2019-07-13,38.0,1.0
2019-07-14,28.0,1.0
2019-07-15,52.0,1.0
2019-07-16,53.0,1.0
2019-07-17,49.0,1.0
2019-07-18,48.0,1.0
2019-07-19,47.0,1.0
2019-07-20,47.0,1.0
2019-07-21,29.0,1.0
2019-07-22,51.0,1.0
2019-07-23,50.0,1.0
2019-07-24,49.0,1.0
2019-07-25,47.0,1.0
2019-07-26,47.0,1.0
2019-07-27,37.0,1.0
2019-07-28,25.0,1.0
2019-07-29,49.0,1.0
2019-07-30,49.0,1.0
2019-07-31,62.0,1.0
2019-08-01,65.0,1.0
2019-08-02,65.0,1.0
2019-08-03,54.0,1.0
2019-08-04,36.0,1.0
2019-08-05,59.0,1.0
2019-08-06,56.0,1.0
2019-08-07,56.0,1.0
2019-08-08,54.0,1.0
2019-08-09,53.0,1.0
2019-08-10,40.0,1.0
2019-08-11,27.0,1.0
2019-08-12,37.0,1.0
2019-08-13,53.0,1.0
2019-08-14,50.0,1.0
2019-08-15,24.0,1.0
2019-08-16,50.0,1.0
2019-08-17,43.0,1.0
2019-08-18,27.0,1.0
2019-08-19,51.0,1.0
2019-08-20,49.0,1.0
2019-08-21,49.0,1.0
2019-08-22,47.0,1.0
2019-08-23,46.0,1.0
2019-08-24,35.0,1.0
2019-08-25,26.0,1.0
2019-08-26,55.0,1.0
2019-08-27,51.0,1.0
2019-08-28,49.0,1.0
2019-08-29,51.0,1.0
2019-08-30,59.0,1.0
2019-08-31,59.0,1.0
2019-09-01,34.0,1.0
2019-09-02,43.0,1.0
2019-09-03,60.0,1.0
2019-09-04,56.0,1.0
2019-09-05,58.0,1.0
2019-09-06,58.0,1.0
2019-09-07,55.0,1.0
2019-09-08,33.0,1.0
2019-09-09,54.0,1.0
2019-09-10,43.0,1.0
2019-09-11,48.0,1.0
2019-09-12,46.0,1.0
2019-09-13,49.0,1.0
2019-09-14,39.0,1.0
2019-09-15,28.0,1.0
2019-09-16,49.0,1.0
2019-09-17,48.0,1.0
2019-09-18,47.0,1.0
2019-09-19,53.0,1.0
2019-09-20,53.0,1.0
2019-09-21,48.0,1.0
2019-09-22,27.0,1.0
2019-09-23,55.0,1.0
2019-09-24,51.0,1.0
2019-09-25,50.0,1.0
2019-09-26,51.0,1.0
2019-09-27,54.0,1.0
2019-09-28,42.0,1.0
2019-09-29,31.0,1.0
2019-09-30,74.0,1.0
2019-10-01,83.0,1.0
2019-10-02,44.0,1.0
2019-10-03,73.0,1.0
2019-10-04,69.0,1.0
2019-10-05,63.0,1.0
2019-10-06,35.0,1.0
2019-10-07,54.0,1.0
2019-10-08,32.0,1.0
2019-10-09,59.0,1.0
2019-10-10,55.0,1.0
2019-10-11,55.0,1.0
2019-10-12,42.0,1.0
2019-10-13,30.0,1.0
2019-10-14,58.0,1.0
2019-10-15,55.0,1.0
2019-10-16,54.0,1.0
2019-10-17,54.0,1.0
2019-10-18,54.0,1.0
2019-10-19,54.0,1.0
2019-10-20,32.0,1.0
2019-10-21,48.0,1.0
2019-10-22,52.0,
2019-10-23,53.0,
2019-10-24,51.0,
2019-10-25,53.0,
2019-10-26,36.0,
2019-10-27,21.0,
2019-10-28,32.0,
2019-10-29,43.0,
2019-10-30,52.0,
2019-10-31,68.0,
2019-11-01,73.0,
2019-11-02,61.0,
2019-11-03,35.0,
2019-11-04,65.0,
2019-11-05,63.0,
2019-11-06,59.0,
2019-11-07,60.0,
2019-11-08,57.0,
2019-11-09,38.0,
2019-11-10,28.0,
2019-11-11,57.0,
2019-11-12,46.0,
2019-11-13,53.0,
2019-11-14,53.0,
2019-11-15,51.0,
2019-11-16,49.0,
2019-11-17,30.0,
2019-11-18,52.0,
2019-11-19,53.0,
2019-11-20,51.0,
2019-11-21,48.0,
2019-11-22,52.0,
2019-11-23,37.0,
2019-11-24,27.0,
2019-11-25,53.0,
2019-11-26,56.0,
2019-11-27,53.0,
2019-11-28,52.0,
2019-11-29,61.0,
2019-11-30,57.0,
2019-12-01,39.0,
2019-12-02,99.0,
2019-12-03,100.0,
2019-12-04,78.0,
2019-12-05,68.0,
2019-12-06,59.0,
2019-12-07,80.0,
2019-12-08,34.0,
2019-12-09,61.0,
2019-12-10,60.0,
2019-12-11,55.0,
2019-12-12,56.0,
2019-12-13,53.0,
2019-12-14,42.0,
2019-12-15,30.0,
2019-12-16,55.0,
2019-12-17,54.0,
2019-12-18,51.0,
2019-12-19,55.0,
2019-12-20,51.0,
2019-12-21,47.0,
2019-12-22,27.0,
2019-12-23,56.0,
2019-12-24,60.0,
2019-12-25,38.0,
2019-12-26,56.0,
2019-12-27,57.0,
2019-12-28,40.0,
2019-12-29,27.0,
2019-12-30,60.0,
2019-12-31,69.0,
2020-01-01,59.0,
2020-01-02,74.0,
2020-01-03,69.0,
2020-01-04,62.0,
2020-01-05,41.0,
2020-01-06,70.0,
2020-01-07,69.0,
2020-01-08,57.0,
2020-01-09,59.0,
2020-01-10,59.0,
2020-01-11,42.0,
2020-01-12,27.0,
2020-01-13,51.0,
2020-01-14,49.0,
2020-01-15,45.0,
2020-01-16,48.0,
2020-01-17,49.0,
2020-01-18,51.0,
2020-01-19,29.0,
2020-01-20,57.0,
2020-01-21,54.0,
2020-01-22,53.0,
2020-01-23,52.0,
2020-01-24,53.0,
2020-01-25,41.0,
2020-01-26,23.0,
2020-01-27,53.0,
2020-01-28,53.0,
2020-01-29,47.0,
2020-01-30,53.0,
2020-01-31,59.0,
2020-02-01,63.0,
2020-02-02,35.0,
2020-02-03,65.0,
2020-02-04,62.0,
2020-02-05,63.0,
2020-02-06,61.0,
2020-02-07,62.0,
2020-02-08,42.0,
2020-02-09,30.0,
2020-02-10,57.0,
2020-02-11,52.0,
2020-02-12,52.0,
2020-02-13,53.0,
2020-02-14,52.0,
2020-02-15,50.0,
2020-02-16,31.0,
2020-02-17,55.0,
2020-02-18,54.0,
2020-02-19,50.0,
2020-02-20,49.0,
2020-02-21,39.0,
2020-02-22,39.0,
2020-02-23,28.0,
2020-02-24,53.0,
2020-02-25,55.0,
2020-02-26,48.0,
2020-02-27,49.0,
2020-02-28,59.0,
2020-02-29,60.0,
2020-03-01,37.0,
2020-03-02,72.0,
2020-03-03,65.0,
2020-03-04,61.0,
2020-03-05,63.0,
2020-03-06,69.0,
2020-03-07,64.0,
2020-03-08,36.0,
2020-03-09,59.0,
2020-03-10,36.0,
2020-03-11,55.0,
2020-03-12,61.0,
2020-03-13,65.0,
2020-03-14,44.0,
2020-03-15,30.0,
2020-03-16,61.0,
2020-03-17,58.0,
2020-03-18,61.0,
2020-03-19,56.0,
2020-03-20,51.0,
2020-03-21,38.0,
2020-03-22,19.0,
2020-03-23,40.0,
2020-03-24,34.0,
2020-03-25,31.0,
2020-03-26,35.0,
2020-03-27,37.0,
2020-03-28,29.0,
2020-03-29,22.0,
2020-03-30,43.0,
2020-03-31,49.0,
2020-04-01,61.0,
2020-04-02,47.0,
2020-04-03,51.0,
2020-04-04,45.0,
2020-04-05,31.0,
2020-04-06,40.0,
2020-04-07,50.0,
