date,IOC,overlap
2010-01-04,13.0,1.0
2010-01-05,13.0,1.0
2010-01-06,10.0,1.0
2010-01-07,19.0,1.0
2010-01-08,19.0,1.0
2010-01-09,9.0,1.0
2010-01-10,12.0,1.0
2010-01-11,18.0,1.0
2010-01-12,19.0,1.0
2010-01-13,24.0,1.0
2010-01-14,24.0,1.0
2010-01-15,18.0,1.0
2010-01-16,16.0,1.0
2010-01-17,13.0,1.0
2010-01-18,20.0,1.0
2010-01-19,18.0,1.0
2010-01-20,22.0,1.0
2010-01-21,23.0,1.0
2010-01-22,22.0,1.0
2010-01-23,14.0,1.0
2010-01-24,12.0,1.0
2010-01-25,20.0,1.0
2010-01-26,19.0,1.0
2010-01-27,20.0,1.0
2010-01-28,23.0,1.0
2010-01-29,17.0,1.0
2010-01-30,17.0,1.0
2010-01-31,17.0,1.0
2010-02-01,22.0,1.0
2010-02-02,20.0,
2010-02-03,21.0,
2010-02-04,21.0,
2010-02-05,21.0,
2010-02-06,13.0,
2010-02-07,14.0,
2010-02-08,28.0,
2010-02-09,26.0,
2010-02-10,21.0,
2010-02-11,24.0,
2010-02-12,35.0,
2010-02-13,50.0,
2010-02-14,33.0,
2010-02-15,40.0,
2010-02-16,30.0,
2010-02-17,32.0,
2010-02-18,31.0,
2010-02-19,32.0,
2010-02-20,20.0,
2010-02-21,28.0,
2010-02-22,31.0,
2010-02-23,30.0,
2010-02-24,32.0,
2010-02-25,31.0,
2010-02-26,42.0,
2010-02-27,33.0,
2010-02-28,41.0,
2010-03-01,49.0,
2010-03-02,23.0,
2010-03-03,28.0,
2010-03-04,24.0,
2010-03-05,21.0,
2010-03-06,16.0,
2010-03-07,13.0,
2010-03-08,26.0,
2010-03-09,22.0,
2010-03-10,17.0,
2010-03-11,20.0,
2010-03-12,20.0,
2010-03-13,15.0,
2010-03-14,15.0,
2010-03-15,23.0,
2010-03-16,14.0,
2010-03-17,18.0,
2010-03-18,23.0,
2010-03-19,14.0,
2010-03-20,13.0,
2010-03-21,16.0,
2010-03-22,24.0,
2010-03-23,22.0,
2010-03-24,20.0,
2010-03-25,26.0,
2010-03-26,13.0,
2010-03-27,13.0,
2010-03-28,12.0,
2010-03-29,17.0,
2010-03-30,15.0,
2010-03-31,16.0,
2010-04-01,14.0,
2010-04-02,11.0,
2010-04-03,9.0,
2010-04-04,8.0,
2010-04-05,17.0,
2010-04-06,22.0,
2010-04-07,24.0,
2010-04-08,13.0,
2010-04-09,17.0,
2010-04-10,8.0,
2010-04-11,12.0,1.0
2010-04-12,22.0,1.0
2010-04-13,23.0,1.0
2010-04-14,16.0,1.0
2010-04-15,18.0,1.0
2010-04-16,19.0,1.0
2010-04-17,13.0,1.0
2010-04-18,14.0,1.0
2010-04-19,20.0,1.0
2010-04-20,25.0,1.0
2010-04-21,30.0,1.0
2010-04-22,33.0,1.0
2010-04-23,20.0,1.0
2010-04-24,11.0,1.0
2010-04-25,15.0,1.0
2010-04-26,21.0,1.0
2010-04-27,22.0,1.0
2010-04-28,22.0,1.0
2010-04-29,25.0,1.0
2010-04-30,21.0,1.0
2010-05-01,16.0,1.0
2010-05-02,19.0,1.0
2010-05-03,15.0,1.0
2010-05-04,20.0,1.0
2010-05-05,18.0,1.0
2010-05-06,18.0,1.0
2010-05-07,15.0,1.0
2010-05-08,15.0,1.0
2010-05-09,13.0,1.0
2010-05-10,23.0,1.0
2010-05-11,19.0,1.0
2010-05-12,19.0,1.0
2010-05-13,18.0,1.0
2010-05-14,12.0,1.0
2010-05-15,12.0,1.0
2010-05-16,9.0,1.0
2010-05-17,18.0,1.0
2010-05-18,19.0,1.0
2010-05-19,19.0,1.0
2010-05-20,17.0,1.0
2010-05-21,15.0,1.0
2010-05-22,10.0,1.0
2010-05-23,13.0,1.0
2010-05-24,16.0,1.0
2010-05-25,28.0,1.0
2010-05-26,24.0,1.0
2010-05-27,23.0,1.0
2010-05-28,21.0,1.0
2010-05-29,11.0,1.0
2010-05-30,12.0,1.0
2010-05-31,21.0,1.0
2010-06-01,22.0,1.0
2010-06-02,16.0,1.0
2010-06-03,22.0,1.0
2010-06-04,24.0,1.0
2010-06-05,8.0,1.0
2010-06-06,9.0,1.0
2010-06-07,16.0,1.0
2010-06-08,16.0,1.0
2010-06-09,17.0,1.0
2010-06-10,19.0,1.0
2010-06-11,14.0,1.0
2010-06-12,10.0,1.0
2010-06-13,8.0,1.0
2010-06-14,11.0,1.0
2010-06-15,15.0,1.0
2010-06-16,16.0,1.0
2010-06-17,22.0,1.0
2010-06-18,15.0,1.0
2010-06-19,8.0,1.0
2010-06-20,9.0,1.0
2010-06-21,16.0,1.0
2010-06-22,22.0,1.0
2010-06-23,17.0,1.0
2010-06-24,12.0,1.0
2010-06-25,15.0,1.0
2010-06-26,10.0,1.0
2010-06-27,8.0,1.0
2010-06-28,18.0,1.0
2010-06-29,13.0,1.0
2010-06-30,13.0,1.0
2010-07-01,13.0,1.0
2010-07-02,10.0,1.0
2010-07-03,7.0,1.0
2010-07-04,7.0,1.0
2010-07-05,11.0,1.0
2010-07-06,13.0,1.0
2010-07-07,11.0,1.0
2010-07-08,10.0,1.0
2010-07-09,9.0,1.0
2010-07-10,9.0,1.0
2010-07-11,9.0,1.0
2010-07-12,13.0,1.0
2010-07-13,12.0,1.0
2010-07-14,12.0,1.0
2010-07-15,13.0,1.0
2010-07-16,10.0,1.0
2010-07-17,7.0,1.0
2010-07-18,5.0,1.0
2010-07-19,14.0,1.0
2010-07-20,10.0,1.0
2010-07-21,15.0,
2010-07-22,10.0,
2010-07-23,10.0,
2010-07-24,6.0,
2010-07-25,5.0,
2010-07-26,9.0,
2010-07-27,10.0,
2010-07-28,8.0,
2010-07-29,13.0,
2010-07-30,11.0,
2010-07-31,4.0,
2010-08-01,7.0,
2010-08-02,8.0,
2010-08-03,11.0,
2010-08-04,10.0,
2010-08-05,11.0,
2010-08-06,8.0,
2010-08-07,5.0,
2010-08-08,6.0,
2010-08-09,10.0,
2010-08-10,9.0,
2010-08-11,8.0,
2010-08-12,9.0,
2010-08-13,9.0,
2010-08-14,5.0,
2010-08-15,6.0,
2010-08-16,9.0,
2010-08-17,11.0,
2010-08-18,12.0,
2010-08-19,14.0,
2010-08-20,11.0,
2010-08-21,9.0,
2010-08-22,8.0,
2010-08-23,11.0,
2010-08-24,9.0,
2010-08-25,13.0,
2010-08-26,11.0,
2010-08-27,14.0,
2010-08-28,10.0,
2010-08-29,7.0,
2010-08-30,9.0,
2010-08-31,11.0,
2010-09-01,12.0,
2010-09-02,18.0,
2010-09-03,18.0,
2010-09-04,10.0,
2010-09-05,7.0,
2010-09-06,17.0,
2010-09-07,24.0,
2010-09-08,20.0,
2010-09-09,20.0,
2010-09-10,15.0,
2010-09-11,10.0,
2010-09-12,12.0,
2010-09-13,21.0,
2010-09-14,34.0,
2010-09-15,25.0,
2010-09-16,19.0,
2010-09-17,21.0,
2010-09-18,14.0,
2010-09-19,14.0,
2010-09-20,27.0,
2010-09-21,26.0,
2010-09-22,25.0,
2010-09-23,19.0,
2010-09-24,15.0,
2010-09-25,13.0,
2010-09-26,13.0,
2010-09-27,26.0,1.0
2010-09-28,28.0,1.0
2010-09-29,21.0,1.0
2010-09-30,23.0,1.0
2010-10-01,21.0,1.0
2010-10-02,12.0,1.0
2010-10-03,17.0,1.0
2010-10-04,28.0,1.0
2010-10-05,23.0,1.0
2010-10-06,22.0,1.0
2010-10-07,21.0,1.0
2010-10-08,20.0,1.0
2010-10-09,14.0,1.0
2010-10-10,18.0,1.0
2010-10-11,22.0,1.0
2010-10-12,24.0,1.0
2010-10-13,29.0,1.0
2010-10-14,28.0,1.0
2010-10-15,27.0,1.0
2010-10-16,13.0,1.0
2010-10-17,12.0,1.0
2010-10-18,24.0,1.0
2010-10-19,25.0,1.0
2010-10-20,22.0,1.0
2010-10-21,22.0,1.0
2010-10-22,17.0,1.0
2010-10-23,11.0,1.0
2010-10-24,14.0,1.0
2010-10-25,21.0,1.0
2010-10-26,23.0,1.0
2010-10-27,19.0,1.0
2010-10-28,19.0,1.0
2010-10-29,22.0,1.0
2010-10-30,16.0,1.0
2010-10-31,11.0,1.0
2010-11-01,18.0,1.0
2010-11-02,29.0,1.0
2010-11-03,25.0,1.0
2010-11-04,17.0,1.0
2010-11-05,15.0,1.0
2010-11-06,13.0,1.0
2010-11-07,16.0,1.0
2010-11-08,27.0,1.0
2010-11-09,24.0,1.0
2010-11-10,19.0,1.0
2010-11-11,22.0,1.0
2010-11-12,20.0,1.0
2010-11-13,15.0,1.0
2010-11-14,15.0,1.0
2010-11-15,26.0,1.0
2010-11-16,28.0,1.0
2010-11-17,19.0,1.0
2010-11-18,20.0,1.0
2010-11-19,22.0,1.0
2010-11-20,13.0,1.0
2010-11-21,20.0,1.0
2010-11-22,18.0,1.0
2010-11-23,25.0,1.0
2010-11-24,15.0,1.0
2010-11-25,21.0,1.0
2010-11-26,23.0,1.0
2010-11-27,15.0,1.0
2010-11-28,12.0,1.0
2010-11-29,23.0,1.0
2010-11-30,24.0,1.0
2010-12-01,22.0,1.0
2010-12-02,23.0,1.0
2010-12-03,21.0,1.0
2010-12-04,9.0,1.0
2010-12-05,10.0,1.0
2010-12-06,17.0,1.0
2010-12-07,16.0,1.0
2010-12-08,13.0,1.0
2010-12-09,16.0,1.0
2010-12-10,18.0,1.0
2010-12-11,19.0,1.0
2010-12-12,14.0,1.0
2010-12-13,20.0,1.0
2010-12-14,24.0,1.0
2010-12-15,20.0,1.0
2010-12-16,20.0,1.0
2010-12-17,14.0,1.0
2010-12-18,11.0,1.0
2010-12-19,11.0,1.0
2010-12-20,20.0,1.0
2010-12-21,24.0,1.0
2010-12-22,15.0,1.0
2010-12-23,14.0,1.0
2010-12-24,10.0,1.0
2010-12-25,6.0,1.0
2010-12-26,7.0,1.0
2010-12-27,11.0,1.0
2010-12-28,12.0,1.0
2010-12-29,13.0,1.0
2010-12-30,11.0,1.0
2010-12-31,9.0,1.0
2011-01-01,7.0,1.0
2011-01-02,6.0,1.0
2011-01-03,13.0,1.0
2011-01-04,14.0,1.0
2011-01-05,16.0,1.0
2011-01-06,13.0,
2011-01-07,18.0,
2011-01-08,10.0,
2011-01-09,12.0,
2011-01-10,33.0,
2011-01-11,30.0,
2011-01-12,16.0,
2011-01-13,20.0,
2011-01-14,21.0,
2011-01-15,18.0,
2011-01-16,15.0,
2011-01-17,21.0,
2011-01-18,20.0,
2011-01-19,21.0,
2011-01-20,22.0,
2011-01-21,31.0,
2011-01-22,16.0,
2011-01-23,12.0,
2011-01-24,20.0,
2011-01-25,23.0,
2011-01-26,23.0,
2011-01-27,25.0,
2011-01-28,21.0,
2011-01-29,16.0,
2011-01-30,15.0,
2011-01-31,25.0,
2011-02-01,21.0,
2011-02-02,23.0,
2011-02-03,18.0,
2011-02-04,19.0,
2011-02-05,13.0,
2011-02-06,15.0,
2011-02-07,23.0,
2011-02-08,26.0,
2011-02-09,21.0,
2011-02-10,23.0,
2011-02-11,27.0,
2011-02-12,14.0,
2011-02-13,19.0,
2011-02-14,23.0,
2011-02-15,21.0,
2011-02-16,19.0,
2011-02-17,27.0,
2011-02-18,32.0,
2011-02-19,19.0,
2011-02-20,18.0,
2011-02-21,31.0,
2011-02-22,28.0,
2011-02-23,26.0,
2011-02-24,26.0,
2011-02-25,22.0,
2011-02-26,17.0,
2011-02-27,13.0,
2011-02-28,23.0,
2011-03-01,20.0,
2011-03-02,24.0,
2011-03-03,25.0,
2011-03-04,18.0,
2011-03-05,16.0,
2011-03-06,13.0,
2011-03-07,17.0,
2011-03-08,20.0,
2011-03-09,22.0,
2011-03-10,21.0,
2011-03-11,21.0,
2011-03-12,16.0,
2011-03-13,15.0,
2011-03-14,22.0,
2011-03-15,23.0,1.0
2011-03-16,26.0,1.0
2011-03-17,18.0,1.0
2011-03-18,22.0,1.0
2011-03-19,12.0,1.0
2011-03-20,9.0,1.0
2011-03-21,24.0,1.0
2011-03-22,16.0,1.0
2011-03-23,24.0,1.0
2011-03-24,22.0,1.0
2011-03-25,21.0,1.0
2011-03-26,9.0,1.0
2011-03-27,16.0,1.0
2011-03-28,21.0,1.0
2011-03-29,17.0,1.0
2011-03-30,19.0,1.0
2011-03-31,22.0,1.0
2011-04-01,16.0,1.0
2011-04-02,11.0,1.0
2011-04-03,12.0,1.0
2011-04-04,27.0,1.0
2011-04-05,18.0,1.0
2011-04-06,27.0,1.0
2011-04-07,24.0,1.0
2011-04-08,17.0,1.0
2011-04-09,13.0,1.0
2011-04-10,17.0,1.0
2011-04-11,28.0,1.0
2011-04-12,22.0,1.0
2011-04-13,20.0,1.0
2011-04-14,18.0,1.0
2011-04-15,16.0,1.0
2011-04-16,15.0,1.0
2011-04-17,8.0,1.0
2011-04-18,24.0,1.0
2011-04-19,17.0,1.0
2011-04-20,14.0,1.0
2011-04-21,17.0,1.0
2011-04-22,13.0,1.0
2011-04-23,12.0,1.0
2011-04-24,14.0,1.0
2011-04-25,23.0,1.0
2011-04-26,26.0,1.0
2011-04-27,29.0,1.0
2011-04-28,22.0,1.0
2011-04-29,21.0,1.0
2011-04-30,17.0,1.0
2011-05-01,16.0,1.0
2011-05-02,29.0,1.0
2011-05-03,24.0,1.0
2011-05-04,24.0,1.0
2011-05-05,26.0,1.0
2011-05-06,22.0,1.0
2011-05-07,19.0,1.0
2011-05-08,16.0,1.0
2011-05-09,28.0,1.0
2011-05-10,23.0,1.0
2011-05-11,25.0,1.0
2011-05-12,24.0,1.0
2011-05-13,20.0,1.0
2011-05-14,13.0,1.0
2011-05-15,17.0,1.0
2011-05-16,32.0,1.0
2011-05-17,25.0,1.0
2011-05-18,24.0,1.0
2011-05-19,21.0,1.0
2011-05-20,22.0,1.0
2011-05-21,12.0,1.0
2011-05-22,12.0,1.0
2011-05-23,23.0,1.0
2011-05-24,21.0,1.0
2011-05-25,23.0,1.0
2011-05-26,23.0,1.0
2011-05-27,21.0,1.0
2011-05-28,13.0,1.0
2011-05-29,11.0,1.0
2011-05-30,26.0,1.0
2011-05-31,23.0,1.0
2011-06-01,25.0,1.0
2011-06-02,21.0,1.0
2011-06-03,29.0,1.0
2011-06-04,13.0,1.0
2011-06-05,14.0,1.0
2011-06-06,20.0,1.0
2011-06-07,26.0,1.0
2011-06-08,21.0,1.0
2011-06-09,17.0,1.0
2011-06-10,18.0,1.0
2011-06-11,11.0,1.0
2011-06-12,11.0,1.0
2011-06-13,12.0,1.0
2011-06-14,20.0,1.0
2011-06-15,21.0,1.0
2011-06-16,21.0,1.0
2011-06-17,22.0,1.0
2011-06-18,13.0,1.0
2011-06-19,10.0,1.0
2011-06-20,21.0,1.0
2011-06-21,22.0,1.0
2011-06-22,19.0,1.0
2011-06-23,15.0,1.0
2011-06-24,10.0,
2011-06-25,8.0,
2011-06-26,11.0,
2011-06-27,19.0,
2011-06-28,17.0,
2011-06-29,13.0,
2011-06-30,12.0,
2011-07-01,14.0,
2011-07-02,5.0,
2011-07-03,9.0,
2011-07-04,13.0,
2011-07-05,16.0,
2011-07-06,48.0,
2011-07-07,20.0,
2011-07-08,17.0,
2011-07-09,5.0,
2011-07-10,10.0,
2011-07-11,15.0,
2011-07-12,11.0,
2011-07-13,11.0,
2011-07-14,13.0,
2011-07-15,13.0,
2011-07-16,7.0,
2011-07-17,7.0,
2011-07-18,10.0,
2011-07-19,13.0,
2011-07-20,11.0,
2011-07-21,12.0,
2011-07-22,12.0,
2011-07-23,8.0,
2011-07-24,8.0,
2011-07-25,10.0,
2011-07-26,11.0,
2011-07-27,11.0,
2011-07-28,14.0,
2011-07-29,9.0,
2011-07-30,7.0,
2011-07-31,10.0,
2011-08-01,10.0,
2011-08-02,8.0,
2011-08-03,10.0,
2011-08-04,18.0,
2011-08-05,13.0,
2011-08-06,6.0,
2011-08-07,5.0,
2011-08-08,13.0,
2011-08-09,10.0,
2011-08-10,14.0,
2011-08-11,10.0,
2011-08-12,10.0,
2011-08-13,6.0,
2011-08-14,7.0,
2011-08-15,8.0,
2011-08-16,10.0,
2011-08-17,13.0,
2011-08-18,13.0,
2011-08-19,11.0,
2011-08-20,5.0,
2011-08-21,7.0,
2011-08-22,14.0,
2011-08-23,12.0,
2011-08-24,14.0,
2011-08-25,14.0,
2011-08-26,12.0,
2011-08-27,8.0,
2011-08-28,6.0,
2011-08-29,12.0,
2011-08-30,12.0,
2011-08-31,13.0,1.0
2011-09-01,13.0,1.0
2011-09-02,20.0,1.0
2011-09-03,10.0,1.0
2011-09-04,10.0,1.0
2011-09-05,16.0,1.0
2011-09-06,16.0,1.0
2011-09-07,19.0,1.0
2011-09-08,16.0,1.0
2011-09-09,14.0,1.0
2011-09-10,11.0,1.0
2011-09-11,14.0,1.0
2011-09-12,23.0,1.0
2011-09-13,28.0,1.0
2011-09-14,21.0,1.0
2011-09-15,24.0,1.0
2011-09-16,23.0,1.0
2011-09-17,14.0,1.0
2011-09-18,16.0,1.0
2011-09-19,28.0,1.0
2011-09-20,22.0,1.0
2011-09-21,24.0,1.0
2011-09-22,28.0,1.0
2011-09-23,26.0,1.0
2011-09-24,15.0,1.0
2011-09-25,16.0,1.0
2011-09-26,28.0,1.0
2011-09-27,26.0,1.0
2011-09-28,26.0,1.0
2011-09-29,22.0,1.0
2011-09-30,16.0,1.0
2011-10-01,15.0,1.0
2011-10-02,15.0,1.0
2011-10-03,24.0,1.0
2011-10-04,20.0,1.0
2011-10-05,27.0,1.0
2011-10-06,27.0,1.0
2011-10-07,20.0,1.0
2011-10-08,12.0,1.0
2011-10-09,14.0,1.0
2011-10-10,23.0,1.0
2011-10-11,24.0,1.0
2011-10-12,22.0,1.0
2011-10-13,22.0,1.0
2011-10-14,23.0,1.0
2011-10-15,15.0,1.0
2011-10-16,24.0,1.0
2011-10-17,23.0,1.0
2011-10-18,27.0,1.0
2011-10-19,23.0,1.0
2011-10-20,25.0,1.0
2011-10-21,16.0,1.0
2011-10-22,15.0,1.0
2011-10-23,16.0,1.0
2011-10-24,25.0,1.0
2011-10-25,21.0,1.0
2011-10-26,20.0,1.0
2011-10-27,22.0,1.0
2011-10-28,23.0,1.0
2011-10-29,10.0,1.0
2011-10-30,16.0,1.0
2011-10-31,18.0,1.0
2011-11-01,17.0,1.0
2011-11-02,24.0,1.0
2011-11-03,24.0,1.0
2011-11-04,22.0,1.0
2011-11-05,11.0,1.0
2011-11-06,13.0,1.0
2011-11-07,20.0,1.0
2011-11-08,21.0,1.0
2011-11-09,20.0,1.0
2011-11-10,21.0,1.0
2011-11-11,17.0,1.0
2011-11-12,14.0,1.0
2011-11-13,18.0,1.0
2011-11-14,26.0,1.0
2011-11-15,28.0,1.0
2011-11-16,30.0,1.0
2011-11-17,27.0,1.0
2011-11-18,23.0,1.0
2011-11-19,14.0,1.0
2011-11-20,13.0,1.0
2011-11-21,24.0,1.0
2011-11-22,24.0,1.0
2011-11-23,19.0,1.0
2011-11-24,21.0,1.0
2011-11-25,17.0,1.0
2011-11-26,12.0,1.0
2011-11-27,12.0,1.0
2011-11-28,23.0,1.0
2011-11-29,20.0,1.0
2011-11-30,22.0,1.0
2011-12-01,22.0,1.0
2011-12-02,21.0,1.0
2011-12-03,11.0,1.0
2011-12-04,12.0,1.0
2011-12-05,19.0,1.0
2011-12-06,13.0,1.0
2011-12-07,18.0,1.0
2011-12-08,13.0,1.0
2011-12-09,17.0,1.0
2011-12-10,12.0,
2011-12-11,13.0,
2011-12-12,20.0,
2011-12-13,22.0,
2011-12-14,23.0,
2011-12-15,19.0,
2011-12-16,15.0,
2011-12-17,13.0,
2011-12-18,10.0,
2011-12-19,16.0,
2011-12-20,20.0,
2011-12-21,16.0,
2011-12-22,16.0,
2011-12-23,15.0,
2011-12-24,7.0,
2011-12-25,4.0,
2011-12-26,11.0,
2011-12-27,9.0,
2011-12-28,9.0,
2011-12-29,15.0,
2011-12-30,8.0,
2011-12-31,9.0,
2012-01-01,8.0,
2012-01-02,12.0,
2012-01-03,15.0,
2012-01-04,9.0,
2012-01-05,12.0,
2012-01-06,6.0,
2012-01-07,9.0,
2012-01-08,10.0,
2012-01-09,21.0,
2012-01-10,19.0,
2012-01-11,16.0,
2012-01-12,18.0,
2012-01-13,20.0,
2012-01-14,9.0,
2012-01-15,14.0,
2012-01-16,16.0,
2012-01-17,20.0,
2012-01-18,17.0,
2012-01-19,19.0,
2012-01-20,25.0,
2012-01-21,12.0,
2012-01-22,14.0,
2012-01-23,20.0,
2012-01-24,14.0,
2012-01-25,20.0,
2012-01-26,17.0,
2012-01-27,20.0,
2012-01-28,10.0,
2012-01-29,12.0,
2012-01-30,18.0,
2012-01-31,17.0,
2012-02-01,17.0,
2012-02-02,19.0,
2012-02-03,17.0,
2012-02-04,10.0,
2012-02-05,12.0,
2012-02-06,16.0,
2012-02-07,20.0,
2012-02-08,17.0,
2012-02-09,18.0,
2012-02-10,21.0,
2012-02-11,12.0,
2012-02-12,11.0,
2012-02-13,18.0,
2012-02-14,19.0,
2012-02-15,24.0,
2012-02-16,19.0,1.0
2012-02-17,19.0,1.0
2012-02-18,14.0,1.0
2012-02-19,17.0,1.0
2012-02-20,20.0,1.0
2012-02-21,18.0,1.0
2012-02-22,16.0,1.0
2012-02-23,20.0,1.0
2012-02-24,18.0,1.0
2012-02-25,12.0,1.0
2012-02-26,14.0,1.0
2012-02-27,20.0,1.0
2012-02-28,19.0,1.0
2012-02-29,18.0,1.0
2012-03-01,22.0,1.0
2012-03-02,16.0,1.0
2012-03-03,13.0,1.0
2012-03-04,17.0,1.0
2012-03-05,21.0,1.0
2012-03-06,17.0,1.0
2012-03-07,19.0,1.0
2012-03-08,18.0,1.0
2012-03-09,16.0,1.0
2012-03-10,12.0,1.0
2012-03-11,15.0,1.0
2012-03-12,15.0,1.0
2012-03-13,17.0,1.0
2012-03-14,17.0,1.0
2012-03-15,22.0,1.0
2012-03-16,17.0,1.0
2012-03-17,10.0,1.0
2012-03-18,11.0,1.0
2012-03-19,18.0,1.0
2012-03-20,19.0,1.0
2012-03-21,15.0,1.0
2012-03-22,19.0,1.0
2012-03-23,14.0,1.0
2012-03-24,10.0,1.0
2012-03-25,9.0,1.0
2012-03-26,18.0,1.0
2012-03-27,16.0,1.0
2012-03-28,14.0,1.0
2012-03-29,15.0,1.0
2012-03-30,14.0,1.0
2012-03-31,11.0,1.0
2012-04-01,7.0,1.0
2012-04-02,15.0,1.0
2012-04-03,21.0,1.0
2012-04-04,14.0,1.0
2012-04-05,14.0,1.0
2012-04-06,9.0,1.0
2012-04-07,7.0,1.0
2012-04-08,8.0,1.0
2012-04-09,11.0,1.0
2012-04-10,17.0,1.0
2012-04-11,18.0,1.0
2012-04-12,16.0,1.0
2012-04-13,15.0,1.0
2012-04-14,12.0,1.0
2012-04-15,13.0,1.0
2012-04-16,23.0,1.0
2012-04-17,19.0,1.0
2012-04-18,21.0,1.0
2012-04-19,19.0,1.0
2012-04-20,19.0,1.0
2012-04-21,11.0,1.0
2012-04-22,10.0,1.0
2012-04-23,19.0,1.0
2012-04-24,20.0,1.0
2012-04-25,22.0,1.0
2012-04-26,17.0,1.0
2012-04-27,16.0,1.0
2012-04-28,12.0,1.0
2012-04-29,11.0,1.0
2012-04-30,15.0,1.0
2012-05-01,16.0,1.0
2012-05-02,18.0,1.0
2012-05-03,20.0,1.0
2012-05-04,18.0,1.0
2012-05-05,12.0,1.0
2012-05-06,12.0,1.0
2012-05-07,19.0,1.0
2012-05-08,22.0,1.0
2012-05-09,19.0,1.0
2012-05-10,18.0,1.0
2012-05-11,16.0,1.0
2012-05-12,11.0,1.0
2012-05-13,15.0,1.0
2012-05-14,20.0,1.0
2012-05-15,18.0,1.0
2012-05-16,18.0,1.0
2012-05-17,18.0,1.0
2012-05-18,18.0,1.0
2012-05-19,12.0,1.0
2012-05-20,13.0,1.0
2012-05-21,22.0,1.0
2012-05-22,23.0,1.0
2012-05-23,21.0,1.0
2012-05-24,21.0,1.0
2012-05-25,23.0,1.0
2012-05-26,10.0,1.0
2012-05-27,11.0,
2012-05-28,15.0,
2012-05-29,21.0,
2012-05-30,21.0,
2012-05-31,23.0,
2012-06-01,16.0,
2012-06-02,12.0,
2012-06-03,9.0,
2012-06-04,16.0,
2012-06-05,18.0,
2012-06-06,16.0,
2012-06-07,17.0,
2012-06-08,14.0,
2012-06-09,9.0,
2012-06-10,11.0,
2012-06-11,17.0,
2012-06-12,19.0,
2012-06-13,19.0,
2012-06-14,16.0,
2012-06-15,13.0,
2012-06-16,8.0,
2012-06-17,8.0,
2012-06-18,14.0,
2012-06-19,15.0,
2012-06-20,16.0,
2012-06-21,11.0,
2012-06-22,13.0,
2012-06-23,5.0,
2012-06-24,8.0,
2012-06-25,12.0,
2012-06-26,12.0,
2012-06-27,13.0,
2012-06-28,11.0,
2012-06-29,7.0,
2012-06-30,6.0,
2012-07-01,9.0,
2012-07-02,11.0,
2012-07-03,13.0,
2012-07-04,12.0,
2012-07-05,11.0,
2012-07-06,8.0,
2012-07-07,7.0,
2012-07-08,7.0,
2012-07-09,9.0,
2012-07-10,11.0,
2012-07-11,8.0,
2012-07-12,9.0,
2012-07-13,13.0,
2012-07-14,6.0,
2012-07-15,8.0,
2012-07-16,16.0,
2012-07-17,13.0,
2012-07-18,13.0,
2012-07-19,11.0,
2012-07-20,11.0,
2012-07-21,7.0,
2012-07-22,9.0,
2012-07-23,17.0,
2012-07-24,14.0,
2012-07-25,19.0,
2012-07-26,18.0,
2012-07-27,38.0,
2012-07-28,62.0,
2012-07-29,36.0,
2012-07-30,33.0,
2012-07-31,35.0,
2012-08-01,33.0,
2012-08-02,29.0,
2012-08-03,25.0,1.0
2012-08-04,30.0,1.0
2012-08-05,34.0,1.0
2012-08-06,27.0,1.0
2012-08-07,31.0,1.0
2012-08-08,27.0,1.0
2012-08-09,34.0,1.0
2012-08-10,32.0,1.0
2012-08-11,56.0,1.0
2012-08-12,63.0,1.0
2012-08-13,55.0,1.0
2012-08-14,25.0,1.0
2012-08-15,18.0,1.0
2012-08-16,16.0,1.0
2012-08-17,16.0,1.0
2012-08-18,12.0,1.0
2012-08-19,12.0,1.0
2012-08-20,11.0,1.0
2012-08-21,13.0,1.0
2012-08-22,13.0,1.0
2012-08-23,12.0,1.0
2012-08-24,9.0,1.0
2012-08-25,8.0,1.0
2012-08-26,8.0,1.0
2012-08-27,13.0,1.0
2012-08-28,9.0,1.0
2012-08-29,13.0,1.0
2012-08-30,11.0,1.0
2012-08-31,9.0,1.0
2012-09-01,8.0,1.0
2012-09-02,8.0,1.0
2012-09-03,17.0,1.0
2012-09-04,12.0,1.0
2012-09-05,17.0,1.0
2012-09-06,13.0,1.0
2012-09-07,15.0,1.0
2012-09-08,12.0,1.0
2012-09-09,10.0,1.0
2012-09-10,13.0,1.0
2012-09-11,16.0,1.0
2012-09-12,22.0,1.0
2012-09-13,21.0,1.0
2012-09-14,19.0,1.0
2012-09-15,15.0,1.0
2012-09-16,10.0,1.0
2012-09-17,19.0,1.0
2012-09-18,21.0,1.0
2012-09-19,20.0,1.0
2012-09-20,22.0,1.0
2012-09-21,22.0,1.0
2012-09-22,11.0,1.0
2012-09-23,13.0,1.0
2012-09-24,18.0,1.0
2012-09-25,19.0,1.0
2012-09-26,19.0,1.0
2012-09-27,20.0,1.0
2012-09-28,15.0,1.0
2012-09-29,12.0,1.0
2012-09-30,11.0,1.0
2012-10-01,18.0,1.0
2012-10-02,19.0,1.0
2012-10-03,19.0,1.0
2012-10-04,23.0,1.0
2012-10-05,18.0,1.0
2012-10-06,14.0,1.0
2012-10-07,14.0,1.0
2012-10-08,21.0,1.0
2012-10-09,21.0,1.0
2012-10-10,20.0,1.0
2012-10-11,19.0,1.0
2012-10-12,13.0,1.0
2012-10-13,12.0,1.0
2012-10-14,17.0,1.0
2012-10-15,24.0,1.0
2012-10-16,18.0,1.0
2012-10-17,18.0,1.0
2012-10-18,20.0,1.0
2012-10-19,20.0,1.0
2012-10-20,13.0,1.0
2012-10-21,16.0,1.0
2012-10-22,23.0,1.0
2012-10-23,21.0,1.0
2012-10-24,17.0,1.0
2012-10-25,19.0,1.0
2012-10-26,19.0,1.0
2012-10-27,12.0,1.0
2012-10-28,12.0,1.0
2012-10-29,19.0,1.0
2012-10-30,18.0,1.0
2012-10-31,20.0,1.0
2012-11-01,15.0,1.0
2012-11-02,15.0,1.0
2012-11-03,12.0,1.0
2012-11-04,12.0,1.0
2012-11-05,19.0,1.0
2012-11-06,20.0,1.0
2012-11-07,22.0,1.0
2012-11-08,18.0,1.0
2012-11-09,16.0,1.0
2012-11-10,11.0,1.0
2012-11-11,10.0,1.0
2012-11-12,18.0,
2012-11-13,17.0,
2012-11-14,19.0,
2012-11-15,20.0,
2012-11-16,21.0,
2012-11-17,13.0,
2012-11-18,13.0,
2012-11-19,21.0,
2012-11-20,20.0,
2012-11-21,16.0,
2012-11-22,20.0,
2012-11-23,14.0,
2012-11-24,10.0,
2012-11-25,13.0,
2012-11-26,18.0,
2012-11-27,18.0,
2012-11-28,19.0,
2012-11-29,16.0,
2012-11-30,16.0,
2012-12-01,8.0,
2012-12-02,9.0,
2012-12-03,16.0,
2012-12-04,24.0,
2012-12-05,21.0,
2012-12-06,16.0,
2012-12-07,13.0,
2012-12-08,10.0,
2012-12-09,9.0,
2012-12-10,16.0,
2012-12-11,19.0,
2012-12-12,13.0,
2012-12-13,18.0,
2012-12-14,14.0,
2012-12-15,10.0,
2012-12-16,11.0,
2012-12-17,13.0,
2012-12-18,20.0,
2012-12-19,16.0,
2012-12-20,17.0,
2012-12-21,14.0,
2012-12-22,6.0,
2012-12-23,5.0,
2012-12-24,9.0,
2012-12-25,6.0,
2012-12-26,10.0,
2012-12-27,10.0,
2012-12-28,8.0,
2012-12-29,8.0,
2012-12-30,6.0,
2012-12-31,8.0,
2013-01-01,8.0,
2013-01-02,15.0,
2013-01-03,13.0,
2013-01-04,9.0,
2013-01-05,11.0,
2013-01-06,10.0,
2013-01-07,19.0,
2013-01-08,18.0,
2013-01-09,16.0,
2013-01-10,19.0,
2013-01-11,18.0,
2013-01-12,13.0,
2013-01-13,9.0,
2013-01-14,19.0,
2013-01-15,19.0,
2013-01-16,15.0,
2013-01-17,22.0,
2013-01-18,24.0,
2013-01-19,11.0,1.0
2013-01-20,11.0,1.0
2013-01-21,18.0,1.0
2013-01-22,18.0,1.0
2013-01-23,18.0,1.0
2013-01-24,18.0,1.0
2013-01-25,16.0,1.0
2013-01-26,14.0,1.0
2013-01-27,12.0,1.0
2013-01-28,17.0,1.0
2013-01-29,19.0,1.0
2013-01-30,20.0,1.0
2013-01-31,18.0,1.0
2013-02-01,18.0,1.0
2013-02-02,11.0,1.0
2013-02-03,10.0,1.0
2013-02-04,20.0,1.0
2013-02-05,19.0,1.0
2013-02-06,17.0,1.0
2013-02-07,16.0,1.0
2013-02-08,14.0,1.0
2013-02-09,8.0,1.0
2013-02-10,11.0,1.0
2013-02-11,18.0,1.0
2013-02-12,49.0,1.0
2013-02-13,52.0,1.0
2013-02-14,30.0,1.0
2013-02-15,24.0,1.0
2013-02-16,14.0,1.0
2013-02-17,12.0,1.0
2013-02-18,24.0,1.0
2013-02-19,20.0,1.0
2013-02-20,23.0,1.0
2013-02-21,17.0,1.0
2013-02-22,17.0,1.0
2013-02-23,11.0,1.0
2013-02-24,13.0,1.0
2013-02-25,17.0,1.0
2013-02-26,19.0,1.0
2013-02-27,18.0,1.0
2013-02-28,22.0,1.0
2013-03-01,20.0,1.0
2013-03-02,13.0,1.0
2013-03-03,14.0,1.0
2013-03-04,22.0,1.0
2013-03-05,25.0,1.0
2013-03-06,21.0,1.0
2013-03-07,22.0,1.0
2013-03-08,19.0,1.0
2013-03-09,11.0,1.0
2013-03-10,12.0,1.0
2013-03-11,18.0,1.0
2013-03-12,17.0,1.0
2013-03-13,21.0,1.0
2013-03-14,15.0,1.0
2013-03-15,19.0,1.0
2013-03-16,11.0,1.0
2013-03-17,11.0,1.0
2013-03-18,23.0,1.0
2013-03-19,19.0,1.0
2013-03-20,18.0,1.0
2013-03-21,15.0,1.0
2013-03-22,16.0,1.0
2013-03-23,10.0,1.0
2013-03-24,8.0,1.0
2013-03-25,13.0,1.0
2013-03-26,12.0,1.0
2013-03-27,12.0,1.0
2013-03-28,14.0,1.0
2013-03-29,9.0,1.0
2013-03-30,7.0,1.0
2013-03-31,7.0,1.0
2013-04-01,13.0,1.0
2013-04-02,15.0,1.0
2013-04-03,18.0,1.0
2013-04-04,16.0,1.0
2013-04-05,13.0,1.0
2013-04-06,14.0,1.0
2013-04-07,12.0,1.0
2013-04-08,20.0,1.0
2013-04-09,15.0,1.0
2013-04-10,18.0,1.0
2013-04-11,17.0,1.0
2013-04-12,17.0,1.0
2013-04-13,12.0,1.0
2013-04-14,11.0,1.0
2013-04-15,19.0,1.0
2013-04-16,17.0,1.0
2013-04-17,16.0,1.0
2013-04-18,16.0,1.0
2013-04-19,14.0,1.0
2013-04-20,9.0,1.0
2013-04-21,11.0,1.0
2013-04-22,20.0,1.0
2013-04-23,16.0,1.0
2013-04-24,13.0,1.0
2013-04-25,20.0,1.0
2013-04-26,14.0,1.0
2013-04-27,11.0,1.0
2013-04-28,11.0,1.0
2013-04-29,18.0,1.0
2013-04-30,17.0,
2013-05-01,16.0,
2013-05-02,18.0,
2013-05-03,15.0,
2013-05-04,9.0,
2013-05-05,12.0,
2013-05-06,17.0,
2013-05-07,18.0,
2013-05-08,21.0,
2013-05-09,20.0,
2013-05-10,14.0,
2013-05-11,11.0,
2013-05-12,12.0,
2013-05-13,20.0,
2013-05-14,20.0,
2013-05-15,16.0,
2013-05-16,20.0,
2013-05-17,19.0,
2013-05-18,11.0,
2013-05-19,11.0,
2013-05-20,17.0,
2013-05-21,18.0,
2013-05-22,22.0,
2013-05-23,19.0,
2013-05-24,24.0,
2013-05-25,11.0,
2013-05-26,10.0,
2013-05-27,20.0,
2013-05-28,20.0,
2013-05-29,28.0,
2013-05-30,25.0,
2013-05-31,25.0,
2013-06-01,10.0,
2013-06-02,12.0,
2013-06-03,16.0,
2013-06-04,18.0,
2013-06-05,17.0,
2013-06-06,17.0,
2013-06-07,14.0,
2013-06-08,11.0,
2013-06-09,9.0,
2013-06-10,16.0,
2013-06-11,19.0,
2013-06-12,15.0,
2013-06-13,15.0,
2013-06-14,11.0,
2013-06-15,5.0,
2013-06-16,9.0,
2013-06-17,15.0,
2013-06-18,12.0,
2013-06-19,13.0,
2013-06-20,10.0,
2013-06-21,12.0,
2013-06-22,5.0,
2013-06-23,6.0,
2013-06-24,11.0,
2013-06-25,17.0,
2013-06-26,13.0,
2013-06-27,15.0,
2013-06-28,12.0,
2013-06-29,6.0,
2013-06-30,5.0,
2013-07-01,13.0,
2013-07-02,10.0,
2013-07-03,15.0,
2013-07-04,13.0,
2013-07-05,10.0,
2013-07-06,4.0,
2013-07-07,5.0,1.0
2013-07-08,10.0,1.0
2013-07-09,10.0,1.0
2013-07-10,9.0,1.0
2013-07-11,10.0,1.0
2013-07-12,10.0,1.0
2013-07-13,5.0,1.0
2013-07-14,5.0,1.0
2013-07-15,9.0,1.0
2013-07-16,12.0,1.0
2013-07-17,10.0,1.0
2013-07-18,12.0,1.0
2013-07-19,6.0,1.0
2013-07-20,6.0,1.0
2013-07-21,4.0,1.0
2013-07-22,11.0,1.0
2013-07-23,10.0,1.0
2013-07-24,10.0,1.0
2013-07-25,8.0,1.0
2013-07-26,10.0,1.0
2013-07-27,7.0,1.0
2013-07-28,5.0,1.0
2013-07-29,10.0,1.0
2013-07-30,9.0,1.0
2013-07-31,12.0,1.0
2013-08-01,14.0,1.0
2013-08-02,8.0,1.0
2013-08-03,6.0,1.0
2013-08-04,6.0,1.0
2013-08-05,9.0,1.0
2013-08-06,10.0,1.0
2013-08-07,16.0,1.0
2013-08-08,11.0,1.0
2013-08-09,11.0,1.0
2013-08-10,8.0,1.0
2013-08-11,6.0,1.0
2013-08-12,11.0,1.0
2013-08-13,15.0,1.0
2013-08-14,12.0,1.0
2013-08-15,10.0,1.0
2013-08-16,12.0,1.0
2013-08-17,8.0,1.0
2013-08-18,6.0,1.0
2013-08-19,12.0,1.0
2013-08-20,12.0,1.0
2013-08-21,10.0,1.0
2013-08-22,12.0,1.0
2013-08-23,14.0,1.0
2013-08-24,8.0,1.0
2013-08-25,7.0,1.0
2013-08-26,10.0,1.0
2013-08-27,13.0,1.0
2013-08-28,12.0,1.0
2013-08-29,12.0,1.0
2013-08-30,11.0,1.0
2013-08-31,8.0,1.0
2013-09-01,8.0,1.0
2013-09-02,16.0,1.0
2013-09-03,16.0,1.0
2013-09-04,18.0,1.0
2013-09-05,24.0,1.0
2013-09-06,26.0,1.0
2013-09-07,100.0,1.0
2013-09-08,75.0,1.0
2013-09-09,54.0,1.0
2013-09-10,80.0,1.0
2013-09-11,34.0,1.0
2013-09-12,24.0,1.0
2013-09-13,28.0,1.0
2013-09-14,16.0,1.0
2013-09-15,16.0,1.0
2013-09-16,27.0,1.0
2013-09-17,24.0,1.0
2013-09-18,20.0,1.0
2013-09-19,24.0,1.0
2013-09-20,22.0,1.0
2013-09-21,16.0,1.0
2013-09-22,12.0,1.0
2013-09-23,19.0,1.0
2013-09-24,18.0,1.0
2013-09-25,23.0,1.0
2013-09-26,26.0,1.0
2013-09-27,17.0,1.0
2013-09-28,14.0,1.0
2013-09-29,16.0,1.0
2013-09-30,24.0,1.0
2013-10-01,22.0,1.0
2013-10-02,20.0,1.0
2013-10-03,22.0,1.0
2013-10-04,16.0,1.0
2013-10-05,12.0,1.0
2013-10-06,13.0,1.0
2013-10-07,20.0,1.0
2013-10-08,20.0,1.0
2013-10-09,19.0,1.0
2013-10-10,24.0,1.0
2013-10-11,18.0,1.0
2013-10-12,12.0,1.0
2013-10-13,12.0,1.0
2013-10-14,24.0,1.0
2013-10-15,21.0,1.0
2013-10-16,21.0,
2013-10-17,21.0,
2013-10-18,21.0,
2013-10-19,12.0,
2013-10-20,15.0,
2013-10-21,18.0,
2013-10-22,22.0,
2013-10-23,22.0,
2013-10-24,22.0,
2013-10-25,17.0,
2013-10-26,10.0,
2013-10-27,13.0,
2013-10-28,22.0,
2013-10-29,20.0,
2013-10-30,15.0,
2013-10-31,16.0,
2013-11-01,14.0,
2013-11-02,11.0,
2013-11-03,11.0,
2013-11-04,17.0,
2013-11-05,20.0,
2013-11-06,20.0,
2013-11-07,22.0,
2013-11-08,20.0,
2013-11-09,11.0,
2013-11-10,14.0,
2013-11-11,24.0,
2013-11-12,20.0,
2013-11-13,19.0,
2013-11-14,21.0,
2013-11-15,23.0,
2013-11-16,13.0,
2013-11-17,12.0,
2013-11-18,23.0,
2013-11-19,20.0,
2013-11-20,26.0,
2013-11-21,20.0,
2013-11-22,14.0,
2013-11-23,10.0,
2013-11-24,14.0,
2013-11-25,18.0,
2013-11-26,20.0,
2013-11-27,18.0,
2013-11-28,16.0,
2013-11-29,14.0,
2013-11-30,13.0,
2013-12-01,11.0,
2013-12-02,17.0,
2013-12-03,20.0,
2013-12-04,16.0,
2013-12-05,18.0,
2013-12-06,13.0,
2013-12-07,11.0,
2013-12-08,13.0,
2013-12-09,15.0,
2013-12-10,19.0,
2013-12-11,18.0,
2013-12-12,18.0,
2013-12-13,17.0,
2013-12-14,9.0,
2013-12-15,10.0,
2013-12-16,19.0,
2013-12-17,17.0,
2013-12-18,18.0,
2013-12-19,16.0,
2013-12-20,13.0,
2013-12-21,8.0,
2013-12-22,7.0,
2013-12-23,9.0,1.0
2013-12-24,6.0,1.0
2013-12-25,7.0,1.0
2013-12-26,8.0,1.0
2013-12-27,12.0,1.0
2013-12-28,10.0,1.0
2013-12-29,9.0,1.0
2013-12-30,10.0,1.0
2013-12-31,10.0,1.0
2014-01-01,7.0,1.0
2014-01-02,13.0,1.0
2014-01-03,11.0,1.0
2014-01-04,9.0,1.0
2014-01-05,6.0,1.0
2014-01-06,13.0,1.0
2014-01-07,14.0,1.0
2014-01-08,19.0,1.0
2014-01-09,18.0,1.0
2014-01-10,22.0,1.0
2014-01-11,11.0,1.0
2014-01-12,10.0,1.0
2014-01-13,18.0,1.0
2014-01-14,18.0,1.0
2014-01-15,20.0,1.0
2014-01-16,22.0,1.0
2014-01-17,24.0,1.0
2014-01-18,12.0,1.0
2014-01-19,10.0,1.0
2014-01-20,15.0,1.0
2014-01-21,17.0,1.0
2014-01-22,19.0,1.0
2014-01-23,18.0,1.0
2014-01-24,17.0,1.0
2014-01-25,9.0,1.0
2014-01-26,12.0,1.0
2014-01-27,18.0,1.0
2014-01-28,20.0,1.0
2014-01-29,19.0,1.0
2014-01-30,18.0,1.0
2014-01-31,16.0,1.0
2014-02-01,10.0,1.0
2014-02-02,12.0,1.0
2014-02-03,22.0,1.0
2014-02-04,18.0,1.0
2014-02-05,22.0,1.0
2014-02-06,24.0,1.0
2014-02-07,47.0,1.0
2014-02-08,51.0,1.0
2014-02-09,26.0,1.0
2014-02-10,36.0,1.0
2014-02-11,25.0,1.0
2014-02-12,31.0,1.0
2014-02-13,25.0,1.0
2014-02-14,22.0,1.0
2014-02-15,15.0,1.0
2014-02-16,15.0,1.0
2014-02-17,22.0,1.0
2014-02-18,23.0,1.0
2014-02-19,29.0,1.0
2014-02-20,31.0,1.0
2014-02-21,32.0,1.0
2014-02-22,19.0,1.0
2014-02-23,37.0,1.0
2014-02-24,37.0,1.0
2014-02-25,21.0,1.0
2014-02-26,21.0,1.0
2014-02-27,20.0,1.0
2014-02-28,19.0,1.0
2014-03-01,12.0,1.0
2014-03-02,11.0,1.0
2014-03-03,17.0,1.0
2014-03-04,20.0,1.0
2014-03-05,18.0,1.0
2014-03-06,19.0,1.0
2014-03-07,17.0,1.0
2014-03-08,12.0,1.0
2014-03-09,12.0,1.0
2014-03-10,20.0,1.0
2014-03-11,17.0,1.0
2014-03-12,20.0,1.0
2014-03-13,14.0,1.0
2014-03-14,13.0,1.0
2014-03-15,10.0,1.0
2014-03-16,11.0,1.0
2014-03-17,15.0,1.0
2014-03-18,15.0,1.0
2014-03-19,17.0,1.0
2014-03-20,17.0,1.0
2014-03-21,15.0,1.0
2014-03-22,11.0,1.0
2014-03-23,9.0,1.0
2014-03-24,15.0,1.0
2014-03-25,16.0,1.0
2014-03-26,15.0,1.0
2014-03-27,17.0,1.0
2014-03-28,16.0,1.0
2014-03-29,7.0,1.0
2014-03-30,12.0,1.0
2014-03-31,17.0,1.0
2014-04-01,17.0,1.0
2014-04-02,18.0,1.0
2014-04-03,16.0,
2014-04-04,12.0,
2014-04-05,8.0,
2014-04-06,11.0,
2014-04-07,16.0,
2014-04-08,16.0,
2014-04-09,15.0,
2014-04-10,17.0,
2014-04-11,15.0,
2014-04-12,11.0,
2014-04-13,6.0,
2014-04-14,14.0,
2014-04-15,12.0,
2014-04-16,9.0,
2014-04-17,10.0,
2014-04-18,11.0,
2014-04-19,6.0,
2014-04-20,10.0,
2014-04-21,11.0,
2014-04-22,17.0,
2014-04-23,18.0,
2014-04-24,18.0,
2014-04-25,16.0,
2014-04-26,8.0,
2014-04-27,11.0,
2014-04-28,17.0,
2014-04-29,16.0,
2014-04-30,15.0,
2014-05-01,12.0,
2014-05-02,12.0,
2014-05-03,9.0,
2014-05-04,12.0,
2014-05-05,17.0,
2014-05-06,21.0,
2014-05-07,17.0,
2014-05-08,15.0,
2014-05-09,15.0,
2014-05-10,11.0,
2014-05-11,8.0,
2014-05-12,16.0,
2014-05-13,18.0,
2014-05-14,15.0,
2014-05-15,16.0,
2014-05-16,13.0,
2014-05-17,8.0,
2014-05-18,11.0,
2014-05-19,21.0,
2014-05-20,21.0,
2014-05-21,17.0,
2014-05-22,16.0,
2014-05-23,18.0,
2014-05-24,9.0,
2014-05-25,8.0,
2014-05-26,19.0,
2014-05-27,16.0,
2014-05-28,17.0,
2014-05-29,18.0,
2014-05-30,19.0,
2014-05-31,7.0,
2014-06-01,11.0,
2014-06-02,16.0,
2014-06-03,16.0,
2014-06-04,14.0,
2014-06-05,16.0,
2014-06-06,16.0,
2014-06-07,9.0,
2014-06-08,8.0,
2014-06-09,10.0,
2014-06-10,17.0,1.0
2014-06-11,14.0,1.0
2014-06-12,14.0,1.0
2014-06-13,15.0,1.0
2014-06-14,7.0,1.0
2014-06-15,9.0,1.0
2014-06-16,11.0,1.0
2014-06-17,13.0,1.0
2014-06-18,11.0,1.0
2014-06-19,14.0,1.0
2014-06-20,10.0,1.0
2014-06-21,8.0,1.0
2014-06-22,6.0,1.0
2014-06-23,11.0,1.0
2014-06-24,11.0,1.0
2014-06-25,15.0,1.0
2014-06-26,11.0,1.0
2014-06-27,11.0,1.0
2014-06-28,6.0,1.0
2014-06-29,6.0,1.0
2014-06-30,12.0,1.0
2014-07-01,13.0,1.0
2014-07-02,11.0,1.0
2014-07-03,12.0,1.0
2014-07-04,9.0,1.0
2014-07-05,7.0,1.0
2014-07-06,7.0,1.0
2014-07-07,11.0,1.0
2014-07-08,10.0,1.0
2014-07-09,9.0,1.0
2014-07-10,9.0,1.0
2014-07-11,10.0,1.0
2014-07-12,6.0,1.0
2014-07-13,4.0,1.0
2014-07-14,13.0,1.0
2014-07-15,10.0,1.0
2014-07-16,9.0,1.0
2014-07-17,9.0,1.0
2014-07-18,8.0,1.0
2014-07-19,5.0,1.0
2014-07-20,4.0,1.0
2014-07-21,9.0,1.0
2014-07-22,9.0,1.0
2014-07-23,9.0,1.0
2014-07-24,12.0,1.0
2014-07-25,10.0,1.0
2014-07-26,6.0,1.0
2014-07-27,6.0,1.0
2014-07-28,10.0,1.0
2014-07-29,6.0,1.0
2014-07-30,10.0,1.0
2014-07-31,8.0,1.0
2014-08-01,10.0,1.0
2014-08-02,8.0,1.0
2014-08-03,7.0,1.0
2014-08-04,11.0,1.0
2014-08-05,11.0,1.0
2014-08-06,9.0,1.0
2014-08-07,11.0,1.0
2014-08-08,8.0,1.0
2014-08-09,8.0,1.0
2014-08-10,6.0,1.0
2014-08-11,10.0,1.0
2014-08-12,8.0,1.0
2014-08-13,11.0,1.0
2014-08-14,8.0,1.0
2014-08-15,8.0,1.0
2014-08-16,7.0,1.0
2014-08-17,7.0,1.0
2014-08-18,10.0,1.0
2014-08-19,12.0,1.0
2014-08-20,12.0,1.0
2014-08-21,8.0,1.0
2014-08-22,11.0,1.0
2014-08-23,6.0,1.0
2014-08-24,5.0,1.0
2014-08-25,9.0,1.0
2014-08-26,11.0,1.0
2014-08-27,11.0,1.0
2014-08-28,9.0,1.0
2014-08-29,9.0,1.0
2014-08-30,8.0,1.0
2014-08-31,8.0,1.0
2014-09-01,13.0,1.0
2014-09-02,14.0,1.0
2014-09-03,15.0,1.0
2014-09-04,14.0,1.0
2014-09-05,14.0,1.0
2014-09-06,8.0,1.0
2014-09-07,9.0,1.0
2014-09-08,15.0,1.0
2014-09-09,15.0,1.0
2014-09-10,16.0,1.0
2014-09-11,10.0,1.0
2014-09-12,12.0,1.0
2014-09-13,7.0,1.0
2014-09-14,9.0,1.0
2014-09-15,19.0,1.0
2014-09-16,19.0,1.0
2014-09-17,17.0,1.0
2014-09-18,18.0,1.0
2014-09-19,13.0,
2014-09-20,9.0,
2014-09-21,10.0,
2014-09-22,23.0,
2014-09-23,24.0,
2014-09-24,19.0,
2014-09-25,19.0,
2014-09-26,20.0,
2014-09-27,10.0,
2014-09-28,13.0,
2014-09-29,21.0,
2014-09-30,18.0,
2014-10-01,27.0,
2014-10-02,27.0,
2014-10-03,22.0,
2014-10-04,12.0,
2014-10-05,13.0,
2014-10-06,17.0,
2014-10-07,20.0,
2014-10-08,16.0,
2014-10-09,20.0,
2014-10-10,18.0,
2014-10-11,11.0,
2014-10-12,12.0,
2014-10-13,17.0,
2014-10-14,21.0,
2014-10-15,17.0,
2014-10-16,18.0,
2014-10-17,15.0,
2014-10-18,13.0,
2014-10-19,17.0,
2014-10-20,22.0,
2014-10-21,18.0,
2014-10-22,21.0,
2014-10-23,17.0,
2014-10-24,15.0,
2014-10-25,10.0,
2014-10-26,11.0,
2014-10-27,23.0,
2014-10-28,16.0,
2014-10-29,19.0,
2014-10-30,18.0,
2014-10-31,14.0,
2014-11-01,12.0,
2014-11-02,11.0,
2014-11-03,20.0,
2014-11-04,20.0,
2014-11-05,20.0,
2014-11-06,15.0,
2014-11-07,22.0,
2014-11-08,11.0,
2014-11-09,10.0,
2014-11-10,20.0,
2014-11-11,18.0,
2014-11-12,20.0,
2014-11-13,20.0,
2014-11-14,15.0,
2014-11-15,11.0,
2014-11-16,9.0,
2014-11-17,18.0,
2014-11-18,22.0,
2014-11-19,22.0,
2014-11-20,17.0,
2014-11-21,16.0,
2014-11-22,9.0,
2014-11-23,10.0,
2014-11-24,18.0,
2014-11-25,18.0,
2014-11-26,17.0,1.0
2014-11-27,16.0,1.0
2014-11-28,12.0,1.0
2014-11-29,10.0,1.0
2014-11-30,10.0,1.0
2014-12-01,16.0,1.0
2014-12-02,16.0,1.0
2014-12-03,14.0,1.0
2014-12-04,14.0,1.0
2014-12-05,12.0,1.0
2014-12-06,10.0,1.0
2014-12-07,12.0,1.0
2014-12-08,22.0,1.0
2014-12-09,20.0,1.0
2014-12-10,17.0,1.0
2014-12-11,15.0,1.0
2014-12-12,16.0,1.0
2014-12-13,9.0,1.0
2014-12-14,10.0,1.0
2014-12-15,15.0,1.0
2014-12-16,16.0,1.0
2014-12-17,14.0,1.0
2014-12-18,12.0,1.0
2014-12-19,13.0,1.0
2014-12-20,7.0,1.0
2014-12-21,8.0,1.0
2014-12-22,13.0,1.0
2014-12-23,12.0,1.0
2014-12-24,9.0,1.0
2014-12-25,8.0,1.0
2014-12-26,8.0,1.0
2014-12-27,7.0,1.0
2014-12-28,7.0,1.0
2014-12-29,11.0,1.0
2014-12-30,10.0,1.0
2014-12-31,8.0,1.0
2015-01-01,8.0,1.0
2015-01-02,12.0,1.0
2015-01-03,8.0,1.0
2015-01-04,7.0,1.0
2015-01-05,11.0,1.0
2015-01-06,11.0,1.0
2015-01-07,12.0,1.0
2015-01-08,13.0,1.0
2015-01-09,16.0,1.0
2015-01-10,9.0,1.0
2015-01-11,9.0,1.0
2015-01-12,15.0,1.0
2015-01-13,15.0,1.0
2015-01-14,16.0,1.0
2015-01-15,15.0,1.0
2015-01-16,20.0,1.0
2015-01-17,9.0,1.0
2015-01-18,7.0,1.0
2015-01-19,16.0,1.0
2015-01-20,14.0,1.0
2015-01-21,17.0,1.0
2015-01-22,18.0,1.0
2015-01-23,17.0,1.0
2015-01-24,8.0,1.0
2015-01-25,10.0,1.0
2015-01-26,15.0,1.0
2015-01-27,16.0,1.0
2015-01-28,14.0,1.0
2015-01-29,14.0,1.0
2015-01-30,13.0,1.0
2015-01-31,9.0,1.0
2015-02-01,8.0,1.0
2015-02-02,14.0,1.0
2015-02-03,15.0,1.0
2015-02-04,17.0,1.0
2015-02-05,18.0,1.0
2015-02-06,13.0,1.0
2015-02-07,10.0,1.0
2015-02-08,10.0,1.0
2015-02-09,15.0,1.0
2015-02-10,15.0,1.0
2015-02-11,17.0,1.0
2015-02-12,12.0,1.0
2015-02-13,14.0,1.0
2015-02-14,6.0,1.0
2015-02-15,7.0,1.0
2015-02-16,15.0,1.0
2015-02-17,15.0,1.0
2015-02-18,14.0,1.0
2015-02-19,14.0,1.0
2015-02-20,13.0,1.0
2015-02-21,10.0,1.0
2015-02-22,9.0,1.0
2015-02-23,17.0,1.0
2015-02-24,15.0,1.0
2015-02-25,18.0,1.0
2015-02-26,14.0,1.0
2015-02-27,14.0,1.0
2015-02-28,12.0,1.0
2015-03-01,9.0,1.0
2015-03-02,17.0,1.0
2015-03-03,16.0,1.0
2015-03-04,15.0,1.0
2015-03-05,13.0,1.0
2015-03-06,12.0,1.0
2015-03-07,8.0,
2015-03-08,9.0,
2015-03-09,15.0,
2015-03-10,14.0,
2015-03-11,12.0,
2015-03-12,13.0,
2015-03-13,11.0,
2015-03-14,9.0,
2015-03-15,7.0,
2015-03-16,14.0,
2015-03-17,17.0,
2015-03-18,15.0,
2015-03-19,15.0,
2015-03-20,13.0,
2015-03-21,7.0,
2015-03-22,7.0,
2015-03-23,13.0,
2015-03-24,15.0,
2015-03-25,14.0,
2015-03-26,11.0,
2015-03-27,12.0,
2015-03-28,5.0,
2015-03-29,6.0,
2015-03-30,10.0,
2015-03-31,13.0,
2015-04-01,10.0,
2015-04-02,9.0,
2015-04-03,10.0,
2015-04-04,7.0,
2015-04-05,5.0,
2015-04-06,11.0,
2015-04-07,12.0,
2015-04-08,13.0,
2015-04-09,14.0,
2015-04-10,12.0,
2015-04-11,7.0,
2015-04-12,8.0,
2015-04-13,14.0,
2015-04-14,12.0,
2015-04-15,14.0,
2015-04-16,10.0,
2015-04-17,11.0,
2015-04-18,10.0,
2015-04-19,8.0,
2015-04-20,16.0,
2015-04-21,14.0,
2015-04-22,15.0,
2015-04-23,10.0,
2015-04-24,14.0,
2015-04-25,6.0,
2015-04-26,8.0,
2015-04-27,15.0,
2015-04-28,13.0,
2015-04-29,11.0,
2015-04-30,10.0,
2015-05-01,8.0,
2015-05-02,6.0,
2015-05-03,7.0,
2015-05-04,12.0,
2015-05-05,13.0,
2015-05-06,13.0,
2015-05-07,14.0,
2015-05-08,13.0,
2015-05-09,7.0,
2015-05-10,7.0,
2015-05-11,13.0,
2015-05-12,12.0,
2015-05-13,13.0,
2015-05-14,13.0,1.0
2015-05-15,12.0,1.0
2015-05-16,5.0,1.0
2015-05-17,8.0,1.0
2015-05-18,12.0,1.0
2015-05-19,14.0,1.0
2015-05-20,13.0,1.0
2015-05-21,14.0,1.0
2015-05-22,12.0,1.0
2015-05-23,9.0,1.0
2015-05-24,7.0,1.0
2015-05-25,10.0,1.0
2015-05-26,15.0,1.0
2015-05-27,14.0,1.0
2015-05-28,15.0,1.0
2015-05-29,14.0,1.0
2015-05-30,8.0,1.0
2015-05-31,8.0,1.0
2015-06-01,11.0,1.0
2015-06-02,14.0,1.0
2015-06-03,14.0,1.0
2015-06-04,14.0,1.0
2015-06-05,14.0,1.0
2015-06-06,10.0,1.0
2015-06-07,6.0,1.0
2015-06-08,15.0,1.0
2015-06-09,15.0,1.0
2015-06-10,10.0,1.0
2015-06-11,13.0,1.0
2015-06-12,11.0,1.0
2015-06-13,7.0,1.0
2015-06-14,7.0,1.0
2015-06-15,12.0,1.0
2015-06-16,11.0,1.0
2015-06-17,11.0,1.0
2015-06-18,11.0,1.0
2015-06-19,12.0,1.0
2015-06-20,6.0,1.0
2015-06-21,5.0,1.0
2015-06-22,12.0,1.0
2015-06-23,11.0,1.0
2015-06-24,8.0,1.0
2015-06-25,11.0,1.0
2015-06-26,8.0,1.0
2015-06-27,5.0,1.0
2015-06-28,5.0,1.0
2015-06-29,11.0,1.0
2015-06-30,11.0,1.0
2015-07-01,9.0,1.0
2015-07-02,11.0,1.0
2015-07-03,8.0,1.0
2015-07-04,7.0,1.0
2015-07-05,4.0,1.0
2015-07-06,10.0,1.0
2015-07-07,8.0,1.0
2015-07-08,8.0,1.0
2015-07-09,11.0,1.0
2015-07-10,8.0,1.0
2015-07-11,6.0,1.0
2015-07-12,5.0,1.0
2015-07-13,9.0,1.0
2015-07-14,12.0,1.0
2015-07-15,10.0,1.0
2015-07-16,10.0,1.0
2015-07-17,8.0,1.0
2015-07-18,5.0,1.0
2015-07-19,4.0,1.0
2015-07-20,10.0,1.0
2015-07-21,12.0,1.0
2015-07-22,9.0,1.0
2015-07-23,8.0,1.0
2015-07-24,9.0,1.0
2015-07-25,6.0,1.0
2015-07-26,7.0,1.0
2015-07-27,10.0,1.0
2015-07-28,9.0,1.0
2015-07-29,10.0,1.0
2015-07-30,11.0,1.0
2015-07-31,15.0,1.0
2015-08-01,7.0,1.0
2015-08-02,7.0,1.0
2015-08-03,12.0,1.0
2015-08-04,11.0,1.0
2015-08-05,10.0,1.0
2015-08-06,8.0,1.0
2015-08-07,8.0,1.0
2015-08-08,7.0,1.0
2015-08-09,6.0,1.0
2015-08-10,9.0,1.0
2015-08-11,8.0,1.0
2015-08-12,10.0,1.0
2015-08-13,11.0,1.0
2015-08-14,10.0,1.0
2015-08-15,6.0,1.0
2015-08-16,6.0,1.0
2015-08-17,8.0,1.0
2015-08-18,8.0,1.0
2015-08-19,8.0,1.0
2015-08-20,8.0,1.0
2015-08-21,10.0,1.0
2015-08-22,14.0,1.0
2015-08-23,10.0,
2015-08-24,20.0,
2015-08-25,15.0,
2015-08-26,9.0,
2015-08-27,10.0,
2015-08-28,9.0,
2015-08-29,6.0,
2015-08-30,5.0,
2015-08-31,9.0,
2015-09-01,13.0,
2015-09-02,12.0,
2015-09-03,9.0,
2015-09-04,9.0,
2015-09-05,6.0,
2015-09-06,4.0,
2015-09-07,13.0,
2015-09-08,12.0,
2015-09-09,11.0,
2015-09-10,12.0,
2015-09-11,8.0,
2015-09-12,5.0,
2015-09-13,5.0,
2015-09-14,14.0,
2015-09-15,13.0,
2015-09-16,13.0,
2015-09-17,11.0,
2015-09-18,10.0,
2015-09-19,6.0,
2015-09-20,8.0,
2015-09-21,11.0,
2015-09-22,14.0,
2015-09-23,14.0,
2015-09-24,14.0,
2015-09-25,16.0,
2015-09-26,9.0,
2015-09-27,8.0,
2015-09-28,16.0,
2015-09-29,14.0,
2015-09-30,14.0,
2015-10-01,14.0,
2015-10-02,13.0,
2015-10-03,5.0,
2015-10-04,6.0,
2015-10-05,15.0,
2015-10-06,14.0,
2015-10-07,17.0,
2015-10-08,13.0,
2015-10-09,12.0,
2015-10-10,7.0,
2015-10-11,6.0,
2015-10-12,14.0,
2015-10-13,16.0,
2015-10-14,12.0,
2015-10-15,15.0,
2015-10-16,11.0,
2015-10-17,7.0,
2015-10-18,9.0,
2015-10-19,13.0,
2015-10-20,13.0,
2015-10-21,13.0,
2015-10-22,12.0,
2015-10-23,10.0,
2015-10-24,7.0,
2015-10-25,8.0,
2015-10-26,12.0,
2015-10-27,16.0,
2015-10-28,11.0,
2015-10-29,12.0,
2015-10-30,12.0,1.0
2015-10-31,7.0,1.0
2015-11-01,8.0,1.0
2015-11-02,14.0,1.0
2015-11-03,16.0,1.0
2015-11-04,15.0,1.0
2015-11-05,14.0,1.0
2015-11-06,13.0,1.0
2015-11-07,9.0,1.0
2015-11-08,8.0,1.0
2015-11-09,14.0,1.0
2015-11-10,14.0,1.0
2015-11-11,14.0,1.0
2015-11-12,12.0,1.0
2015-11-13,10.0,1.0
2015-11-14,5.0,1.0
2015-11-15,8.0,1.0
2015-11-16,13.0,1.0
2015-11-17,12.0,1.0
2015-11-18,14.0,1.0
2015-11-19,14.0,1.0
2015-11-20,11.0,1.0
2015-11-21,7.0,1.0
2015-11-22,9.0,1.0
2015-11-23,13.0,1.0
2015-11-24,13.0,1.0
2015-11-25,10.0,1.0
2015-11-26,10.0,1.0
2015-11-27,11.0,1.0
2015-11-28,7.0,1.0
2015-11-29,9.0,1.0
2015-11-30,13.0,1.0
2015-12-01,14.0,1.0
2015-12-02,11.0,1.0
2015-12-03,11.0,1.0
2015-12-04,9.0,1.0
2015-12-05,6.0,1.0
2015-12-06,5.0,1.0
2015-12-07,12.0,1.0
2015-12-08,12.0,1.0
2015-12-09,12.0,1.0
2015-12-10,13.0,1.0
2015-12-11,12.0,1.0
2015-12-12,7.0,1.0
2015-12-13,6.0,1.0
2015-12-14,11.0,1.0
2015-12-15,12.0,1.0
2015-12-16,11.0,1.0
2015-12-17,13.0,1.0
2015-12-18,11.0,1.0
2015-12-19,6.0,1.0
2015-12-20,6.0,1.0
2015-12-21,11.0,1.0
2015-12-22,10.0,1.0
2015-12-23,7.0,1.0
2015-12-24,7.0,1.0
2015-12-25,6.0,1.0
2015-12-26,3.0,1.0
2015-12-27,5.0,1.0
2015-12-28,9.0,1.0
2015-12-29,8.0,1.0
2015-12-30,6.0,1.0
2015-12-31,4.0,1.0
2016-01-01,5.0,1.0
2016-01-02,4.0,1.0
2016-01-03,5.0,1.0
2016-01-04,7.0,1.0
2016-01-05,9.0,1.0
2016-01-06,8.0,1.0
2016-01-07,11.0,1.0
2016-01-08,10.0,1.0
2016-01-09,6.0,1.0
2016-01-10,6.0,1.0
2016-01-11,13.0,1.0
2016-01-12,11.0,1.0
2016-01-13,14.0,1.0
2016-01-14,10.0,1.0
2016-01-15,11.0,1.0
2016-01-16,7.0,1.0
2016-01-17,6.0,1.0
2016-01-18,11.0,1.0
2016-01-19,10.0,1.0
2016-01-20,10.0,1.0
2016-01-21,12.0,1.0
2016-01-22,14.0,1.0
2016-01-23,6.0,1.0
2016-01-24,6.0,1.0
2016-01-25,10.0,1.0
2016-01-26,10.0,1.0
2016-01-27,12.0,1.0
2016-01-28,11.0,1.0
2016-01-29,12.0,1.0
2016-01-30,6.0,1.0
2016-01-31,6.0,1.0
2016-02-01,13.0,1.0
2016-02-02,12.0,1.0
2016-02-03,13.0,1.0
2016-02-04,12.0,1.0
2016-02-05,11.0,1.0
2016-02-06,5.0,1.0
2016-02-07,7.0,1.0
2016-02-08,12.0,
2016-02-09,10.0,
2016-02-10,10.0,
2016-02-11,12.0,
2016-02-12,10.0,
2016-02-13,7.0,
2016-02-14,5.0,
2016-02-15,12.0,
2016-02-16,11.0,
2016-02-17,10.0,
2016-02-18,13.0,
2016-02-19,10.0,
2016-02-20,6.0,
2016-02-21,7.0,
2016-02-22,14.0,
2016-02-23,14.0,
2016-02-24,13.0,
2016-02-25,12.0,
2016-02-26,11.0,
2016-02-27,8.0,
2016-02-28,5.0,
2016-02-29,14.0,
2016-03-01,13.0,
2016-03-02,11.0,
2016-03-03,19.0,
2016-03-04,13.0,
2016-03-05,7.0,
2016-03-06,9.0,
2016-03-07,11.0,
2016-03-08,14.0,
2016-03-09,14.0,
2016-03-10,12.0,
2016-03-11,11.0,
2016-03-12,7.0,
2016-03-13,8.0,
2016-03-14,10.0,
2016-03-15,12.0,
2016-03-16,12.0,
2016-03-17,10.0,
2016-03-18,11.0,
2016-03-19,7.0,
2016-03-20,8.0,
2016-03-21,10.0,
2016-03-22,10.0,
2016-03-23,8.0,
2016-03-24,8.0,
2016-03-25,5.0,
2016-03-26,5.0,
2016-03-27,7.0,
2016-03-28,8.0,
2016-03-29,10.0,
2016-03-30,10.0,
2016-03-31,9.0,
2016-04-01,9.0,
2016-04-02,5.0,
2016-04-03,5.0,
2016-04-04,12.0,
2016-04-05,13.0,
2016-04-06,11.0,
2016-04-07,14.0,
2016-04-08,8.0,
2016-04-09,5.0,
2016-04-10,5.0,
2016-04-11,13.0,
2016-04-12,12.0,
2016-04-13,11.0,
2016-04-14,8.0,
2016-04-15,9.0,
2016-04-16,6.0,1.0
2016-04-17,8.0,1.0
2016-04-18,16.0,1.0
2016-04-19,10.0,1.0
2016-04-20,13.0,1.0
2016-04-21,12.0,1.0
2016-04-22,11.0,1.0
2016-04-23,8.0,1.0
2016-04-24,8.0,1.0
2016-04-25,14.0,1.0
2016-04-26,13.0,1.0
2016-04-27,14.0,1.0
2016-04-28,13.0,1.0
2016-04-29,12.0,1.0
2016-04-30,7.0,1.0
2016-05-01,8.0,1.0
2016-05-02,15.0,1.0
2016-05-03,15.0,1.0
2016-05-04,14.0,1.0
2016-05-05,9.0,1.0
2016-05-06,14.0,1.0
2016-05-07,8.0,1.0
2016-05-08,9.0,1.0
2016-05-09,14.0,1.0
2016-05-10,16.0,1.0
2016-05-11,12.0,1.0
2016-05-12,16.0,1.0
2016-05-13,13.0,1.0
2016-05-14,7.0,1.0
2016-05-15,6.0,1.0
2016-05-16,12.0,1.0
2016-05-17,17.0,1.0
2016-05-18,14.0,1.0
2016-05-19,10.0,1.0
2016-05-20,14.0,1.0
2016-05-21,9.0,1.0
2016-05-22,7.0,1.0
2016-05-23,16.0,1.0
2016-05-24,13.0,1.0
2016-05-25,16.0,1.0
2016-05-26,15.0,1.0
2016-05-27,20.0,1.0
2016-05-28,8.0,1.0
2016-05-29,6.0,1.0
2016-05-30,16.0,1.0
2016-05-31,15.0,1.0
2016-06-01,15.0,1.0
2016-06-02,15.0,1.0
2016-06-03,16.0,1.0
2016-06-04,10.0,1.0
2016-06-05,7.0,1.0
2016-06-06,16.0,1.0
2016-06-07,18.0,1.0
2016-06-08,15.0,1.0
2016-06-09,14.0,1.0
2016-06-10,12.0,1.0
2016-06-11,8.0,1.0
2016-06-12,6.0,1.0
2016-06-13,12.0,1.0
2016-06-14,15.0,1.0
2016-06-15,10.0,1.0
2016-06-16,11.0,1.0
2016-06-17,13.0,1.0
2016-06-18,8.0,1.0
2016-06-19,7.0,1.0
2016-06-20,11.0,1.0
2016-06-21,12.0,1.0
2016-06-22,14.0,1.0
2016-06-23,13.0,1.0
2016-06-24,10.0,1.0
2016-06-25,5.0,1.0
2016-06-26,6.0,1.0
2016-06-27,13.0,1.0
2016-06-28,14.0,1.0
2016-06-29,10.0,1.0
2016-06-30,16.0,1.0
2016-07-01,15.0,1.0
2016-07-02,5.0,1.0
2016-07-03,5.0,1.0
2016-07-04,14.0,1.0
2016-07-05,11.0,1.0
2016-07-06,11.0,1.0
2016-07-07,12.0,1.0
2016-07-08,9.0,1.0
2016-07-09,5.0,1.0
2016-07-10,5.0,1.0
2016-07-11,10.0,1.0
2016-07-12,12.0,1.0
2016-07-13,12.0,1.0
2016-07-14,10.0,1.0
2016-07-15,13.0,1.0
2016-07-16,5.0,1.0
2016-07-17,6.0,1.0
2016-07-18,14.0,1.0
2016-07-19,21.0,1.0
2016-07-20,18.0,1.0
2016-07-21,19.0,1.0
2016-07-22,18.0,1.0
2016-07-23,11.0,1.0
2016-07-24,39.0,1.0
2016-07-25,30.0,1.0
2016-07-26,25.0,
2016-07-27,21.0,
2016-07-28,21.0,
2016-07-29,19.0,
2016-07-30,9.0,
2016-07-31,7.0,
2016-08-01,19.0,
2016-08-02,29.0,
2016-08-03,30.0,
2016-08-04,30.0,
2016-08-05,36.0,
2016-08-06,55.0,
2016-08-07,26.0,
2016-08-08,26.0,
2016-08-09,28.0,
2016-08-10,29.0,
2016-08-11,26.0,
2016-08-12,22.0,
2016-08-13,21.0,
2016-08-14,21.0,
2016-08-15,24.0,
2016-08-16,22.0,
2016-08-17,28.0,
2016-08-18,31.0,
2016-08-19,34.0,
2016-08-20,24.0,
2016-08-21,23.0,
2016-08-22,40.0,
2016-08-23,21.0,
2016-08-24,20.0,
2016-08-25,21.0,
2016-08-26,11.0,
2016-08-27,11.0,
2016-08-28,8.0,
2016-08-29,21.0,
2016-08-30,19.0,
2016-08-31,16.0,
2016-09-01,19.0,
2016-09-02,16.0,
2016-09-03,3.0,
2016-09-04,6.0,
2016-09-05,12.0,
2016-09-06,19.0,
2016-09-07,21.0,
2016-09-08,15.0,
2016-09-09,13.0,
2016-09-10,11.0,
2016-09-11,5.0,
2016-09-12,19.0,
2016-09-13,13.0,
2016-09-14,17.0,
2016-09-15,18.0,
2016-09-16,15.0,
2016-09-17,11.0,
2016-09-18,9.0,
2016-09-19,20.0,
2016-09-20,16.0,
2016-09-21,14.0,
2016-09-22,16.0,
2016-09-23,16.0,
2016-09-24,9.0,
2016-09-25,8.0,
2016-09-26,16.0,
2016-09-27,16.0,
2016-09-28,15.0,
2016-09-29,21.0,
2016-09-30,13.0,
2016-10-01,10.0,
2016-10-02,10.0,1.0
2016-10-03,23.0,1.0
2016-10-04,20.0,1.0
2016-10-05,20.0,1.0
2016-10-06,22.0,1.0
2016-10-07,20.0,1.0
2016-10-08,14.0,1.0
2016-10-09,11.0,1.0
2016-10-10,22.0,1.0
2016-10-11,16.0,1.0
2016-10-12,15.0,1.0
2016-10-13,20.0,1.0
2016-10-14,19.0,1.0
2016-10-15,10.0,1.0
2016-10-16,14.0,1.0
2016-10-17,24.0,1.0
2016-10-18,36.0,1.0
2016-10-19,26.0,1.0
2016-10-20,26.0,1.0
2016-10-21,22.0,1.0
2016-10-22,7.0,1.0
2016-10-23,8.0,1.0
2016-10-24,20.0,1.0
2016-10-25,19.0,1.0
2016-10-26,21.0,1.0
2016-10-27,20.0,1.0
2016-10-28,19.0,1.0
2016-10-29,9.0,1.0
2016-10-30,9.0,1.0
2016-10-31,14.0,1.0
2016-11-01,20.0,1.0
2016-11-02,19.0,1.0
2016-11-03,20.0,1.0
2016-11-04,21.0,1.0
2016-11-05,11.0,1.0
2016-11-06,8.0,1.0
2016-11-07,21.0,1.0
2016-11-08,21.0,1.0
2016-11-09,15.0,1.0
2016-11-10,21.0,1.0
2016-11-11,12.0,1.0
2016-11-12,12.0,1.0
2016-11-13,9.0,1.0
2016-11-14,13.0,1.0
2016-11-15,23.0,1.0
2016-11-16,19.0,1.0
2016-11-17,21.0,1.0
2016-11-18,20.0,1.0
2016-11-19,10.0,1.0
2016-11-20,10.0,1.0
2016-11-21,23.0,1.0
2016-11-22,19.0,1.0
2016-11-23,17.0,1.0
2016-11-24,14.0,1.0
2016-11-25,14.0,1.0
2016-11-26,10.0,1.0
2016-11-27,10.0,1.0
2016-11-28,17.0,1.0
2016-11-29,20.0,1.0
2016-11-30,16.0,1.0
2016-12-01,18.0,1.0
2016-12-02,15.0,1.0
2016-12-03,8.0,1.0
2016-12-04,12.0,1.0
2016-12-05,15.0,1.0
2016-12-06,18.0,1.0
2016-12-07,19.0,1.0
2016-12-08,19.0,1.0
2016-12-09,15.0,1.0
2016-12-10,9.0,1.0
2016-12-11,9.0,1.0
2016-12-12,14.0,1.0
2016-12-13,17.0,1.0
2016-12-14,19.0,1.0
2016-12-15,17.0,1.0
2016-12-16,14.0,1.0
2016-12-17,10.0,1.0
2016-12-18,6.0,1.0
2016-12-19,19.0,1.0
2016-12-20,15.0,1.0
2016-12-21,15.0,1.0
2016-12-22,16.0,1.0
2016-12-23,12.0,1.0
2016-12-24,8.0,1.0
2016-12-25,6.0,1.0
2016-12-26,10.0,1.0
2016-12-27,13.0,1.0
2016-12-28,14.0,1.0
2016-12-29,14.0,1.0
2016-12-30,14.0,1.0
2016-12-31,7.0,1.0
2017-01-01,5.0,1.0
2017-01-02,12.0,1.0
2017-01-03,18.0,1.0
2017-01-04,17.0,1.0
2017-01-05,17.0,1.0
2017-01-06,16.0,1.0
2017-01-07,9.0,1.0
2017-01-08,10.0,1.0
2017-01-09,19.0,1.0
2017-01-10,20.0,1.0
2017-01-11,20.0,
2017-01-12,23.0,
2017-01-13,17.0,
2017-01-14,10.0,
2017-01-15,6.0,
2017-01-16,18.0,
2017-01-17,18.0,
2017-01-18,21.0,
2017-01-19,23.0,
2017-01-20,25.0,
2017-01-21,12.0,
2017-01-22,10.0,
2017-01-23,22.0,
2017-01-24,23.0,
2017-01-25,20.0,
2017-01-26,17.0,
2017-01-27,22.0,
2017-01-28,24.0,
2017-01-29,17.0,
2017-01-30,20.0,
2017-01-31,26.0,
2017-02-01,22.0,
2017-02-02,24.0,
2017-02-03,20.0,
2017-02-04,13.0,
2017-02-05,8.0,
2017-02-06,24.0,
2017-02-07,17.0,
2017-02-08,22.0,
2017-02-09,20.0,
2017-02-10,20.0,
2017-02-11,9.0,
2017-02-12,11.0,
2017-02-13,19.0,
2017-02-14,22.0,
2017-02-15,28.0,
2017-02-16,21.0,
2017-02-17,20.0,
2017-02-18,10.0,
2017-02-19,12.0,
2017-02-20,21.0,
2017-02-21,20.0,
2017-02-22,19.0,
2017-02-23,21.0,
2017-02-24,16.0,
2017-02-25,8.0,
2017-02-26,13.0,
2017-02-27,22.0,
2017-02-28,17.0,
2017-03-01,22.0,
2017-03-02,22.0,
2017-03-03,19.0,
2017-03-04,8.0,
2017-03-05,12.0,
2017-03-06,22.0,
2017-03-07,23.0,
2017-03-08,18.0,
2017-03-09,19.0,
2017-03-10,17.0,
2017-03-11,8.0,
2017-03-12,7.0,
2017-03-13,20.0,
2017-03-14,25.0,
2017-03-15,19.0,
2017-03-16,21.0,
2017-03-17,18.0,
2017-03-18,7.0,
2017-03-19,12.0,
2017-03-20,20.0,1.0
2017-03-21,19.0,1.0
2017-03-22,19.0,1.0
2017-03-23,20.0,1.0
2017-03-24,16.0,1.0
2017-03-25,11.0,1.0
2017-03-26,12.0,1.0
2017-03-27,20.0,1.0
2017-03-28,18.0,1.0
2017-03-29,18.0,1.0
2017-03-30,19.0,1.0
2017-03-31,20.0,1.0
2017-04-01,8.0,1.0
2017-04-02,10.0,1.0
2017-04-03,19.0,1.0
2017-04-04,18.0,1.0
2017-04-05,21.0,1.0
2017-04-06,19.0,1.0
2017-04-07,20.0,1.0
2017-04-08,10.0,1.0
2017-04-09,9.0,1.0
2017-04-10,24.0,1.0
2017-04-11,20.0,1.0
2017-04-12,18.0,1.0
2017-04-13,17.0,1.0
2017-04-14,9.0,1.0
2017-04-15,9.0,1.0
2017-04-16,9.0,1.0
2017-04-17,25.0,1.0
2017-04-18,25.0,1.0
2017-04-19,20.0,1.0
2017-04-20,18.0,1.0
2017-04-21,20.0,1.0
2017-04-22,10.0,1.0
2017-04-23,9.0,1.0
2017-04-24,26.0,1.0
2017-04-25,19.0,1.0
2017-04-26,23.0,1.0
2017-04-27,20.0,1.0
2017-04-28,16.0,1.0
2017-04-29,7.0,1.0
2017-04-30,11.0,1.0
2017-05-01,16.0,1.0
2017-05-02,24.0,1.0
2017-05-03,23.0,1.0
2017-05-04,22.0,1.0
2017-05-05,26.0,1.0
2017-05-06,9.0,1.0
2017-05-07,13.0,1.0
2017-05-08,24.0,1.0
2017-05-09,20.0,1.0
2017-05-10,23.0,1.0
2017-05-11,20.0,1.0
2017-05-12,21.0,1.0
2017-05-13,11.0,1.0
2017-05-14,13.0,1.0
2017-05-15,25.0,1.0
2017-05-16,23.0,1.0
2017-05-17,20.0,1.0
2017-05-18,22.0,1.0
2017-05-19,18.0,1.0
2017-05-20,11.0,1.0
2017-05-21,10.0,1.0
2017-05-22,19.0,1.0
2017-05-23,19.0,1.0
2017-05-24,20.0,1.0
2017-05-25,25.0,1.0
2017-05-26,24.0,1.0
2017-05-27,12.0,1.0
2017-05-28,11.0,1.0
2017-05-29,22.0,1.0
2017-05-30,19.0,1.0
2017-05-31,22.0,1.0
2017-06-01,21.0,1.0
2017-06-02,22.0,1.0
2017-06-03,10.0,1.0
2017-06-04,9.0,1.0
2017-06-05,19.0,1.0
2017-06-06,18.0,1.0
2017-06-07,21.0,1.0
2017-06-08,21.0,1.0
2017-06-09,22.0,1.0
2017-06-10,12.0,1.0
2017-06-11,9.0,1.0
2017-06-12,21.0,1.0
2017-06-13,14.0,1.0
2017-06-14,17.0,1.0
2017-06-15,24.0,1.0
2017-06-16,22.0,1.0
2017-06-17,12.0,1.0
2017-06-18,9.0,1.0
2017-06-19,21.0,1.0
2017-06-20,23.0,1.0
2017-06-21,20.0,1.0
2017-06-22,19.0,1.0
2017-06-23,21.0,1.0
2017-06-24,8.0,1.0
2017-06-25,9.0,1.0
2017-06-26,14.0,1.0
2017-06-27,25.0,1.0
2017-06-28,17.0,1.0
2017-06-29,14.0,
2017-06-30,18.0,
2017-07-01,8.0,
2017-07-02,7.0,
2017-07-03,13.0,
2017-07-04,11.0,
2017-07-05,17.0,
2017-07-06,17.0,
2017-07-07,15.0,
2017-07-08,9.0,
2017-07-09,5.0,
2017-07-10,12.0,
2017-07-11,23.0,
2017-07-12,20.0,
2017-07-13,16.0,
2017-07-14,18.0,
2017-07-15,7.0,
2017-07-16,7.0,
2017-07-17,16.0,
2017-07-18,17.0,
2017-07-19,14.0,
2017-07-20,14.0,
2017-07-21,13.0,
2017-07-22,7.0,
2017-07-23,10.0,
2017-07-24,15.0,
2017-07-25,20.0,
2017-07-26,16.0,
2017-07-27,16.0,
2017-07-28,12.0,
2017-07-29,8.0,
2017-07-30,10.0,
2017-07-31,16.0,
2017-08-01,18.0,
2017-08-02,12.0,
2017-08-03,22.0,
2017-08-04,23.0,
2017-08-05,10.0,
2017-08-06,6.0,
2017-08-07,18.0,
2017-08-08,17.0,
2017-08-09,25.0,
2017-08-10,20.0,
2017-08-11,17.0,
2017-08-12,12.0,
2017-08-13,7.0,
2017-08-14,15.0,
2017-08-15,10.0,
2017-08-16,18.0,
2017-08-17,16.0,
2017-08-18,13.0,
2017-08-19,11.0,
2017-08-20,4.0,
2017-08-21,19.0,
2017-08-22,14.0,
2017-08-23,8.0,
2017-08-24,15.0,
2017-08-25,10.0,
2017-08-26,8.0,
2017-08-27,9.0,
2017-08-28,17.0,
2017-08-29,18.0,
2017-08-30,19.0,
2017-08-31,22.0,
2017-09-01,17.0,
2017-09-02,10.0,
2017-09-03,7.0,
2017-09-04,21.0,
2017-09-05,21.0,1.0
2017-09-06,22.0,1.0
2017-09-07,15.0,1.0
2017-09-08,19.0,1.0
2017-09-09,9.0,1.0
2017-09-10,10.0,1.0
2017-09-11,19.0,1.0
2017-09-12,26.0,1.0
2017-09-13,29.0,1.0
2017-09-14,26.0,1.0
2017-09-15,23.0,1.0
2017-09-16,13.0,1.0
2017-09-17,8.0,1.0
2017-09-18,23.0,1.0
2017-09-19,21.0,1.0
2017-09-20,24.0,1.0
2017-09-21,25.0,1.0
2017-09-22,28.0,1.0
2017-09-23,10.0,1.0
2017-09-24,11.0,1.0
2017-09-25,22.0,1.0
2017-09-26,28.0,1.0
2017-09-27,23.0,1.0
2017-09-28,19.0,1.0
2017-09-29,22.0,1.0
2017-09-30,9.0,1.0
2017-10-01,8.0,1.0
2017-10-02,16.0,1.0
2017-10-03,18.0,1.0
2017-10-04,21.0,1.0
2017-10-05,23.0,1.0
2017-10-06,18.0,1.0
2017-10-07,14.0,1.0
2017-10-08,13.0,1.0
2017-10-09,24.0,1.0
2017-10-10,25.0,1.0
2017-10-11,23.0,1.0
2017-10-12,21.0,1.0
2017-10-13,16.0,1.0
2017-10-14,9.0,1.0
2017-10-15,12.0,1.0
2017-10-16,22.0,1.0
2017-10-17,19.0,1.0
2017-10-18,14.0,1.0
2017-10-19,17.0,1.0
2017-10-20,15.0,1.0
2017-10-21,11.0,1.0
2017-10-22,11.0,1.0
2017-10-23,22.0,1.0
2017-10-24,19.0,1.0
2017-10-25,25.0,1.0
2017-10-26,25.0,1.0
2017-10-27,23.0,1.0
2017-10-28,11.0,1.0
2017-10-29,12.0,1.0
2017-10-30,23.0,1.0
2017-10-31,22.0,1.0
2017-11-01,20.0,1.0
2017-11-02,26.0,1.0
2017-11-03,18.0,1.0
2017-11-04,13.0,1.0
2017-11-05,11.0,1.0
2017-11-06,25.0,1.0
2017-11-07,21.0,1.0
2017-11-08,23.0,1.0
2017-11-09,17.0,1.0
2017-11-10,18.0,1.0
2017-11-11,14.0,1.0
2017-11-12,13.0,1.0
2017-11-13,24.0,1.0
2017-11-14,25.0,1.0
2017-11-15,25.0,1.0
2017-11-16,20.0,1.0
2017-11-17,19.0,1.0
2017-11-18,10.0,1.0
2017-11-19,10.0,1.0
2017-11-20,20.0,1.0
2017-11-21,23.0,1.0
2017-11-22,19.0,1.0
2017-11-23,22.0,1.0
2017-11-24,16.0,1.0
2017-11-25,9.0,1.0
2017-11-26,12.0,1.0
2017-11-27,17.0,1.0
2017-11-28,19.0,1.0
2017-11-29,22.0,1.0
2017-11-30,18.0,1.0
2017-12-01,18.0,1.0
2017-12-02,7.0,1.0
2017-12-03,10.0,1.0
2017-12-04,19.0,1.0
2017-12-05,49.0,1.0
2017-12-06,30.0,1.0
2017-12-07,23.0,1.0
2017-12-08,23.0,1.0
2017-12-09,14.0,1.0
2017-12-10,15.0,1.0
2017-12-11,22.0,1.0
2017-12-12,22.0,1.0
2017-12-13,21.0,1.0
2017-12-14,20.0,1.0
2017-12-15,20.0,
2017-12-16,10.0,
2017-12-17,10.0,
2017-12-18,20.0,
2017-12-19,18.0,
2017-12-20,12.0,
2017-12-21,17.0,
2017-12-22,16.0,
2017-12-23,9.0,
2017-12-24,5.0,
2017-12-25,6.0,
2017-12-26,17.0,
2017-12-27,17.0,
2017-12-28,19.0,
2017-12-29,17.0,
2017-12-30,13.0,
2017-12-31,5.0,
2018-01-01,15.0,
2018-01-02,17.0,
2018-01-03,20.0,
2018-01-04,14.0,
2018-01-05,23.0,
2018-01-06,10.0,
2018-01-07,10.0,
2018-01-08,21.0,
2018-01-09,24.0,
2018-01-10,19.0,
2018-01-11,23.0,
2018-01-12,20.0,
2018-01-13,16.0,
2018-01-14,8.0,
2018-01-15,20.0,
2018-01-16,16.0,
2018-01-17,27.0,
2018-01-18,21.0,
2018-01-19,29.0,
2018-01-20,11.0,
2018-01-21,12.0,
2018-01-22,20.0,
2018-01-23,34.0,
2018-01-24,22.0,
2018-01-25,25.0,
2018-01-26,17.0,
2018-01-27,13.0,
2018-01-28,13.0,
2018-01-29,22.0,
2018-01-30,52.0,
2018-01-31,42.0,
2018-02-01,34.0,
2018-02-02,34.0,
2018-02-03,16.0,
2018-02-04,15.0,
2018-02-05,33.0,
2018-02-06,33.0,
2018-02-07,26.0,
2018-02-08,44.0,
2018-02-09,42.0,
2018-02-10,30.0,
2018-02-11,23.0,
2018-02-12,35.0,
2018-02-13,26.0,
2018-02-14,37.0,
2018-02-15,33.0,
2018-02-16,31.0,
2018-02-17,18.0,
2018-02-18,15.0,
2018-02-19,30.0,
2018-02-20,34.0,
2018-02-21,36.0,1.0
2018-02-22,31.0,1.0
2018-02-23,33.0,1.0
2018-02-24,20.0,1.0
2018-02-25,38.0,1.0
2018-02-26,40.0,1.0
2018-02-27,29.0,1.0
2018-02-28,31.0,1.0
2018-03-01,24.0,1.0
2018-03-02,19.0,1.0
2018-03-03,13.0,1.0
2018-03-04,14.0,1.0
2018-03-05,28.0,1.0
2018-03-06,26.0,1.0
2018-03-07,28.0,1.0
2018-03-08,25.0,1.0
2018-03-09,25.0,1.0
2018-03-10,12.0,1.0
2018-03-11,12.0,1.0
2018-03-12,32.0,1.0
2018-03-13,38.0,1.0
2018-03-14,33.0,1.0
2018-03-15,58.0,1.0
2018-03-16,36.0,1.0
2018-03-17,12.0,1.0
2018-03-18,18.0,1.0
2018-03-19,39.0,1.0
2018-03-20,34.0,1.0
2018-03-21,37.0,1.0
2018-03-22,32.0,1.0
2018-03-23,30.0,1.0
2018-03-24,14.0,1.0
2018-03-25,13.0,1.0
2018-03-26,28.0,1.0
2018-03-27,38.0,1.0
2018-03-28,30.0,1.0
2018-03-29,17.0,1.0
2018-03-30,13.0,1.0
2018-03-31,14.0,1.0
2018-04-01,12.0,1.0
2018-04-02,28.0,1.0
2018-04-03,33.0,1.0
2018-04-04,27.0,1.0
2018-04-05,27.0,1.0
2018-04-06,26.0,1.0
2018-04-07,10.0,1.0
2018-04-08,13.0,1.0
2018-04-09,31.0,1.0
2018-04-10,28.0,1.0
2018-04-11,36.0,1.0
2018-04-12,42.0,1.0
2018-04-13,36.0,1.0
2018-04-14,11.0,1.0
2018-04-15,14.0,1.0
2018-04-16,32.0,1.0
2018-04-17,30.0,1.0
2018-04-18,37.0,1.0
2018-04-19,38.0,1.0
2018-04-20,32.0,1.0
2018-04-21,13.0,1.0
2018-04-22,13.0,1.0
2018-04-23,36.0,1.0
2018-04-24,30.0,1.0
2018-04-25,32.0,1.0
2018-04-26,33.0,1.0
2018-04-27,29.0,1.0
2018-04-28,13.0,1.0
2018-04-29,13.0,1.0
2018-04-30,29.0,1.0
2018-05-01,15.0,1.0
2018-05-02,32.0,1.0
2018-05-03,23.0,1.0
2018-05-04,28.0,1.0
2018-05-05,13.0,1.0
2018-05-06,14.0,1.0
2018-05-07,29.0,1.0
2018-05-08,31.0,1.0
2018-05-09,30.0,1.0
2018-05-10,32.0,1.0
2018-05-11,33.0,1.0
2018-05-12,11.0,1.0
2018-05-13,11.0,1.0
2018-05-14,28.0,1.0
2018-05-15,32.0,1.0
2018-05-16,27.0,1.0
2018-05-17,19.0,1.0
2018-05-18,26.0,1.0
2018-05-19,12.0,1.0
2018-05-20,11.0,1.0
2018-05-21,27.0,1.0
2018-05-22,37.0,1.0
2018-05-23,36.0,1.0
2018-05-24,31.0,1.0
2018-05-25,37.0,1.0
2018-05-26,12.0,1.0
2018-05-27,12.0,1.0
2018-05-28,35.0,1.0
2018-05-29,32.0,1.0
2018-05-30,29.0,1.0
2018-05-31,27.0,1.0
2018-06-01,28.0,1.0
2018-06-02,12.0,
2018-06-03,12.0,
2018-06-04,29.0,
2018-06-05,29.0,
2018-06-06,25.0,
2018-06-07,27.0,
2018-06-08,25.0,
2018-06-09,9.0,
2018-06-10,12.0,
2018-06-11,29.0,
2018-06-12,35.0,
2018-06-13,30.0,
2018-06-14,31.0,
2018-06-15,21.0,
2018-06-16,12.0,
2018-06-17,9.0,
2018-06-18,29.0,
2018-06-19,30.0,
2018-06-20,30.0,
2018-06-21,28.0,
2018-06-22,29.0,
2018-06-23,12.0,
2018-06-24,7.0,
2018-06-25,23.0,
2018-06-26,20.0,
2018-06-27,32.0,
2018-06-28,30.0,
2018-06-29,30.0,
2018-06-30,9.0,
2018-07-01,9.0,
2018-07-02,24.0,
2018-07-03,26.0,
2018-07-04,21.0,
2018-07-05,28.0,
2018-07-06,21.0,
2018-07-07,7.0,
2018-07-08,6.0,
2018-07-09,23.0,
2018-07-10,22.0,
2018-07-11,23.0,
2018-07-12,29.0,
2018-07-13,23.0,
2018-07-14,9.0,
2018-07-15,8.0,
2018-07-16,21.0,
2018-07-17,32.0,
2018-07-18,38.0,
2018-07-19,28.0,
2018-07-20,21.0,
2018-07-21,9.0,
2018-07-22,10.0,
2018-07-23,22.0,
2018-07-24,27.0,
2018-07-25,26.0,
2018-07-26,23.0,
2018-07-27,29.0,
2018-07-28,14.0,
2018-07-29,9.0,
2018-07-30,26.0,
2018-07-31,28.0,
2018-08-01,25.0,
2018-08-02,28.0,
2018-08-03,25.0,
2018-08-04,8.0,
2018-08-05,11.0,
2018-08-06,25.0,
2018-08-07,23.0,
2018-08-08,25.0,
2018-08-09,23.0,1.0
2018-08-10,23.0,1.0
2018-08-11,14.0,1.0
2018-08-12,15.0,1.0
2018-08-13,32.0,1.0
2018-08-14,27.0,1.0
2018-08-15,12.0,1.0
2018-08-16,28.0,1.0
2018-08-17,27.0,1.0
2018-08-18,13.0,1.0
2018-08-19,9.0,1.0
2018-08-20,28.0,1.0
2018-08-21,27.0,1.0
2018-08-22,21.0,1.0
2018-08-23,36.0,1.0
2018-08-24,23.0,1.0
2018-08-25,16.0,1.0
2018-08-26,15.0,1.0
2018-08-27,29.0,1.0
2018-08-28,25.0,1.0
2018-08-29,27.0,1.0
2018-08-30,35.0,1.0
2018-08-31,31.0,1.0
2018-09-01,13.0,1.0
2018-09-02,15.0,1.0
2018-09-03,28.0,1.0
2018-09-04,27.0,1.0
2018-09-05,33.0,1.0
2018-09-06,39.0,1.0
2018-09-07,20.0,1.0
2018-09-08,14.0,1.0
2018-09-09,8.0,1.0
2018-09-10,25.0,1.0
2018-09-11,27.0,1.0
2018-09-12,33.0,1.0
2018-09-13,20.0,1.0
2018-09-14,33.0,1.0
2018-09-15,12.0,1.0
2018-09-16,16.0,1.0
2018-09-17,42.0,1.0
2018-09-18,33.0,1.0
2018-09-19,29.0,1.0
2018-09-20,29.0,1.0
2018-09-21,32.0,1.0
2018-09-22,16.0,1.0
2018-09-23,15.0,1.0
2018-09-24,31.0,1.0
2018-09-25,32.0,1.0
2018-09-26,28.0,1.0
2018-09-27,25.0,1.0
2018-09-28,28.0,1.0
2018-09-29,12.0,1.0
2018-09-30,14.0,1.0
2018-10-01,28.0,1.0
2018-10-02,20.0,1.0
2018-10-03,30.0,1.0
2018-10-04,39.0,1.0
2018-10-05,73.0,1.0
2018-10-06,25.0,1.0
2018-10-07,17.0,1.0
2018-10-08,48.0,1.0
2018-10-09,50.0,1.0
2018-10-10,43.0,1.0
2018-10-11,45.0,1.0
2018-10-12,34.0,1.0
2018-10-13,17.0,1.0
2018-10-14,12.0,1.0
2018-10-15,36.0,1.0
2018-10-16,39.0,1.0
2018-10-17,35.0,1.0
2018-10-18,23.0,1.0
2018-10-19,32.0,1.0
2018-10-20,16.0,1.0
2018-10-21,17.0,1.0
2018-10-22,32.0,1.0
2018-10-23,38.0,1.0
2018-10-24,33.0,1.0
2018-10-25,36.0,1.0
2018-10-26,31.0,1.0
2018-10-27,15.0,1.0
2018-10-28,12.0,1.0
2018-10-29,35.0,1.0
2018-10-30,37.0,1.0
2018-10-31,32.0,1.0
2018-11-01,27.0,1.0
2018-11-02,44.0,1.0
2018-11-03,13.0,1.0
2018-11-04,14.0,1.0
2018-11-05,40.0,1.0
2018-11-06,31.0,1.0
2018-11-07,22.0,1.0
2018-11-08,25.0,1.0
2018-11-09,25.0,1.0
2018-11-10,16.0,1.0
2018-11-11,14.0,1.0
2018-11-12,44.0,1.0
2018-11-13,44.0,1.0
2018-11-14,40.0,1.0
2018-11-15,41.0,1.0
2018-11-16,30.0,1.0
2018-11-17,19.0,1.0
2018-11-18,13.0,
2018-11-19,33.0,
2018-11-20,31.0,
2018-11-21,28.0,
2018-11-22,33.0,
2018-11-23,19.0,
2018-11-24,13.0,
2018-11-25,14.0,
2018-11-26,42.0,
2018-11-27,33.0,
2018-11-28,31.0,
2018-11-29,36.0,
2018-11-30,38.0,
2018-12-01,20.0,
2018-12-02,13.0,
2018-12-03,40.0,
2018-12-04,36.0,
2018-12-05,31.0,
2018-12-06,30.0,
2018-12-07,29.0,
2018-12-08,13.0,
2018-12-09,17.0,
2018-12-10,39.0,
2018-12-11,27.0,
2018-12-12,33.0,
2018-12-13,54.0,
2018-12-14,54.0,
2018-12-15,18.0,
2018-12-16,15.0,
2018-12-17,43.0,
2018-12-18,44.0,
2018-12-19,41.0,
2018-12-20,39.0,
2018-12-21,41.0,
2018-12-22,23.0,
2018-12-23,15.0,
2018-12-24,34.0,
2018-12-25,14.0,
2018-12-26,27.0,
2018-12-27,37.0,
2018-12-28,34.0,
2018-12-29,13.0,
2018-12-30,13.0,
2018-12-31,32.0,
2019-01-01,27.0,
2019-01-02,29.0,
2019-01-03,31.0,
2019-01-04,33.0,
2019-01-05,18.0,
2019-01-06,14.0,
2019-01-07,34.0,
2019-01-08,32.0,
2019-01-09,33.0,
2019-01-10,31.0,
2019-01-11,32.0,
2019-01-12,20.0,
2019-01-13,16.0,
2019-01-14,33.0,
2019-01-15,35.0,
2019-01-16,33.0,
2019-01-17,33.0,
2019-01-18,44.0,
2019-01-19,20.0,
2019-01-20,7.0,
2019-01-21,34.0,
2019-01-22,33.0,
2019-01-23,25.0,
2019-01-24,25.0,
2019-01-25,25.0,1.0
2019-01-26,12.0,1.0
2019-01-27,13.0,1.0
2019-01-28,29.0,1.0
2019-01-29,33.0,1.0
2019-01-30,39.0,1.0
2019-01-31,38.0,1.0
2019-02-01,30.0,1.0
2019-02-02,15.0,1.0
2019-02-03,12.0,1.0
2019-02-04,26.0,1.0
2019-02-05,28.0,1.0
2019-02-06,30.0,1.0
2019-02-07,28.0,1.0
2019-02-08,28.0,1.0
2019-02-09,15.0,1.0
2019-02-10,12.0,1.0
2019-02-11,34.0,1.0
2019-02-12,32.0,1.0
2019-02-13,39.0,1.0
2019-02-14,41.0,1.0
2019-02-15,36.0,1.0
2019-02-16,13.0,1.0
2019-02-17,14.0,1.0
2019-02-18,32.0,1.0
2019-02-19,42.0,1.0
2019-02-20,28.0,1.0
2019-02-21,36.0,1.0
2019-02-22,50.0,1.0
2019-02-23,20.0,1.0
2019-02-24,14.0,1.0
2019-02-25,34.0,1.0
2019-02-26,40.0,1.0
2019-02-27,39.0,1.0
2019-02-28,38.0,1.0
2019-03-01,41.0,1.0
2019-03-02,18.0,1.0
2019-03-03,16.0,1.0
2019-03-04,25.0,1.0
2019-03-05,34.0,1.0
2019-03-06,32.0,1.0
2019-03-07,33.0,1.0
2019-03-08,35.0,1.0
2019-03-09,14.0,1.0
2019-03-10,13.0,1.0
2019-03-11,34.0,1.0
2019-03-12,37.0,1.0
2019-03-13,35.0,1.0
2019-03-14,33.0,1.0
2019-03-15,41.0,1.0
2019-03-16,15.0,1.0
2019-03-17,13.0,1.0
2019-03-18,48.0,1.0
2019-03-19,51.0,1.0
2019-03-20,41.0,1.0
2019-03-21,21.0,1.0
2019-03-22,39.0,1.0
2019-03-23,14.0,1.0
2019-03-24,16.0,1.0
2019-03-25,40.0,1.0
2019-03-26,39.0,1.0
2019-03-27,40.0,1.0
2019-03-28,35.0,1.0
2019-03-29,37.0,1.0
2019-03-30,17.0,1.0
2019-03-31,14.0,1.0
2019-04-01,30.0,1.0
2019-04-02,32.0,1.0
2019-04-03,37.0,1.0
2019-04-04,33.0,1.0
2019-04-05,32.0,1.0
2019-04-06,12.0,1.0
2019-04-07,14.0,1.0
2019-04-08,31.0,1.0
2019-04-09,37.0,1.0
2019-04-10,32.0,1.0
2019-04-11,35.0,1.0
2019-04-12,29.0,1.0
2019-04-13,9.0,1.0
2019-04-14,9.0,1.0
2019-04-15,28.0,1.0
2019-04-16,31.0,1.0
2019-04-17,20.0,1.0
2019-04-18,26.0,1.0
2019-04-19,17.0,1.0
2019-04-20,11.0,1.0
2019-04-21,11.0,1.0
2019-04-22,31.0,1.0
2019-04-23,26.0,1.0
2019-04-24,37.0,1.0
2019-04-25,31.0,1.0
2019-04-26,30.0,1.0
2019-04-27,13.0,1.0
2019-04-28,12.0,1.0
2019-04-29,21.0,1.0
2019-04-30,29.0,1.0
2019-05-01,18.0,1.0
2019-05-02,29.0,1.0
2019-05-03,28.0,1.0
2019-05-04,16.0,1.0
2019-05-05,10.0,1.0
2019-05-06,31.0,
2019-05-07,33.0,
2019-05-08,28.0,
2019-05-09,34.0,
2019-05-10,27.0,
2019-05-11,13.0,
2019-05-12,12.0,
2019-05-13,33.0,
2019-05-14,32.0,
2019-05-15,27.0,
2019-05-16,29.0,
2019-05-17,45.0,
2019-05-18,18.0,
2019-05-19,12.0,
2019-05-20,35.0,
2019-05-21,36.0,
2019-05-22,34.0,
2019-05-23,42.0,
2019-05-24,36.0,
2019-05-25,13.0,
2019-05-26,8.0,
2019-05-27,29.0,
2019-05-28,31.0,
2019-05-29,32.0,
2019-05-30,33.0,
2019-05-31,36.0,
2019-06-01,12.0,
2019-06-02,14.0,
2019-06-03,38.0,
2019-06-04,32.0,
2019-06-05,21.0,
2019-06-06,33.0,
2019-06-07,28.0,
2019-06-08,11.0,
2019-06-09,8.0,
2019-06-10,26.0,
2019-06-11,30.0,
2019-06-12,27.0,
2019-06-13,28.0,
2019-06-14,25.0,
2019-06-15,11.0,
2019-06-16,10.0,
2019-06-17,26.0,
2019-06-18,26.0,
2019-06-19,28.0,
2019-06-20,27.0,
2019-06-21,24.0,
2019-06-22,13.0,
2019-06-23,15.0,
2019-06-24,28.0,
2019-06-25,27.0,
2019-06-26,32.0,
2019-06-27,28.0,
2019-06-28,24.0,
2019-06-29,13.0,
2019-06-30,13.0,
2019-07-01,30.0,
2019-07-02,27.0,
2019-07-03,25.0,
2019-07-04,23.0,
2019-07-05,28.0,
2019-07-06,13.0,
2019-07-07,9.0,
2019-07-08,25.0,
2019-07-09,26.0,
2019-07-10,25.0,
2019-07-11,27.0,
2019-07-12,29.0,
2019-07-13,13.0,1.0
2019-07-14,10.0,1.0
2019-07-15,23.0,1.0
2019-07-16,23.0,1.0
2019-07-17,24.0,1.0
2019-07-18,23.0,1.0
2019-07-19,21.0,1.0
2019-07-20,12.0,1.0
2019-07-21,12.0,1.0
2019-07-22,25.0,1.0
2019-07-23,22.0,1.0
2019-07-24,26.0,1.0
2019-07-25,20.0,1.0
2019-07-26,23.0,1.0
2019-07-27,10.0,1.0
2019-07-28,11.0,1.0
2019-07-29,24.0,1.0
2019-07-30,22.0,1.0
2019-07-31,27.0,1.0
2019-08-01,27.0,1.0
2019-08-02,27.0,1.0
2019-08-03,13.0,1.0
2019-08-04,8.0,1.0
2019-08-05,23.0,1.0
2019-08-06,22.0,1.0
2019-08-07,20.0,1.0
2019-08-08,29.0,1.0
2019-08-09,24.0,1.0
2019-08-10,9.0,1.0
2019-08-11,8.0,1.0
2019-08-12,13.0,1.0
2019-08-13,23.0,1.0
2019-08-14,26.0,1.0
2019-08-15,11.0,1.0
2019-08-16,20.0,1.0
2019-08-17,11.0,1.0
2019-08-18,12.0,1.0
2019-08-19,26.0,1.0
2019-08-20,25.0,1.0
2019-08-21,24.0,1.0
2019-08-22,27.0,1.0
2019-08-23,27.0,1.0
2019-08-24,12.0,1.0
2019-08-25,13.0,1.0
2019-08-26,29.0,1.0
2019-08-27,27.0,1.0
2019-08-28,27.0,1.0
2019-08-29,22.0,1.0
2019-08-30,25.0,1.0
2019-08-31,10.0,1.0
2019-09-01,13.0,1.0
2019-09-02,19.0,1.0
2019-09-03,30.0,1.0
2019-09-04,29.0,1.0
2019-09-05,32.0,1.0
2019-09-06,32.0,1.0
2019-09-07,15.0,1.0
2019-09-08,13.0,1.0
2019-09-09,27.0,1.0
2019-09-10,20.0,1.0
2019-09-11,25.0,1.0
2019-09-12,28.0,1.0
2019-09-13,30.0,1.0
2019-09-14,14.0,1.0
2019-09-15,14.0,1.0
2019-09-16,35.0,1.0
2019-09-17,32.0,1.0
2019-09-18,31.0,1.0
2019-09-19,30.0,1.0
2019-09-20,32.0,1.0
2019-09-21,17.0,1.0
2019-09-22,9.0,1.0
2019-09-23,38.0,1.0
2019-09-24,37.0,1.0
2019-09-25,34.0,1.0
2019-09-26,40.0,1.0
2019-09-27,35.0,1.0
2019-09-28,13.0,1.0
2019-09-29,14.0,1.0
2019-09-30,34.0,1.0
2019-10-01,33.0,1.0
2019-10-02,23.0,1.0
2019-10-03,31.0,1.0
2019-10-04,33.0,1.0
2019-10-05,14.0,1.0
2019-10-06,12.0,1.0
2019-10-07,29.0,1.0
2019-10-08,19.0,1.0
2019-10-09,34.0,1.0
2019-10-10,31.0,1.0
2019-10-11,27.0,1.0
2019-10-12,16.0,1.0
2019-10-13,10.0,1.0
2019-10-14,29.0,1.0
2019-10-15,26.0,1.0
2019-10-16,32.0,1.0
2019-10-17,35.0,1.0
2019-10-18,33.0,1.0
2019-10-19,19.0,1.0
2019-10-20,16.0,1.0
2019-10-21,25.0,1.0
2019-10-22,31.0,
2019-10-23,33.0,
2019-10-24,28.0,
2019-10-25,27.0,
2019-10-26,13.0,
2019-10-27,16.0,
2019-10-28,23.0,
2019-10-29,33.0,
2019-10-30,39.0,
2019-10-31,44.0,
2019-11-01,44.0,
2019-11-02,17.0,
2019-11-03,16.0,
2019-11-04,35.0,
2019-11-05,31.0,
2019-11-06,34.0,
2019-11-07,30.0,
2019-11-08,30.0,
2019-11-09,15.0,
2019-11-10,10.0,
2019-11-11,33.0,
2019-11-12,23.0,
2019-11-13,28.0,
2019-11-14,30.0,
2019-11-15,32.0,
2019-11-16,16.0,
2019-11-17,11.0,
2019-11-18,34.0,
2019-11-19,34.0,
2019-11-20,35.0,
2019-11-21,34.0,
2019-11-22,28.0,
2019-11-23,13.0,
2019-11-24,13.0,
2019-11-25,25.0,
2019-11-26,33.0,
2019-11-27,30.0,
2019-11-28,27.0,
2019-11-29,23.0,
2019-11-30,13.0,
2019-12-01,11.0,
2019-12-02,25.0,
2019-12-03,26.0,
2019-12-04,26.0,
2019-12-05,28.0,
2019-12-06,28.0,
2019-12-07,12.0,
2019-12-08,12.0,
2019-12-09,25.0,
2019-12-10,29.0,
2019-12-11,28.0,
2019-12-12,30.0,
2019-12-13,28.0,
2019-12-14,12.0,
2019-12-15,10.0,
2019-12-16,28.0,
2019-12-17,30.0,
2019-12-18,24.0,
2019-12-19,28.0,
2019-12-20,23.0,
2019-12-21,9.0,
2019-12-22,8.0,
2019-12-23,20.0,
2019-12-24,20.0,
2019-12-25,11.0,
2019-12-26,22.0,
2019-12-27,18.0,
2019-12-28,12.0,
2019-12-29,8.0,
2019-12-30,23.0,
2019-12-31,19.0,
2020-01-01,18.0,
2020-01-02,21.0,
2020-01-03,20.0,
2020-01-04,13.0,
2020-01-05,12.0,
2020-01-06,28.0,
2020-01-07,23.0,
2020-01-08,24.0,
2020-01-09,24.0,
2020-01-10,28.0,
2020-01-11,15.0,
2020-01-12,10.0,
2020-01-13,29.0,
2020-01-14,28.0,
2020-01-15,28.0,
2020-01-16,40.0,
2020-01-17,28.0,
2020-01-18,13.0,
2020-01-19,13.0,
2020-01-20,34.0,
2020-01-21,38.0,
2020-01-22,35.0,
2020-01-23,44.0,
2020-01-24,33.0,
2020-01-25,18.0,
2020-01-26,11.0,
2020-01-27,30.0,
2020-01-28,34.0,
2020-01-29,34.0,
2020-01-30,49.0,
2020-01-31,42.0,
2020-02-01,33.0,
2020-02-02,14.0,
2020-02-03,39.0,
2020-02-04,37.0,
2020-02-05,38.0,
2020-02-06,37.0,
2020-02-07,31.0,
2020-02-08,13.0,
2020-02-09,16.0,
2020-02-10,30.0,
2020-02-11,32.0,
2020-02-12,28.0,
2020-02-13,33.0,
2020-02-14,30.0,
2020-02-15,15.0,
2020-02-16,15.0,
2020-02-17,31.0,
2020-02-18,31.0,
2020-02-19,28.0,
2020-02-20,31.0,
2020-02-21,21.0,
2020-02-22,11.0,
2020-02-23,12.0,
2020-02-24,34.0,
2020-02-25,42.0,
2020-02-26,39.0,
2020-02-27,39.0,
2020-02-28,34.0,
2020-02-29,23.0,
2020-03-01,16.0,
2020-03-02,41.0,
2020-03-03,39.0,
2020-03-04,42.0,
2020-03-05,33.0,
2020-03-06,43.0,
2020-03-07,18.0,
2020-03-08,14.0,
2020-03-09,47.0,
2020-03-10,24.0,
2020-03-11,44.0,
2020-03-12,50.0,
2020-03-13,54.0,
2020-03-14,23.0,
2020-03-15,18.0,
2020-03-16,56.0,
2020-03-17,61.0,
2020-03-18,54.0,
2020-03-19,48.0,
2020-03-20,39.0,
2020-03-21,23.0,
2020-03-22,34.0,
2020-03-23,84.0,
2020-03-24,82.0,
2020-03-25,49.0,
2020-03-26,40.0,
2020-03-27,42.0,
2020-03-28,14.0,
2020-03-29,16.0,
2020-03-30,36.0,
2020-03-31,40.0,
2020-04-01,34.0,
2020-04-02,23.0,
2020-04-03,36.0,
2020-04-04,17.0,
2020-04-05,14.0,
2020-04-06,26.0,
2020-04-07,37.0,
