date,LT,overlap
2010-01-04,45.0,1.0
2010-01-05,39.0,1.0
2010-01-06,39.0,1.0
2010-01-07,40.0,1.0
2010-01-08,42.0,1.0
2010-01-09,40.0,1.0
2010-01-10,40.0,1.0
2010-01-11,44.0,1.0
2010-01-12,48.0,1.0
2010-01-13,48.0,1.0
2010-01-14,47.0,1.0
2010-01-15,44.0,1.0
2010-01-16,41.0,1.0
2010-01-17,43.0,1.0
2010-01-18,45.0,1.0
2010-01-19,48.0,1.0
2010-01-20,43.0,1.0
2010-01-21,48.0,1.0
2010-01-22,47.0,1.0
2010-01-23,41.0,1.0
2010-01-24,43.0,1.0
2010-01-25,48.0,1.0
2010-01-26,46.0,1.0
2010-01-27,47.0,1.0
2010-01-28,47.0,1.0
2010-01-29,39.0,1.0
2010-01-30,41.0,1.0
2010-01-31,37.0,1.0
2010-02-01,46.0,1.0
2010-02-02,40.0,
2010-02-03,44.0,
2010-02-04,43.0,
2010-02-05,42.0,
2010-02-06,41.0,
2010-02-07,39.0,
2010-02-08,44.0,
2010-02-09,43.0,
2010-02-10,44.0,
2010-02-11,42.0,
2010-02-12,43.0,
2010-02-13,43.0,
2010-02-14,45.0,
2010-02-15,41.0,
2010-02-16,38.0,
2010-02-17,49.0,
2010-02-18,46.0,
2010-02-19,39.0,
2010-02-20,49.0,
2010-02-21,40.0,
2010-02-22,47.0,
2010-02-23,52.0,
2010-02-24,41.0,
2010-02-25,53.0,
2010-02-26,48.0,
2010-02-27,41.0,
2010-02-28,36.0,
2010-03-01,47.0,
2010-03-02,43.0,
2010-03-03,46.0,
2010-03-04,45.0,
2010-03-05,43.0,
2010-03-06,41.0,
2010-03-07,44.0,
2010-03-08,47.0,
2010-03-09,46.0,
2010-03-10,41.0,
2010-03-11,39.0,
2010-03-12,41.0,
2010-03-13,41.0,
2010-03-14,47.0,
2010-03-15,47.0,
2010-03-16,43.0,
2010-03-17,45.0,
2010-03-18,41.0,
2010-03-19,48.0,
2010-03-20,44.0,
2010-03-21,41.0,
2010-03-22,49.0,
2010-03-23,41.0,
2010-03-24,41.0,
2010-03-25,47.0,
2010-03-26,41.0,
2010-03-27,43.0,
2010-03-28,46.0,
2010-03-29,43.0,
2010-03-30,41.0,
2010-03-31,41.0,
2010-04-01,46.0,
2010-04-02,48.0,
2010-04-03,41.0,
2010-04-04,36.0,
2010-04-05,35.0,
2010-04-06,43.0,
2010-04-07,41.0,
2010-04-08,39.0,
2010-04-09,43.0,
2010-04-10,42.0,
2010-04-11,46.0,1.0
2010-04-12,43.0,1.0
2010-04-13,44.0,1.0
2010-04-14,42.0,1.0
2010-04-15,45.0,1.0
2010-04-16,43.0,1.0
2010-04-17,39.0,1.0
2010-04-18,45.0,1.0
2010-04-19,43.0,1.0
2010-04-20,44.0,1.0
2010-04-21,49.0,1.0
2010-04-22,46.0,1.0
2010-04-23,46.0,1.0
2010-04-24,47.0,1.0
2010-04-25,42.0,1.0
2010-04-26,43.0,1.0
2010-04-27,44.0,1.0
2010-04-28,43.0,1.0
2010-04-29,45.0,1.0
2010-04-30,40.0,1.0
2010-05-01,47.0,1.0
2010-05-02,44.0,1.0
2010-05-03,42.0,1.0
2010-05-04,47.0,1.0
2010-05-05,47.0,1.0
2010-05-06,60.0,1.0
2010-05-07,54.0,1.0
2010-05-08,48.0,1.0
2010-05-09,43.0,1.0
2010-05-10,43.0,1.0
2010-05-11,42.0,1.0
2010-05-12,44.0,1.0
2010-05-13,41.0,1.0
2010-05-14,42.0,1.0
2010-05-15,41.0,1.0
2010-05-16,43.0,1.0
2010-05-17,40.0,1.0
2010-05-18,43.0,1.0
2010-05-19,46.0,1.0
2010-05-20,41.0,1.0
2010-05-21,41.0,1.0
2010-05-22,40.0,1.0
2010-05-23,41.0,1.0
2010-05-24,43.0,1.0
2010-05-25,44.0,1.0
2010-05-26,43.0,1.0
2010-05-27,42.0,1.0
2010-05-28,40.0,1.0
2010-05-29,39.0,1.0
2010-05-30,44.0,1.0
2010-05-31,45.0,1.0
2010-06-01,40.0,1.0
2010-06-02,41.0,1.0
2010-06-03,42.0,1.0
2010-06-04,47.0,1.0
2010-06-05,41.0,1.0
2010-06-06,43.0,1.0
2010-06-07,45.0,1.0
2010-06-08,50.0,1.0
2010-06-09,44.0,1.0
2010-06-10,42.0,1.0
2010-06-11,43.0,1.0
2010-06-12,38.0,1.0
2010-06-13,42.0,1.0
2010-06-14,47.0,1.0
2010-06-15,39.0,1.0
2010-06-16,44.0,1.0
2010-06-17,42.0,1.0
2010-06-18,45.0,1.0
2010-06-19,46.0,1.0
2010-06-20,41.0,1.0
2010-06-21,47.0,1.0
2010-06-22,42.0,1.0
2010-06-23,48.0,1.0
2010-06-24,38.0,1.0
2010-06-25,37.0,1.0
2010-06-26,39.0,1.0
2010-06-27,39.0,1.0
2010-06-28,41.0,1.0
2010-06-29,39.0,1.0
2010-06-30,43.0,1.0
2010-07-01,49.0,1.0
2010-07-02,44.0,1.0
2010-07-03,38.0,1.0
2010-07-04,34.0,1.0
2010-07-05,35.0,1.0
2010-07-06,37.0,1.0
2010-07-07,41.0,1.0
2010-07-08,43.0,1.0
2010-07-09,38.0,1.0
2010-07-10,40.0,1.0
2010-07-11,37.0,1.0
2010-07-12,40.0,1.0
2010-07-13,44.0,1.0
2010-07-14,41.0,1.0
2010-07-15,40.0,1.0
2010-07-16,36.0,1.0
2010-07-17,32.0,1.0
2010-07-18,32.0,1.0
2010-07-19,39.0,1.0
2010-07-20,38.0,1.0
2010-07-21,41.0,
2010-07-22,41.0,
2010-07-23,47.0,
2010-07-24,35.0,
2010-07-25,33.0,
2010-07-26,45.0,
2010-07-27,42.0,
2010-07-28,44.0,
2010-07-29,37.0,
2010-07-30,43.0,
2010-07-31,36.0,
2010-08-01,40.0,
2010-08-02,36.0,
2010-08-03,41.0,
2010-08-04,42.0,
2010-08-05,41.0,
2010-08-06,39.0,
2010-08-07,39.0,
2010-08-08,37.0,
2010-08-09,40.0,
2010-08-10,42.0,
2010-08-11,46.0,
2010-08-12,43.0,
2010-08-13,40.0,
2010-08-14,37.0,
2010-08-15,35.0,
2010-08-16,43.0,
2010-08-17,43.0,
2010-08-18,43.0,
2010-08-19,40.0,
2010-08-20,40.0,
2010-08-21,40.0,
2010-08-22,44.0,
2010-08-23,40.0,
2010-08-24,45.0,
2010-08-25,44.0,
2010-08-26,47.0,
2010-08-27,41.0,
2010-08-28,41.0,
2010-08-29,37.0,
2010-08-30,42.0,
2010-08-31,44.0,
2010-09-01,37.0,
2010-09-02,46.0,
2010-09-03,35.0,
2010-09-04,38.0,
2010-09-05,31.0,
2010-09-06,42.0,
2010-09-07,37.0,
2010-09-08,43.0,
2010-09-09,44.0,
2010-09-10,35.0,
2010-09-11,41.0,
2010-09-12,35.0,
2010-09-13,41.0,
2010-09-14,38.0,
2010-09-15,42.0,
2010-09-16,39.0,
2010-09-17,43.0,
2010-09-18,37.0,
2010-09-19,41.0,
2010-09-20,42.0,
2010-09-21,45.0,
2010-09-22,46.0,
2010-09-23,34.0,
2010-09-24,37.0,
2010-09-25,43.0,
2010-09-26,35.0,
2010-09-27,45.0,1.0
2010-09-28,46.0,1.0
2010-09-29,43.0,1.0
2010-09-30,48.0,1.0
2010-10-01,42.0,1.0
2010-10-02,41.0,1.0
2010-10-03,46.0,1.0
2010-10-04,44.0,1.0
2010-10-05,46.0,1.0
2010-10-06,42.0,1.0
2010-10-07,47.0,1.0
2010-10-08,39.0,1.0
2010-10-09,41.0,1.0
2010-10-10,40.0,1.0
2010-10-11,46.0,1.0
2010-10-12,43.0,1.0
2010-10-13,42.0,1.0
2010-10-14,43.0,1.0
2010-10-15,42.0,1.0
2010-10-16,42.0,1.0
2010-10-17,39.0,1.0
2010-10-18,48.0,1.0
2010-10-19,45.0,1.0
2010-10-20,42.0,1.0
2010-10-21,44.0,1.0
2010-10-22,45.0,1.0
2010-10-23,39.0,1.0
2010-10-24,42.0,1.0
2010-10-25,48.0,1.0
2010-10-26,43.0,1.0
2010-10-27,44.0,1.0
2010-10-28,47.0,1.0
2010-10-29,44.0,1.0
2010-10-30,42.0,1.0
2010-10-31,38.0,1.0
2010-11-01,48.0,1.0
2010-11-02,54.0,1.0
2010-11-03,50.0,1.0
2010-11-04,45.0,1.0
2010-11-05,45.0,1.0
2010-11-06,38.0,1.0
2010-11-07,44.0,1.0
2010-11-08,43.0,1.0
2010-11-09,44.0,1.0
2010-11-10,43.0,1.0
2010-11-11,47.0,1.0
2010-11-12,42.0,1.0
2010-11-13,41.0,1.0
2010-11-14,41.0,1.0
2010-11-15,44.0,1.0
2010-11-16,44.0,1.0
2010-11-17,44.0,1.0
2010-11-18,39.0,1.0
2010-11-19,44.0,1.0
2010-11-20,42.0,1.0
2010-11-21,40.0,1.0
2010-11-22,42.0,1.0
2010-11-23,48.0,1.0
2010-11-24,47.0,1.0
2010-11-25,50.0,1.0
2010-11-26,46.0,1.0
2010-11-27,41.0,1.0
2010-11-28,42.0,1.0
2010-11-29,43.0,1.0
2010-11-30,46.0,1.0
2010-12-01,46.0,1.0
2010-12-02,42.0,1.0
2010-12-03,43.0,1.0
2010-12-04,43.0,1.0
2010-12-05,42.0,1.0
2010-12-06,43.0,1.0
2010-12-07,43.0,1.0
2010-12-08,44.0,1.0
2010-12-09,41.0,1.0
2010-12-10,41.0,1.0
2010-12-11,43.0,1.0
2010-12-12,41.0,1.0
2010-12-13,44.0,1.0
2010-12-14,40.0,1.0
2010-12-15,43.0,1.0
2010-12-16,42.0,1.0
2010-12-17,38.0,1.0
2010-12-18,37.0,1.0
2010-12-19,37.0,1.0
2010-12-20,37.0,1.0
2010-12-21,36.0,1.0
2010-12-22,41.0,1.0
2010-12-23,36.0,1.0
2010-12-24,36.0,1.0
2010-12-25,38.0,1.0
2010-12-26,34.0,1.0
2010-12-27,39.0,1.0
2010-12-28,39.0,1.0
2010-12-29,42.0,1.0
2010-12-30,36.0,1.0
2010-12-31,37.0,1.0
2011-01-01,36.0,1.0
2011-01-02,37.0,1.0
2011-01-03,43.0,1.0
2011-01-04,43.0,1.0
2011-01-05,38.0,1.0
2011-01-06,45.0,
2011-01-07,48.0,
2011-01-08,46.0,
2011-01-09,40.0,
2011-01-10,41.0,
2011-01-11,45.0,
2011-01-12,41.0,
2011-01-13,44.0,
2011-01-14,47.0,
2011-01-15,38.0,
2011-01-16,45.0,
2011-01-17,45.0,
2011-01-18,43.0,
2011-01-19,41.0,
2011-01-20,43.0,
2011-01-21,45.0,
2011-01-22,39.0,
2011-01-23,41.0,
2011-01-24,45.0,
2011-01-25,45.0,
2011-01-26,42.0,
2011-01-27,45.0,
2011-01-28,45.0,
2011-01-29,38.0,
2011-01-30,37.0,
2011-01-31,47.0,
2011-02-01,46.0,
2011-02-02,40.0,
2011-02-03,39.0,
2011-02-04,39.0,
2011-02-05,42.0,
2011-02-06,39.0,
2011-02-07,44.0,
2011-02-08,44.0,
2011-02-09,45.0,
2011-02-10,43.0,
2011-02-11,42.0,
2011-02-12,40.0,
2011-02-13,40.0,
2011-02-14,46.0,
2011-02-15,45.0,
2011-02-16,46.0,
2011-02-17,47.0,
2011-02-18,43.0,
2011-02-19,46.0,
2011-02-20,41.0,
2011-02-21,44.0,
2011-02-22,45.0,
2011-02-23,49.0,
2011-02-24,43.0,
2011-02-25,45.0,
2011-02-26,41.0,
2011-02-27,43.0,
2011-02-28,42.0,
2011-03-01,48.0,
2011-03-02,47.0,
2011-03-03,41.0,
2011-03-04,43.0,
2011-03-05,39.0,
2011-03-06,42.0,
2011-03-07,46.0,
2011-03-08,46.0,
2011-03-09,43.0,
2011-03-10,48.0,
2011-03-11,41.0,
2011-03-12,45.0,
2011-03-13,41.0,
2011-03-14,47.0,
2011-03-15,40.0,1.0
2011-03-16,43.0,1.0
2011-03-17,41.0,1.0
2011-03-18,39.0,1.0
2011-03-19,40.0,1.0
2011-03-20,41.0,1.0
2011-03-21,45.0,1.0
2011-03-22,47.0,1.0
2011-03-23,44.0,1.0
2011-03-24,47.0,1.0
2011-03-25,42.0,1.0
2011-03-26,41.0,1.0
2011-03-27,40.0,1.0
2011-03-28,47.0,1.0
2011-03-29,42.0,1.0
2011-03-30,45.0,1.0
2011-03-31,46.0,1.0
2011-04-01,45.0,1.0
2011-04-02,39.0,1.0
2011-04-03,40.0,1.0
2011-04-04,41.0,1.0
2011-04-05,43.0,1.0
2011-04-06,45.0,1.0
2011-04-07,44.0,1.0
2011-04-08,43.0,1.0
2011-04-09,43.0,1.0
2011-04-10,42.0,1.0
2011-04-11,44.0,1.0
2011-04-12,43.0,1.0
2011-04-13,42.0,1.0
2011-04-14,45.0,1.0
2011-04-15,43.0,1.0
2011-04-16,39.0,1.0
2011-04-17,37.0,1.0
2011-04-18,42.0,1.0
2011-04-19,43.0,1.0
2011-04-20,42.0,1.0
2011-04-21,40.0,1.0
2011-04-22,38.0,1.0
2011-04-23,40.0,1.0
2011-04-24,34.0,1.0
2011-04-25,39.0,1.0
2011-04-26,44.0,1.0
2011-04-27,40.0,1.0
2011-04-28,41.0,1.0
2011-04-29,39.0,1.0
2011-04-30,37.0,1.0
2011-05-01,41.0,1.0
2011-05-02,41.0,1.0
2011-05-03,40.0,1.0
2011-05-04,42.0,1.0
2011-05-05,41.0,1.0
2011-05-06,44.0,1.0
2011-05-07,38.0,1.0
2011-05-08,40.0,1.0
2011-05-09,43.0,1.0
2011-05-10,43.0,1.0
2011-05-11,40.0,1.0
2011-05-12,40.0,1.0
2011-05-13,44.0,1.0
2011-05-14,35.0,1.0
2011-05-15,39.0,1.0
2011-05-16,43.0,1.0
2011-05-17,42.0,1.0
2011-05-18,41.0,1.0
2011-05-19,42.0,1.0
2011-05-20,41.0,1.0
2011-05-21,37.0,1.0
2011-05-22,38.0,1.0
2011-05-23,40.0,1.0
2011-05-24,43.0,1.0
2011-05-25,43.0,1.0
2011-05-26,42.0,1.0
2011-05-27,44.0,1.0
2011-05-28,38.0,1.0
2011-05-29,40.0,1.0
2011-05-30,47.0,1.0
2011-05-31,41.0,1.0
2011-06-01,46.0,1.0
2011-06-02,46.0,1.0
2011-06-03,42.0,1.0
2011-06-04,36.0,1.0
2011-06-05,37.0,1.0
2011-06-06,42.0,1.0
2011-06-07,48.0,1.0
2011-06-08,42.0,1.0
2011-06-09,41.0,1.0
2011-06-10,41.0,1.0
2011-06-11,40.0,1.0
2011-06-12,39.0,1.0
2011-06-13,45.0,1.0
2011-06-14,43.0,1.0
2011-06-15,45.0,1.0
2011-06-16,41.0,1.0
2011-06-17,40.0,1.0
2011-06-18,38.0,1.0
2011-06-19,40.0,1.0
2011-06-20,41.0,1.0
2011-06-21,42.0,1.0
2011-06-22,41.0,1.0
2011-06-23,43.0,1.0
2011-06-24,40.0,
2011-06-25,36.0,
2011-06-26,38.0,
2011-06-27,43.0,
2011-06-28,40.0,
2011-06-29,40.0,
2011-06-30,48.0,
2011-07-01,41.0,
2011-07-02,40.0,
2011-07-03,39.0,
2011-07-04,45.0,
2011-07-05,43.0,
2011-07-06,38.0,
2011-07-07,43.0,
2011-07-08,41.0,
2011-07-09,38.0,
2011-07-10,38.0,
2011-07-11,38.0,
2011-07-12,43.0,
2011-07-13,36.0,
2011-07-14,42.0,
2011-07-15,38.0,
2011-07-16,37.0,
2011-07-17,37.0,
2011-07-18,42.0,
2011-07-19,43.0,
2011-07-20,45.0,
2011-07-21,42.0,
2011-07-22,39.0,
2011-07-23,38.0,
2011-07-24,36.0,
2011-07-25,42.0,
2011-07-26,41.0,
2011-07-27,45.0,
2011-07-28,40.0,
2011-07-29,39.0,
2011-07-30,40.0,
2011-07-31,35.0,
2011-08-01,42.0,
2011-08-02,41.0,
2011-08-03,40.0,
2011-08-04,42.0,
2011-08-05,40.0,
2011-08-06,41.0,
2011-08-07,40.0,
2011-08-08,45.0,
2011-08-09,41.0,
2011-08-10,41.0,
2011-08-11,40.0,
2011-08-12,42.0,
2011-08-13,37.0,
2011-08-14,36.0,
2011-08-15,38.0,
2011-08-16,42.0,
2011-08-17,43.0,
2011-08-18,42.0,
2011-08-19,40.0,
2011-08-20,43.0,
2011-08-21,42.0,
2011-08-22,45.0,
2011-08-23,42.0,
2011-08-24,39.0,
2011-08-25,42.0,
2011-08-26,40.0,
2011-08-27,39.0,
2011-08-28,41.0,
2011-08-29,40.0,
2011-08-30,41.0,
2011-08-31,43.0,1.0
2011-09-01,42.0,1.0
2011-09-02,42.0,1.0
2011-09-03,34.0,1.0
2011-09-04,37.0,1.0
2011-09-05,39.0,1.0
2011-09-06,43.0,1.0
2011-09-07,44.0,1.0
2011-09-08,42.0,1.0
2011-09-09,39.0,1.0
2011-09-10,35.0,1.0
2011-09-11,37.0,1.0
2011-09-12,44.0,1.0
2011-09-13,42.0,1.0
2011-09-14,43.0,1.0
2011-09-15,43.0,1.0
2011-09-16,40.0,1.0
2011-09-17,35.0,1.0
2011-09-18,38.0,1.0
2011-09-19,43.0,1.0
2011-09-20,44.0,1.0
2011-09-21,44.0,1.0
2011-09-22,40.0,1.0
2011-09-23,46.0,1.0
2011-09-24,40.0,1.0
2011-09-25,39.0,1.0
2011-09-26,44.0,1.0
2011-09-27,47.0,1.0
2011-09-28,43.0,1.0
2011-09-29,45.0,1.0
2011-09-30,43.0,1.0
2011-10-01,42.0,1.0
2011-10-02,44.0,1.0
2011-10-03,54.0,1.0
2011-10-04,49.0,1.0
2011-10-05,47.0,1.0
2011-10-06,44.0,1.0
2011-10-07,46.0,1.0
2011-10-08,47.0,1.0
2011-10-09,44.0,1.0
2011-10-10,46.0,1.0
2011-10-11,50.0,1.0
2011-10-12,47.0,1.0
2011-10-13,47.0,1.0
2011-10-14,49.0,1.0
2011-10-15,37.0,1.0
2011-10-16,40.0,1.0
2011-10-17,45.0,1.0
2011-10-18,44.0,1.0
2011-10-19,44.0,1.0
2011-10-20,48.0,1.0
2011-10-21,44.0,1.0
2011-10-22,44.0,1.0
2011-10-23,46.0,1.0
2011-10-24,44.0,1.0
2011-10-25,47.0,1.0
2011-10-26,43.0,1.0
2011-10-27,45.0,1.0
2011-10-28,46.0,1.0
2011-10-29,43.0,1.0
2011-10-30,41.0,1.0
2011-10-31,41.0,1.0
2011-11-01,50.0,1.0
2011-11-02,49.0,1.0
2011-11-03,43.0,1.0
2011-11-04,43.0,1.0
2011-11-05,45.0,1.0
2011-11-06,41.0,1.0
2011-11-07,53.0,1.0
2011-11-08,56.0,1.0
2011-11-09,52.0,1.0
2011-11-10,57.0,1.0
2011-11-11,58.0,1.0
2011-11-12,52.0,1.0
2011-11-13,56.0,1.0
2011-11-14,59.0,1.0
2011-11-15,53.0,1.0
2011-11-16,56.0,1.0
2011-11-17,53.0,1.0
2011-11-18,57.0,1.0
2011-11-19,53.0,1.0
2011-11-20,55.0,1.0
2011-11-21,63.0,1.0
2011-11-22,62.0,1.0
2011-11-23,59.0,1.0
2011-11-24,61.0,1.0
2011-11-25,63.0,1.0
2011-11-26,59.0,1.0
2011-11-27,59.0,1.0
2011-11-28,60.0,1.0
2011-11-29,61.0,1.0
2011-11-30,61.0,1.0
2011-12-01,55.0,1.0
2011-12-02,61.0,1.0
2011-12-03,54.0,1.0
2011-12-04,57.0,1.0
2011-12-05,58.0,1.0
2011-12-06,47.0,1.0
2011-12-07,47.0,1.0
2011-12-08,47.0,1.0
2011-12-09,46.0,1.0
2011-12-10,43.0,
2011-12-11,45.0,
2011-12-12,46.0,
2011-12-13,45.0,
2011-12-14,43.0,
2011-12-15,49.0,
2011-12-16,45.0,
2011-12-17,47.0,
2011-12-18,48.0,
2011-12-19,51.0,
2011-12-20,43.0,
2011-12-21,43.0,
2011-12-22,43.0,
2011-12-23,39.0,
2011-12-24,43.0,
2011-12-25,48.0,
2011-12-26,47.0,
2011-12-27,49.0,
2011-12-28,48.0,
2011-12-29,45.0,
2011-12-30,43.0,
2011-12-31,33.0,
2012-01-01,38.0,
2012-01-02,43.0,
2012-01-03,41.0,
2012-01-04,49.0,
2012-01-05,42.0,
2012-01-06,42.0,
2012-01-07,38.0,
2012-01-08,43.0,
2012-01-09,45.0,
2012-01-10,45.0,
2012-01-11,43.0,
2012-01-12,42.0,
2012-01-13,43.0,
2012-01-14,38.0,
2012-01-15,37.0,
2012-01-16,45.0,
2012-01-17,43.0,
2012-01-18,42.0,
2012-01-19,45.0,
2012-01-20,43.0,
2012-01-21,38.0,
2012-01-22,41.0,
2012-01-23,45.0,
2012-01-24,47.0,
2012-01-25,44.0,
2012-01-26,47.0,
2012-01-27,47.0,
2012-01-28,43.0,
2012-01-29,49.0,
2012-01-30,46.0,
2012-01-31,44.0,
2012-02-01,44.0,
2012-02-02,49.0,
2012-02-03,44.0,
2012-02-04,42.0,
2012-02-05,46.0,
2012-02-06,46.0,
2012-02-07,44.0,
2012-02-08,43.0,
2012-02-09,43.0,
2012-02-10,45.0,
2012-02-11,42.0,
2012-02-12,36.0,
2012-02-13,43.0,
2012-02-14,40.0,
2012-02-15,49.0,
2012-02-16,49.0,1.0
2012-02-17,47.0,1.0
2012-02-18,44.0,1.0
2012-02-19,46.0,1.0
2012-02-20,46.0,1.0
2012-02-21,49.0,1.0
2012-02-22,44.0,1.0
2012-02-23,46.0,1.0
2012-02-24,42.0,1.0
2012-02-25,40.0,1.0
2012-02-26,43.0,1.0
2012-02-27,47.0,1.0
2012-02-28,43.0,1.0
2012-02-29,43.0,1.0
2012-03-01,47.0,1.0
2012-03-02,45.0,1.0
2012-03-03,47.0,1.0
2012-03-04,45.0,1.0
2012-03-05,45.0,1.0
2012-03-06,45.0,1.0
2012-03-07,44.0,1.0
2012-03-08,42.0,1.0
2012-03-09,44.0,1.0
2012-03-10,42.0,1.0
2012-03-11,42.0,1.0
2012-03-12,46.0,1.0
2012-03-13,46.0,1.0
2012-03-14,44.0,1.0
2012-03-15,43.0,1.0
2012-03-16,41.0,1.0
2012-03-17,41.0,1.0
2012-03-18,43.0,1.0
2012-03-19,46.0,1.0
2012-03-20,46.0,1.0
2012-03-21,45.0,1.0
2012-03-22,44.0,1.0
2012-03-23,44.0,1.0
2012-03-24,40.0,1.0
2012-03-25,44.0,1.0
2012-03-26,45.0,1.0
2012-03-27,46.0,1.0
2012-03-28,44.0,1.0
2012-03-29,46.0,1.0
2012-03-30,44.0,1.0
2012-03-31,43.0,1.0
2012-04-01,42.0,1.0
2012-04-02,46.0,1.0
2012-04-03,42.0,1.0
2012-04-04,47.0,1.0
2012-04-05,45.0,1.0
2012-04-06,40.0,1.0
2012-04-07,42.0,1.0
2012-04-08,39.0,1.0
2012-04-09,42.0,1.0
2012-04-10,43.0,1.0
2012-04-11,44.0,1.0
2012-04-12,43.0,1.0
2012-04-13,43.0,1.0
2012-04-14,40.0,1.0
2012-04-15,38.0,1.0
2012-04-16,45.0,1.0
2012-04-17,46.0,1.0
2012-04-18,43.0,1.0
2012-04-19,42.0,1.0
2012-04-20,45.0,1.0
2012-04-21,37.0,1.0
2012-04-22,40.0,1.0
2012-04-23,44.0,1.0
2012-04-24,44.0,1.0
2012-04-25,42.0,1.0
2012-04-26,42.0,1.0
2012-04-27,41.0,1.0
2012-04-28,36.0,1.0
2012-04-29,38.0,1.0
2012-04-30,42.0,1.0
2012-05-01,41.0,1.0
2012-05-02,42.0,1.0
2012-05-03,46.0,1.0
2012-05-04,40.0,1.0
2012-05-05,37.0,1.0
2012-05-06,42.0,1.0
2012-05-07,44.0,1.0
2012-05-08,43.0,1.0
2012-05-09,42.0,1.0
2012-05-10,40.0,1.0
2012-05-11,44.0,1.0
2012-05-12,42.0,1.0
2012-05-13,40.0,1.0
2012-05-14,47.0,1.0
2012-05-15,40.0,1.0
2012-05-16,43.0,1.0
2012-05-17,49.0,1.0
2012-05-18,44.0,1.0
2012-05-19,39.0,1.0
2012-05-20,40.0,1.0
2012-05-21,43.0,1.0
2012-05-22,44.0,1.0
2012-05-23,41.0,1.0
2012-05-24,43.0,1.0
2012-05-25,40.0,1.0
2012-05-26,40.0,1.0
2012-05-27,40.0,
2012-05-28,46.0,
2012-05-29,42.0,
2012-05-30,46.0,
2012-05-31,43.0,
2012-06-01,43.0,
2012-06-02,39.0,
2012-06-03,42.0,
2012-06-04,46.0,
2012-06-05,44.0,
2012-06-06,46.0,
2012-06-07,44.0,
2012-06-08,44.0,
2012-06-09,39.0,
2012-06-10,36.0,
2012-06-11,42.0,
2012-06-12,43.0,
2012-06-13,43.0,
2012-06-14,43.0,
2012-06-15,40.0,
2012-06-16,39.0,
2012-06-17,40.0,
2012-06-18,50.0,
2012-06-19,44.0,
2012-06-20,42.0,
2012-06-21,44.0,
2012-06-22,40.0,
2012-06-23,35.0,
2012-06-24,38.0,
2012-06-25,46.0,
2012-06-26,42.0,
2012-06-27,47.0,
2012-06-28,45.0,
2012-06-29,41.0,
2012-06-30,37.0,
2012-07-01,40.0,
2012-07-02,41.0,
2012-07-03,42.0,
2012-07-04,49.0,
2012-07-05,42.0,
2012-07-06,40.0,
2012-07-07,40.0,
2012-07-08,42.0,
2012-07-09,43.0,
2012-07-10,44.0,
2012-07-11,38.0,
2012-07-12,47.0,
2012-07-13,43.0,
2012-07-14,45.0,
2012-07-15,41.0,
2012-07-16,43.0,
2012-07-17,45.0,
2012-07-18,44.0,
2012-07-19,42.0,
2012-07-20,39.0,
2012-07-21,40.0,
2012-07-22,40.0,
2012-07-23,41.0,
2012-07-24,43.0,
2012-07-25,43.0,
2012-07-26,41.0,
2012-07-27,40.0,
2012-07-28,39.0,
2012-07-29,42.0,
2012-07-30,46.0,
2012-07-31,44.0,
2012-08-01,39.0,
2012-08-02,42.0,
2012-08-03,41.0,1.0
2012-08-04,35.0,1.0
2012-08-05,36.0,1.0
2012-08-06,45.0,1.0
2012-08-07,45.0,1.0
2012-08-08,43.0,1.0
2012-08-09,44.0,1.0
2012-08-10,44.0,1.0
2012-08-11,39.0,1.0
2012-08-12,37.0,1.0
2012-08-13,44.0,1.0
2012-08-14,43.0,1.0
2012-08-15,46.0,1.0
2012-08-16,41.0,1.0
2012-08-17,45.0,1.0
2012-08-18,39.0,1.0
2012-08-19,40.0,1.0
2012-08-20,48.0,1.0
2012-08-21,45.0,1.0
2012-08-22,41.0,1.0
2012-08-23,43.0,1.0
2012-08-24,41.0,1.0
2012-08-25,41.0,1.0
2012-08-26,41.0,1.0
2012-08-27,44.0,1.0
2012-08-28,41.0,1.0
2012-08-29,43.0,1.0
2012-08-30,42.0,1.0
2012-08-31,37.0,1.0
2012-09-01,37.0,1.0
2012-09-02,35.0,1.0
2012-09-03,41.0,1.0
2012-09-04,41.0,1.0
2012-09-05,41.0,1.0
2012-09-06,39.0,1.0
2012-09-07,45.0,1.0
2012-09-08,37.0,1.0
2012-09-09,39.0,1.0
2012-09-10,43.0,1.0
2012-09-11,43.0,1.0
2012-09-12,40.0,1.0
2012-09-13,42.0,1.0
2012-09-14,40.0,1.0
2012-09-15,38.0,1.0
2012-09-16,39.0,1.0
2012-09-17,42.0,1.0
2012-09-18,42.0,1.0
2012-09-19,40.0,1.0
2012-09-20,48.0,1.0
2012-09-21,40.0,1.0
2012-09-22,39.0,1.0
2012-09-23,38.0,1.0
2012-09-24,44.0,1.0
2012-09-25,42.0,1.0
2012-09-26,44.0,1.0
2012-09-27,44.0,1.0
2012-09-28,44.0,1.0
2012-09-29,37.0,1.0
2012-09-30,41.0,1.0
2012-10-01,48.0,1.0
2012-10-02,44.0,1.0
2012-10-03,45.0,1.0
2012-10-04,43.0,1.0
2012-10-05,44.0,1.0
2012-10-06,40.0,1.0
2012-10-07,38.0,1.0
2012-10-08,42.0,1.0
2012-10-09,43.0,1.0
2012-10-10,41.0,1.0
2012-10-11,45.0,1.0
2012-10-12,39.0,1.0
2012-10-13,39.0,1.0
2012-10-14,41.0,1.0
2012-10-15,43.0,1.0
2012-10-16,46.0,1.0
2012-10-17,42.0,1.0
2012-10-18,41.0,1.0
2012-10-19,40.0,1.0
2012-10-20,42.0,1.0
2012-10-21,40.0,1.0
2012-10-22,43.0,1.0
2012-10-23,44.0,1.0
2012-10-24,43.0,1.0
2012-10-25,44.0,1.0
2012-10-26,42.0,1.0
2012-10-27,43.0,1.0
2012-10-28,40.0,1.0
2012-10-29,43.0,1.0
2012-10-30,44.0,1.0
2012-10-31,41.0,1.0
2012-11-01,42.0,1.0
2012-11-02,42.0,1.0
2012-11-03,41.0,1.0
2012-11-04,39.0,1.0
2012-11-05,44.0,1.0
2012-11-06,44.0,1.0
2012-11-07,42.0,1.0
2012-11-08,43.0,1.0
2012-11-09,43.0,1.0
2012-11-10,39.0,1.0
2012-11-11,43.0,1.0
2012-11-12,44.0,
2012-11-13,41.0,
2012-11-14,43.0,
2012-11-15,44.0,
2012-11-16,38.0,
2012-11-17,41.0,
2012-11-18,41.0,
2012-11-19,41.0,
2012-11-20,43.0,
2012-11-21,43.0,
2012-11-22,40.0,
2012-11-23,41.0,
2012-11-24,39.0,
2012-11-25,39.0,
2012-11-26,43.0,
2012-11-27,42.0,
2012-11-28,44.0,
2012-11-29,44.0,
2012-11-30,39.0,
2012-12-01,41.0,
2012-12-02,41.0,
2012-12-03,44.0,
2012-12-04,42.0,
2012-12-05,44.0,
2012-12-06,42.0,
2012-12-07,41.0,
2012-12-08,39.0,
2012-12-09,39.0,
2012-12-10,43.0,
2012-12-11,45.0,
2012-12-12,44.0,
2012-12-13,41.0,
2012-12-14,39.0,
2012-12-15,40.0,
2012-12-16,40.0,
2012-12-17,44.0,
2012-12-18,42.0,
2012-12-19,39.0,
2012-12-20,40.0,
2012-12-21,36.0,
2012-12-22,40.0,
2012-12-23,38.0,
2012-12-24,35.0,
2012-12-25,33.0,
2012-12-26,40.0,
2012-12-27,41.0,
2012-12-28,41.0,
2012-12-29,38.0,
2012-12-30,40.0,
2012-12-31,36.0,
2013-01-01,34.0,
2013-01-02,46.0,
2013-01-03,41.0,
2013-01-04,43.0,
2013-01-05,40.0,
2013-01-06,42.0,
2013-01-07,44.0,
2013-01-08,42.0,
2013-01-09,44.0,
2013-01-10,46.0,
2013-01-11,42.0,
2013-01-12,40.0,
2013-01-13,41.0,
2013-01-14,41.0,
2013-01-15,43.0,
2013-01-16,41.0,
2013-01-17,39.0,
2013-01-18,43.0,
2013-01-19,41.0,1.0
2013-01-20,39.0,1.0
2013-01-21,41.0,1.0
2013-01-22,43.0,1.0
2013-01-23,44.0,1.0
2013-01-24,44.0,1.0
2013-01-25,41.0,1.0
2013-01-26,41.0,1.0
2013-01-27,40.0,1.0
2013-01-28,41.0,1.0
2013-01-29,43.0,1.0
2013-01-30,45.0,1.0
2013-01-31,44.0,1.0
2013-02-01,43.0,1.0
2013-02-02,44.0,1.0
2013-02-03,40.0,1.0
2013-02-04,44.0,1.0
2013-02-05,42.0,1.0
2013-02-06,42.0,1.0
2013-02-07,45.0,1.0
2013-02-08,43.0,1.0
2013-02-09,38.0,1.0
2013-02-10,40.0,1.0
2013-02-11,43.0,1.0
2013-02-12,44.0,1.0
2013-02-13,44.0,1.0
2013-02-14,42.0,1.0
2013-02-15,40.0,1.0
2013-02-16,40.0,1.0
2013-02-17,40.0,1.0
2013-02-18,44.0,1.0
2013-02-19,43.0,1.0
2013-02-20,42.0,1.0
2013-02-21,42.0,1.0
2013-02-22,42.0,1.0
2013-02-23,39.0,1.0
2013-02-24,38.0,1.0
2013-02-25,43.0,1.0
2013-02-26,42.0,1.0
2013-02-27,42.0,1.0
2013-02-28,45.0,1.0
2013-03-01,43.0,1.0
2013-03-02,39.0,1.0
2013-03-03,41.0,1.0
2013-03-04,42.0,1.0
2013-03-05,44.0,1.0
2013-03-06,41.0,1.0
2013-03-07,42.0,1.0
2013-03-08,41.0,1.0
2013-03-09,39.0,1.0
2013-03-10,37.0,1.0
2013-03-11,42.0,1.0
2013-03-12,46.0,1.0
2013-03-13,45.0,1.0
2013-03-14,44.0,1.0
2013-03-15,43.0,1.0
2013-03-16,40.0,1.0
2013-03-17,38.0,1.0
2013-03-18,44.0,1.0
2013-03-19,44.0,1.0
2013-03-20,42.0,1.0
2013-03-21,43.0,1.0
2013-03-22,44.0,1.0
2013-03-23,38.0,1.0
2013-03-24,41.0,1.0
2013-03-25,43.0,1.0
2013-03-26,44.0,1.0
2013-03-27,41.0,1.0
2013-03-28,44.0,1.0
2013-03-29,40.0,1.0
2013-03-30,37.0,1.0
2013-03-31,39.0,1.0
2013-04-01,41.0,1.0
2013-04-02,43.0,1.0
2013-04-03,42.0,1.0
2013-04-04,41.0,1.0
2013-04-05,41.0,1.0
2013-04-06,37.0,1.0
2013-04-07,38.0,1.0
2013-04-08,41.0,1.0
2013-04-09,44.0,1.0
2013-04-10,45.0,1.0
2013-04-11,42.0,1.0
2013-04-12,43.0,1.0
2013-04-13,37.0,1.0
2013-04-14,42.0,1.0
2013-04-15,43.0,1.0
2013-04-16,43.0,1.0
2013-04-17,41.0,1.0
2013-04-18,41.0,1.0
2013-04-19,41.0,1.0
2013-04-20,40.0,1.0
2013-04-21,39.0,1.0
2013-04-22,44.0,1.0
2013-04-23,43.0,1.0
2013-04-24,42.0,1.0
2013-04-25,42.0,1.0
2013-04-26,43.0,1.0
2013-04-27,39.0,1.0
2013-04-28,40.0,1.0
2013-04-29,39.0,1.0
2013-04-30,41.0,
2013-05-01,38.0,
2013-05-02,40.0,
2013-05-03,40.0,
2013-05-04,34.0,
2013-05-05,37.0,
2013-05-06,34.0,
2013-05-07,41.0,
2013-05-08,40.0,
2013-05-09,43.0,
2013-05-10,44.0,
2013-05-11,34.0,
2013-05-12,37.0,
2013-05-13,39.0,
2013-05-14,37.0,
2013-05-15,42.0,
2013-05-16,40.0,
2013-05-17,38.0,
2013-05-18,38.0,
2013-05-19,38.0,
2013-05-20,43.0,
2013-05-21,42.0,
2013-05-22,44.0,
2013-05-23,41.0,
2013-05-24,37.0,
2013-05-25,38.0,
2013-05-26,40.0,
2013-05-27,47.0,
2013-05-28,44.0,
2013-05-29,41.0,
2013-05-30,43.0,
2013-05-31,43.0,
2013-06-01,34.0,
2013-06-02,36.0,
2013-06-03,44.0,
2013-06-04,45.0,
2013-06-05,41.0,
2013-06-06,40.0,
2013-06-07,43.0,
2013-06-08,42.0,
2013-06-09,42.0,
2013-06-10,45.0,
2013-06-11,43.0,
2013-06-12,40.0,
2013-06-13,40.0,
2013-06-14,43.0,
2013-06-15,37.0,
2013-06-16,38.0,
2013-06-17,40.0,
2013-06-18,42.0,
2013-06-19,42.0,
2013-06-20,42.0,
2013-06-21,37.0,
2013-06-22,35.0,
2013-06-23,34.0,
2013-06-24,39.0,
2013-06-25,43.0,
2013-06-26,45.0,
2013-06-27,45.0,
2013-06-28,40.0,
2013-06-29,38.0,
2013-06-30,39.0,
2013-07-01,45.0,
2013-07-02,42.0,
2013-07-03,38.0,
2013-07-04,40.0,
2013-07-05,39.0,
2013-07-06,38.0,
2013-07-07,39.0,1.0
2013-07-08,40.0,1.0
2013-07-09,46.0,1.0
2013-07-10,43.0,1.0
2013-07-11,44.0,1.0
2013-07-12,45.0,1.0
2013-07-13,42.0,1.0
2013-07-14,37.0,1.0
2013-07-15,44.0,1.0
2013-07-16,45.0,1.0
2013-07-17,46.0,1.0
2013-07-18,45.0,1.0
2013-07-19,42.0,1.0
2013-07-20,39.0,1.0
2013-07-21,38.0,1.0
2013-07-22,44.0,1.0
2013-07-23,45.0,1.0
2013-07-24,43.0,1.0
2013-07-25,43.0,1.0
2013-07-26,47.0,1.0
2013-07-27,34.0,1.0
2013-07-28,37.0,1.0
2013-07-29,43.0,1.0
2013-07-30,42.0,1.0
2013-07-31,42.0,1.0
2013-08-01,45.0,1.0
2013-08-02,44.0,1.0
2013-08-03,39.0,1.0
2013-08-04,38.0,1.0
2013-08-05,45.0,1.0
2013-08-06,43.0,1.0
2013-08-07,43.0,1.0
2013-08-08,43.0,1.0
2013-08-09,43.0,1.0
2013-08-10,39.0,1.0
2013-08-11,39.0,1.0
2013-08-12,44.0,1.0
2013-08-13,46.0,1.0
2013-08-14,44.0,1.0
2013-08-15,40.0,1.0
2013-08-16,39.0,1.0
2013-08-17,35.0,1.0
2013-08-18,39.0,1.0
2013-08-19,45.0,1.0
2013-08-20,47.0,1.0
2013-08-21,39.0,1.0
2013-08-22,42.0,1.0
2013-08-23,41.0,1.0
2013-08-24,38.0,1.0
2013-08-25,36.0,1.0
2013-08-26,44.0,1.0
2013-08-27,43.0,1.0
2013-08-28,41.0,1.0
2013-08-29,41.0,1.0
2013-08-30,42.0,1.0
2013-08-31,39.0,1.0
2013-09-01,39.0,1.0
2013-09-02,41.0,1.0
2013-09-03,42.0,1.0
2013-09-04,43.0,1.0
2013-09-05,43.0,1.0
2013-09-06,42.0,1.0
2013-09-07,37.0,1.0
2013-09-08,38.0,1.0
2013-09-09,42.0,1.0
2013-09-10,42.0,1.0
2013-09-11,39.0,1.0
2013-09-12,41.0,1.0
2013-09-13,44.0,1.0
2013-09-14,40.0,1.0
2013-09-15,41.0,1.0
2013-09-16,44.0,1.0
2013-09-17,45.0,1.0
2013-09-18,44.0,1.0
2013-09-19,44.0,1.0
2013-09-20,43.0,1.0
2013-09-21,40.0,1.0
2013-09-22,43.0,1.0
2013-09-23,46.0,1.0
2013-09-24,44.0,1.0
2013-09-25,43.0,1.0
2013-09-26,44.0,1.0
2013-09-27,41.0,1.0
2013-09-28,38.0,1.0
2013-09-29,38.0,1.0
2013-09-30,42.0,1.0
2013-10-01,44.0,1.0
2013-10-02,41.0,1.0
2013-10-03,41.0,1.0
2013-10-04,42.0,1.0
2013-10-05,37.0,1.0
2013-10-06,37.0,1.0
2013-10-07,46.0,1.0
2013-10-08,41.0,1.0
2013-10-09,41.0,1.0
2013-10-10,45.0,1.0
2013-10-11,43.0,1.0
2013-10-12,38.0,1.0
2013-10-13,39.0,1.0
2013-10-14,45.0,1.0
2013-10-15,40.0,1.0
2013-10-16,42.0,
2013-10-17,45.0,
2013-10-18,43.0,
2013-10-19,39.0,
2013-10-20,40.0,
2013-10-21,46.0,
2013-10-22,43.0,
2013-10-23,47.0,
2013-10-24,45.0,
2013-10-25,47.0,
2013-10-26,47.0,
2013-10-27,41.0,
2013-10-28,46.0,
2013-10-29,48.0,
2013-10-30,45.0,
2013-10-31,44.0,
2013-11-01,41.0,
2013-11-02,41.0,
2013-11-03,43.0,
2013-11-04,48.0,
2013-11-05,46.0,
2013-11-06,46.0,
2013-11-07,47.0,
2013-11-08,45.0,
2013-11-09,41.0,
2013-11-10,39.0,
2013-11-11,47.0,
2013-11-12,46.0,
2013-11-13,46.0,
2013-11-14,45.0,
2013-11-15,44.0,
2013-11-16,43.0,
2013-11-17,42.0,
2013-11-18,47.0,
2013-11-19,48.0,
2013-11-20,48.0,
2013-11-21,45.0,
2013-11-22,43.0,
2013-11-23,42.0,
2013-11-24,42.0,
2013-11-25,46.0,
2013-11-26,42.0,
2013-11-27,46.0,
2013-11-28,45.0,
2013-11-29,44.0,
2013-11-30,40.0,
2013-12-01,40.0,
2013-12-02,44.0,
2013-12-03,46.0,
2013-12-04,45.0,
2013-12-05,47.0,
2013-12-06,45.0,
2013-12-07,46.0,
2013-12-08,42.0,
2013-12-09,47.0,
2013-12-10,44.0,
2013-12-11,43.0,
2013-12-12,44.0,
2013-12-13,44.0,
2013-12-14,42.0,
2013-12-15,41.0,
2013-12-16,49.0,
2013-12-17,45.0,
2013-12-18,47.0,
2013-12-19,47.0,
2013-12-20,49.0,
2013-12-21,41.0,
2013-12-22,41.0,
2013-12-23,43.0,1.0
2013-12-24,35.0,1.0
2013-12-25,36.0,1.0
2013-12-26,45.0,1.0
2013-12-27,42.0,1.0
2013-12-28,43.0,1.0
2013-12-29,46.0,1.0
2013-12-30,44.0,1.0
2013-12-31,40.0,1.0
2014-01-01,38.0,1.0
2014-01-02,47.0,1.0
2014-01-03,45.0,1.0
2014-01-04,41.0,1.0
2014-01-05,39.0,1.0
2014-01-06,47.0,1.0
2014-01-07,47.0,1.0
2014-01-08,45.0,1.0
2014-01-09,42.0,1.0
2014-01-10,44.0,1.0
2014-01-11,43.0,1.0
2014-01-12,44.0,1.0
2014-01-13,46.0,1.0
2014-01-14,45.0,1.0
2014-01-15,47.0,1.0
2014-01-16,47.0,1.0
2014-01-17,44.0,1.0
2014-01-18,40.0,1.0
2014-01-19,44.0,1.0
2014-01-20,46.0,1.0
2014-01-21,46.0,1.0
2014-01-22,47.0,1.0
2014-01-23,46.0,1.0
2014-01-24,44.0,1.0
2014-01-25,41.0,1.0
2014-01-26,40.0,1.0
2014-01-27,46.0,1.0
2014-01-28,45.0,1.0
2014-01-29,45.0,1.0
2014-01-30,47.0,1.0
2014-01-31,44.0,1.0
2014-02-01,41.0,1.0
2014-02-02,44.0,1.0
2014-02-03,50.0,1.0
2014-02-04,44.0,1.0
2014-02-05,43.0,1.0
2014-02-06,42.0,1.0
2014-02-07,43.0,1.0
2014-02-08,42.0,1.0
2014-02-09,41.0,1.0
2014-02-10,48.0,1.0
2014-02-11,47.0,1.0
2014-02-12,47.0,1.0
2014-02-13,43.0,1.0
2014-02-14,41.0,1.0
2014-02-15,40.0,1.0
2014-02-16,42.0,1.0
2014-02-17,46.0,1.0
2014-02-18,45.0,1.0
2014-02-19,46.0,1.0
2014-02-20,44.0,1.0
2014-02-21,46.0,1.0
2014-02-22,42.0,1.0
2014-02-23,44.0,1.0
2014-02-24,46.0,1.0
2014-02-25,46.0,1.0
2014-02-26,46.0,1.0
2014-02-27,47.0,1.0
2014-02-28,45.0,1.0
2014-03-01,43.0,1.0
2014-03-02,43.0,1.0
2014-03-03,45.0,1.0
2014-03-04,45.0,1.0
2014-03-05,45.0,1.0
2014-03-06,47.0,1.0
2014-03-07,46.0,1.0
2014-03-08,39.0,1.0
2014-03-09,42.0,1.0
2014-03-10,44.0,1.0
2014-03-11,45.0,1.0
2014-03-12,44.0,1.0
2014-03-13,44.0,1.0
2014-03-14,44.0,1.0
2014-03-15,43.0,1.0
2014-03-16,44.0,1.0
2014-03-17,47.0,1.0
2014-03-18,47.0,1.0
2014-03-19,44.0,1.0
2014-03-20,47.0,1.0
2014-03-21,45.0,1.0
2014-03-22,42.0,1.0
2014-03-23,41.0,1.0
2014-03-24,44.0,1.0
2014-03-25,47.0,1.0
2014-03-26,45.0,1.0
2014-03-27,46.0,1.0
2014-03-28,44.0,1.0
2014-03-29,40.0,1.0
2014-03-30,42.0,1.0
2014-03-31,47.0,1.0
2014-04-01,48.0,1.0
2014-04-02,48.0,1.0
2014-04-03,48.0,
2014-04-04,46.0,
2014-04-05,46.0,
2014-04-06,44.0,
2014-04-07,49.0,
2014-04-08,45.0,
2014-04-09,46.0,
2014-04-10,47.0,
2014-04-11,44.0,
2014-04-12,41.0,
2014-04-13,40.0,
2014-04-14,48.0,
2014-04-15,43.0,
2014-04-16,44.0,
2014-04-17,48.0,
2014-04-18,43.0,
2014-04-19,41.0,
2014-04-20,38.0,
2014-04-21,44.0,
2014-04-22,49.0,
2014-04-23,47.0,
2014-04-24,49.0,
2014-04-25,46.0,
2014-04-26,41.0,
2014-04-27,42.0,
2014-04-28,44.0,
2014-04-29,42.0,
2014-04-30,46.0,
2014-05-01,44.0,
2014-05-02,45.0,
2014-05-03,43.0,
2014-05-04,40.0,
2014-05-05,45.0,
2014-05-06,44.0,
2014-05-07,47.0,
2014-05-08,47.0,
2014-05-09,47.0,
2014-05-10,42.0,
2014-05-11,44.0,
2014-05-12,48.0,
2014-05-13,49.0,
2014-05-14,44.0,
2014-05-15,49.0,
2014-05-16,44.0,
2014-05-17,40.0,
2014-05-18,42.0,
2014-05-19,45.0,
2014-05-20,49.0,
2014-05-21,47.0,
2014-05-22,42.0,
2014-05-23,44.0,
2014-05-24,39.0,
2014-05-25,41.0,
2014-05-26,45.0,
2014-05-27,47.0,
2014-05-28,44.0,
2014-05-29,47.0,
2014-05-30,44.0,
2014-05-31,40.0,
2014-06-01,43.0,
2014-06-02,48.0,
2014-06-03,45.0,
2014-06-04,46.0,
2014-06-05,45.0,
2014-06-06,43.0,
2014-06-07,40.0,
2014-06-08,41.0,
2014-06-09,48.0,
2014-06-10,46.0,1.0
2014-06-11,48.0,1.0
2014-06-12,45.0,1.0
2014-06-13,40.0,1.0
2014-06-14,39.0,1.0
2014-06-15,43.0,1.0
2014-06-16,43.0,1.0
2014-06-17,46.0,1.0
2014-06-18,44.0,1.0
2014-06-19,44.0,1.0
2014-06-20,45.0,1.0
2014-06-21,41.0,1.0
2014-06-22,42.0,1.0
2014-06-23,45.0,1.0
2014-06-24,44.0,1.0
2014-06-25,45.0,1.0
2014-06-26,44.0,1.0
2014-06-27,46.0,1.0
2014-06-28,38.0,1.0
2014-06-29,42.0,1.0
2014-06-30,47.0,1.0
2014-07-01,47.0,1.0
2014-07-02,46.0,1.0
2014-07-03,49.0,1.0
2014-07-04,44.0,1.0
2014-07-05,37.0,1.0
2014-07-06,42.0,1.0
2014-07-07,47.0,1.0
2014-07-08,49.0,1.0
2014-07-09,45.0,1.0
2014-07-10,45.0,1.0
2014-07-11,44.0,1.0
2014-07-12,45.0,1.0
2014-07-13,43.0,1.0
2014-07-14,48.0,1.0
2014-07-15,45.0,1.0
2014-07-16,48.0,1.0
2014-07-17,46.0,1.0
2014-07-18,41.0,1.0
2014-07-19,41.0,1.0
2014-07-20,42.0,1.0
2014-07-21,49.0,1.0
2014-07-22,46.0,1.0
2014-07-23,46.0,1.0
2014-07-24,47.0,1.0
2014-07-25,44.0,1.0
2014-07-26,41.0,1.0
2014-07-27,41.0,1.0
2014-07-28,45.0,1.0
2014-07-29,48.0,1.0
2014-07-30,44.0,1.0
2014-07-31,47.0,1.0
2014-08-01,44.0,1.0
2014-08-02,38.0,1.0
2014-08-03,41.0,1.0
2014-08-04,46.0,1.0
2014-08-05,49.0,1.0
2014-08-06,46.0,1.0
2014-08-07,51.0,1.0
2014-08-08,44.0,1.0
2014-08-09,42.0,1.0
2014-08-10,43.0,1.0
2014-08-11,46.0,1.0
2014-08-12,45.0,1.0
2014-08-13,46.0,1.0
2014-08-14,43.0,1.0
2014-08-15,40.0,1.0
2014-08-16,41.0,1.0
2014-08-17,43.0,1.0
2014-08-18,46.0,1.0
2014-08-19,49.0,1.0
2014-08-20,45.0,1.0
2014-08-21,43.0,1.0
2014-08-22,42.0,1.0
2014-08-23,40.0,1.0
2014-08-24,46.0,1.0
2014-08-25,45.0,1.0
2014-08-26,47.0,1.0
2014-08-27,49.0,1.0
2014-08-28,43.0,1.0
2014-08-29,43.0,1.0
2014-08-30,40.0,1.0
2014-08-31,39.0,1.0
2014-09-01,44.0,1.0
2014-09-02,44.0,1.0
2014-09-03,43.0,1.0
2014-09-04,43.0,1.0
2014-09-05,41.0,1.0
2014-09-06,39.0,1.0
2014-09-07,40.0,1.0
2014-09-08,45.0,1.0
2014-09-09,45.0,1.0
2014-09-10,46.0,1.0
2014-09-11,48.0,1.0
2014-09-12,44.0,1.0
2014-09-13,42.0,1.0
2014-09-14,40.0,1.0
2014-09-15,47.0,1.0
2014-09-16,47.0,1.0
2014-09-17,46.0,1.0
2014-09-18,43.0,1.0
2014-09-19,47.0,
2014-09-20,40.0,
2014-09-21,41.0,
2014-09-22,48.0,
2014-09-23,48.0,
2014-09-24,48.0,
2014-09-25,45.0,
2014-09-26,46.0,
2014-09-27,44.0,
2014-09-28,45.0,
2014-09-29,48.0,
2014-09-30,52.0,
2014-10-01,49.0,
2014-10-02,51.0,
2014-10-03,47.0,
2014-10-04,46.0,
2014-10-05,46.0,
2014-10-06,50.0,
2014-10-07,50.0,
2014-10-08,46.0,
2014-10-09,45.0,
2014-10-10,47.0,
2014-10-11,41.0,
2014-10-12,42.0,
2014-10-13,46.0,
2014-10-14,50.0,
2014-10-15,51.0,
2014-10-16,45.0,
2014-10-17,47.0,
2014-10-18,46.0,
2014-10-19,43.0,
2014-10-20,49.0,
2014-10-21,47.0,
2014-10-22,48.0,
2014-10-23,44.0,
2014-10-24,45.0,
2014-10-25,44.0,
2014-10-26,40.0,
2014-10-27,51.0,
2014-10-28,46.0,
2014-10-29,48.0,
2014-10-30,48.0,
2014-10-31,44.0,
2014-11-01,41.0,
2014-11-02,42.0,
2014-11-03,50.0,
2014-11-04,50.0,
2014-11-05,51.0,
2014-11-06,47.0,
2014-11-07,44.0,
2014-11-08,42.0,
2014-11-09,41.0,
2014-11-10,48.0,
2014-11-11,46.0,
2014-11-12,47.0,
2014-11-13,46.0,
2014-11-14,45.0,
2014-11-15,46.0,
2014-11-16,40.0,
2014-11-17,48.0,
2014-11-18,50.0,
2014-11-19,49.0,
2014-11-20,44.0,
2014-11-21,42.0,
2014-11-22,42.0,
2014-11-23,44.0,
2014-11-24,48.0,
2014-11-25,45.0,
2014-11-26,51.0,1.0
2014-11-27,49.0,1.0
2014-11-28,57.0,1.0
2014-11-29,51.0,1.0
2014-11-30,47.0,1.0
2014-12-01,49.0,1.0
2014-12-02,49.0,1.0
2014-12-03,49.0,1.0
2014-12-04,47.0,1.0
2014-12-05,51.0,1.0
2014-12-06,44.0,1.0
2014-12-07,45.0,1.0
2014-12-08,48.0,1.0
2014-12-09,49.0,1.0
2014-12-10,49.0,1.0
2014-12-11,48.0,1.0
2014-12-12,49.0,1.0
2014-12-13,43.0,1.0
2014-12-14,43.0,1.0
2014-12-15,48.0,1.0
2014-12-16,48.0,1.0
2014-12-17,47.0,1.0
2014-12-18,46.0,1.0
2014-12-19,42.0,1.0
2014-12-20,44.0,1.0
2014-12-21,49.0,1.0
2014-12-22,45.0,1.0
2014-12-23,46.0,1.0
2014-12-24,38.0,1.0
2014-12-25,35.0,1.0
2014-12-26,42.0,1.0
2014-12-27,42.0,1.0
2014-12-28,43.0,1.0
2014-12-29,49.0,1.0
2014-12-30,47.0,1.0
2014-12-31,40.0,1.0
2015-01-01,41.0,1.0
2015-01-02,47.0,1.0
2015-01-03,44.0,1.0
2015-01-04,45.0,1.0
2015-01-05,45.0,1.0
2015-01-06,44.0,1.0
2015-01-07,46.0,1.0
2015-01-08,44.0,1.0
2015-01-09,48.0,1.0
2015-01-10,42.0,1.0
2015-01-11,44.0,1.0
2015-01-12,48.0,1.0
2015-01-13,48.0,1.0
2015-01-14,46.0,1.0
2015-01-15,45.0,1.0
2015-01-16,46.0,1.0
2015-01-17,43.0,1.0
2015-01-18,44.0,1.0
2015-01-19,50.0,1.0
2015-01-20,48.0,1.0
2015-01-21,45.0,1.0
2015-01-22,47.0,1.0
2015-01-23,45.0,1.0
2015-01-24,42.0,1.0
2015-01-25,40.0,1.0
2015-01-26,46.0,1.0
2015-01-27,48.0,1.0
2015-01-28,51.0,1.0
2015-01-29,48.0,1.0
2015-01-30,46.0,1.0
2015-01-31,44.0,1.0
2015-02-01,41.0,1.0
2015-02-02,47.0,1.0
2015-02-03,46.0,1.0
2015-02-04,51.0,1.0
2015-02-05,49.0,1.0
2015-02-06,48.0,1.0
2015-02-07,45.0,1.0
2015-02-08,46.0,1.0
2015-02-09,47.0,1.0
2015-02-10,47.0,1.0
2015-02-11,46.0,1.0
2015-02-12,49.0,1.0
2015-02-13,44.0,1.0
2015-02-14,42.0,1.0
2015-02-15,41.0,1.0
2015-02-16,45.0,1.0
2015-02-17,47.0,1.0
2015-02-18,47.0,1.0
2015-02-19,48.0,1.0
2015-02-20,47.0,1.0
2015-02-21,44.0,1.0
2015-02-22,43.0,1.0
2015-02-23,48.0,1.0
2015-02-24,48.0,1.0
2015-02-25,47.0,1.0
2015-02-26,48.0,1.0
2015-02-27,48.0,1.0
2015-02-28,41.0,1.0
2015-03-01,43.0,1.0
2015-03-02,49.0,1.0
2015-03-03,48.0,1.0
2015-03-04,46.0,1.0
2015-03-05,50.0,1.0
2015-03-06,46.0,1.0
2015-03-07,44.0,
2015-03-08,44.0,
2015-03-09,48.0,
2015-03-10,48.0,
2015-03-11,42.0,
2015-03-12,49.0,
2015-03-13,47.0,
2015-03-14,42.0,
2015-03-15,44.0,
2015-03-16,51.0,
2015-03-17,50.0,
2015-03-18,47.0,
2015-03-19,44.0,
2015-03-20,51.0,
2015-03-21,46.0,
2015-03-22,45.0,
2015-03-23,50.0,
2015-03-24,51.0,
2015-03-25,46.0,
2015-03-26,47.0,
2015-03-27,48.0,
2015-03-28,45.0,
2015-03-29,51.0,
2015-03-30,65.0,
2015-03-31,60.0,
2015-04-01,59.0,
2015-04-02,57.0,
2015-04-03,53.0,
2015-04-04,53.0,
2015-04-05,46.0,
2015-04-06,49.0,
2015-04-07,51.0,
2015-04-08,54.0,
2015-04-09,47.0,
2015-04-10,49.0,
2015-04-11,46.0,
2015-04-12,45.0,
2015-04-13,51.0,
2015-04-14,47.0,
2015-04-15,47.0,
2015-04-16,49.0,
2015-04-17,49.0,
2015-04-18,43.0,
2015-04-19,44.0,
2015-04-20,49.0,
2015-04-21,51.0,
2015-04-22,53.0,
2015-04-23,48.0,
2015-04-24,49.0,
2015-04-25,40.0,
2015-04-26,40.0,
2015-04-27,48.0,
2015-04-28,48.0,
2015-04-29,47.0,
2015-04-30,46.0,
2015-05-01,42.0,
2015-05-02,46.0,
2015-05-03,42.0,
2015-05-04,49.0,
2015-05-05,45.0,
2015-05-06,49.0,
2015-05-07,45.0,
2015-05-08,46.0,
2015-05-09,41.0,
2015-05-10,40.0,
2015-05-11,49.0,
2015-05-12,45.0,
2015-05-13,50.0,
2015-05-14,50.0,1.0
2015-05-15,47.0,1.0
2015-05-16,44.0,1.0
2015-05-17,45.0,1.0
2015-05-18,48.0,1.0
2015-05-19,47.0,1.0
2015-05-20,47.0,1.0
2015-05-21,46.0,1.0
2015-05-22,46.0,1.0
2015-05-23,44.0,1.0
2015-05-24,41.0,1.0
2015-05-25,50.0,1.0
2015-05-26,49.0,1.0
2015-05-27,48.0,1.0
2015-05-28,45.0,1.0
2015-05-29,44.0,1.0
2015-05-30,44.0,1.0
2015-05-31,42.0,1.0
2015-06-01,47.0,1.0
2015-06-02,42.0,1.0
2015-06-03,45.0,1.0
2015-06-04,47.0,1.0
2015-06-05,46.0,1.0
2015-06-06,40.0,1.0
2015-06-07,42.0,1.0
2015-06-08,47.0,1.0
2015-06-09,48.0,1.0
2015-06-10,46.0,1.0
2015-06-11,44.0,1.0
2015-06-12,45.0,1.0
2015-06-13,43.0,1.0
2015-06-14,44.0,1.0
2015-06-15,47.0,1.0
2015-06-16,46.0,1.0
2015-06-17,47.0,1.0
2015-06-18,46.0,1.0
2015-06-19,45.0,1.0
2015-06-20,42.0,1.0
2015-06-21,45.0,1.0
2015-06-22,51.0,1.0
2015-06-23,50.0,1.0
2015-06-24,44.0,1.0
2015-06-25,48.0,1.0
2015-06-26,47.0,1.0
2015-06-27,44.0,1.0
2015-06-28,42.0,1.0
2015-06-29,45.0,1.0
2015-06-30,46.0,1.0
2015-07-01,46.0,1.0
2015-07-02,46.0,1.0
2015-07-03,44.0,1.0
2015-07-04,41.0,1.0
2015-07-05,42.0,1.0
2015-07-06,46.0,1.0
2015-07-07,49.0,1.0
2015-07-08,47.0,1.0
2015-07-09,49.0,1.0
2015-07-10,47.0,1.0
2015-07-11,44.0,1.0
2015-07-12,44.0,1.0
2015-07-13,48.0,1.0
2015-07-14,50.0,1.0
2015-07-15,50.0,1.0
2015-07-16,47.0,1.0
2015-07-17,43.0,1.0
2015-07-18,42.0,1.0
2015-07-19,41.0,1.0
2015-07-20,50.0,1.0
2015-07-21,46.0,1.0
2015-07-22,48.0,1.0
2015-07-23,48.0,1.0
2015-07-24,45.0,1.0
2015-07-25,43.0,1.0
2015-07-26,42.0,1.0
2015-07-27,48.0,1.0
2015-07-28,49.0,1.0
2015-07-29,50.0,1.0
2015-07-30,47.0,1.0
2015-07-31,47.0,1.0
2015-08-01,44.0,1.0
2015-08-02,46.0,1.0
2015-08-03,46.0,1.0
2015-08-04,45.0,1.0
2015-08-05,45.0,1.0
2015-08-06,46.0,1.0
2015-08-07,45.0,1.0
2015-08-08,42.0,1.0
2015-08-09,42.0,1.0
2015-08-10,47.0,1.0
2015-08-11,48.0,1.0
2015-08-12,47.0,1.0
2015-08-13,46.0,1.0
2015-08-14,45.0,1.0
2015-08-15,43.0,1.0
2015-08-16,39.0,1.0
2015-08-17,44.0,1.0
2015-08-18,48.0,1.0
2015-08-19,48.0,1.0
2015-08-20,44.0,1.0
2015-08-21,43.0,1.0
2015-08-22,41.0,1.0
2015-08-23,42.0,
2015-08-24,50.0,
2015-08-25,48.0,
2015-08-26,47.0,
2015-08-27,46.0,
2015-08-28,45.0,
2015-08-29,43.0,
2015-08-30,41.0,
2015-08-31,44.0,
2015-09-01,43.0,
2015-09-02,51.0,
2015-09-03,46.0,
2015-09-04,48.0,
2015-09-05,45.0,
2015-09-06,43.0,
2015-09-07,50.0,
2015-09-08,47.0,
2015-09-09,50.0,
2015-09-10,49.0,
2015-09-11,47.0,
2015-09-12,41.0,
2015-09-13,39.0,
2015-09-14,50.0,
2015-09-15,45.0,
2015-09-16,49.0,
2015-09-17,48.0,
2015-09-18,49.0,
2015-09-19,41.0,
2015-09-20,43.0,
2015-09-21,50.0,
2015-09-22,46.0,
2015-09-23,45.0,
2015-09-24,45.0,
2015-09-25,48.0,
2015-09-26,44.0,
2015-09-27,44.0,
2015-09-28,48.0,
2015-09-29,49.0,
2015-09-30,44.0,
2015-10-01,48.0,
2015-10-02,46.0,
2015-10-03,39.0,
2015-10-04,39.0,
2015-10-05,47.0,
2015-10-06,48.0,
2015-10-07,51.0,
2015-10-08,49.0,
2015-10-09,45.0,
2015-10-10,42.0,
2015-10-11,43.0,
2015-10-12,48.0,
2015-10-13,45.0,
2015-10-14,47.0,
2015-10-15,46.0,
2015-10-16,45.0,
2015-10-17,43.0,
2015-10-18,43.0,
2015-10-19,50.0,
2015-10-20,44.0,
2015-10-21,48.0,
2015-10-22,45.0,
2015-10-23,50.0,
2015-10-24,40.0,
2015-10-25,43.0,
2015-10-26,47.0,
2015-10-27,46.0,
2015-10-28,47.0,
2015-10-29,49.0,
2015-10-30,48.0,1.0
2015-10-31,43.0,1.0
2015-11-01,41.0,1.0
2015-11-02,48.0,1.0
2015-11-03,44.0,1.0
2015-11-04,51.0,1.0
2015-11-05,49.0,1.0
2015-11-06,47.0,1.0
2015-11-07,44.0,1.0
2015-11-08,43.0,1.0
2015-11-09,50.0,1.0
2015-11-10,50.0,1.0
2015-11-11,50.0,1.0
2015-11-12,48.0,1.0
2015-11-13,50.0,1.0
2015-11-14,41.0,1.0
2015-11-15,43.0,1.0
2015-11-16,52.0,1.0
2015-11-17,49.0,1.0
2015-11-18,52.0,1.0
2015-11-19,47.0,1.0
2015-11-20,48.0,1.0
2015-11-21,45.0,1.0
2015-11-22,42.0,1.0
2015-11-23,49.0,1.0
2015-11-24,48.0,1.0
2015-11-25,49.0,1.0
2015-11-26,47.0,1.0
2015-11-27,47.0,1.0
2015-11-28,42.0,1.0
2015-11-29,42.0,1.0
2015-11-30,47.0,1.0
2015-12-01,50.0,1.0
2015-12-02,47.0,1.0
2015-12-03,47.0,1.0
2015-12-04,47.0,1.0
2015-12-05,43.0,1.0
2015-12-06,43.0,1.0
2015-12-07,51.0,1.0
2015-12-08,54.0,1.0
2015-12-09,52.0,1.0
2015-12-10,51.0,1.0
2015-12-11,47.0,1.0
2015-12-12,45.0,1.0
2015-12-13,43.0,1.0
2015-12-14,50.0,1.0
2015-12-15,49.0,1.0
2015-12-16,50.0,1.0
2015-12-17,47.0,1.0
2015-12-18,48.0,1.0
2015-12-19,46.0,1.0
2015-12-20,44.0,1.0
2015-12-21,45.0,1.0
2015-12-22,46.0,1.0
2015-12-23,44.0,1.0
2015-12-24,42.0,1.0
2015-12-25,43.0,1.0
2015-12-26,44.0,1.0
2015-12-27,46.0,1.0
2015-12-28,49.0,1.0
2015-12-29,50.0,1.0
2015-12-30,48.0,1.0
2015-12-31,40.0,1.0
2016-01-01,42.0,1.0
2016-01-02,47.0,1.0
2016-01-03,49.0,1.0
2016-01-04,52.0,1.0
2016-01-05,52.0,1.0
2016-01-06,54.0,1.0
2016-01-07,53.0,1.0
2016-01-08,50.0,1.0
2016-01-09,46.0,1.0
2016-01-10,45.0,1.0
2016-01-11,53.0,1.0
2016-01-12,49.0,1.0
2016-01-13,52.0,1.0
2016-01-14,49.0,1.0
2016-01-15,46.0,1.0
2016-01-16,48.0,1.0
2016-01-17,43.0,1.0
2016-01-18,51.0,1.0
2016-01-19,52.0,1.0
2016-01-20,50.0,1.0
2016-01-21,47.0,1.0
2016-01-22,49.0,1.0
2016-01-23,43.0,1.0
2016-01-24,43.0,1.0
2016-01-25,47.0,1.0
2016-01-26,47.0,1.0
2016-01-27,48.0,1.0
2016-01-28,47.0,1.0
2016-01-29,50.0,1.0
2016-01-30,50.0,1.0
2016-01-31,51.0,1.0
2016-02-01,50.0,1.0
2016-02-02,49.0,1.0
2016-02-03,53.0,1.0
2016-02-04,53.0,1.0
2016-02-05,49.0,1.0
2016-02-06,47.0,1.0
2016-02-07,43.0,1.0
2016-02-08,50.0,
2016-02-09,52.0,
2016-02-10,53.0,
2016-02-11,49.0,
2016-02-12,51.0,
2016-02-13,44.0,
2016-02-14,42.0,
2016-02-15,52.0,
2016-02-16,47.0,
2016-02-17,53.0,
2016-02-18,48.0,
2016-02-19,47.0,
2016-02-20,49.0,
2016-02-21,45.0,
2016-02-22,52.0,
2016-02-23,51.0,
2016-02-24,52.0,
2016-02-25,48.0,
2016-02-26,50.0,
2016-02-27,41.0,
2016-02-28,47.0,
2016-02-29,52.0,
2016-03-01,52.0,
2016-03-02,52.0,
2016-03-03,52.0,
2016-03-04,48.0,
2016-03-05,48.0,
2016-03-06,46.0,
2016-03-07,50.0,
2016-03-08,51.0,
2016-03-09,48.0,
2016-03-10,46.0,
2016-03-11,49.0,
2016-03-12,47.0,
2016-03-13,44.0,
2016-03-14,52.0,
2016-03-15,49.0,
2016-03-16,47.0,
2016-03-17,48.0,
2016-03-18,46.0,
2016-03-19,45.0,
2016-03-20,47.0,
2016-03-21,52.0,
2016-03-22,52.0,
2016-03-23,49.0,
2016-03-24,48.0,
2016-03-25,46.0,
2016-03-26,45.0,
2016-03-27,39.0,
2016-03-28,49.0,
2016-03-29,49.0,
2016-03-30,55.0,
2016-03-31,55.0,
2016-04-01,52.0,
2016-04-02,47.0,
2016-04-03,43.0,
2016-04-04,51.0,
2016-04-05,53.0,
2016-04-06,49.0,
2016-04-07,47.0,
2016-04-08,48.0,
2016-04-09,47.0,
2016-04-10,46.0,
2016-04-11,51.0,
2016-04-12,54.0,
2016-04-13,48.0,
2016-04-14,52.0,
2016-04-15,51.0,
2016-04-16,48.0,1.0
2016-04-17,46.0,1.0
2016-04-18,53.0,1.0
2016-04-19,49.0,1.0
2016-04-20,50.0,1.0
2016-04-21,51.0,1.0
2016-04-22,51.0,1.0
2016-04-23,45.0,1.0
2016-04-24,44.0,1.0
2016-04-25,49.0,1.0
2016-04-26,51.0,1.0
2016-04-27,49.0,1.0
2016-04-28,50.0,1.0
2016-04-29,48.0,1.0
2016-04-30,43.0,1.0
2016-05-01,44.0,1.0
2016-05-02,48.0,1.0
2016-05-03,47.0,1.0
2016-05-04,47.0,1.0
2016-05-05,46.0,1.0
2016-05-06,50.0,1.0
2016-05-07,42.0,1.0
2016-05-08,42.0,1.0
2016-05-09,51.0,1.0
2016-05-10,48.0,1.0
2016-05-11,52.0,1.0
2016-05-12,50.0,1.0
2016-05-13,50.0,1.0
2016-05-14,48.0,1.0
2016-05-15,45.0,1.0
2016-05-16,49.0,1.0
2016-05-17,52.0,1.0
2016-05-18,55.0,1.0
2016-05-19,52.0,1.0
2016-05-20,50.0,1.0
2016-05-21,44.0,1.0
2016-05-22,40.0,1.0
2016-05-23,50.0,1.0
2016-05-24,48.0,1.0
2016-05-25,50.0,1.0
2016-05-26,50.0,1.0
2016-05-27,49.0,1.0
2016-05-28,43.0,1.0
2016-05-29,43.0,1.0
2016-05-30,56.0,1.0
2016-05-31,50.0,1.0
2016-06-01,50.0,1.0
2016-06-02,49.0,1.0
2016-06-03,48.0,1.0
2016-06-04,43.0,1.0
2016-06-05,42.0,1.0
2016-06-06,52.0,1.0
2016-06-07,50.0,1.0
2016-06-08,50.0,1.0
2016-06-09,50.0,1.0
2016-06-10,46.0,1.0
2016-06-11,46.0,1.0
2016-06-12,52.0,1.0
2016-06-13,53.0,1.0
2016-06-14,47.0,1.0
2016-06-15,49.0,1.0
2016-06-16,46.0,1.0
2016-06-17,49.0,1.0
2016-06-18,45.0,1.0
2016-06-19,40.0,1.0
2016-06-20,51.0,1.0
2016-06-21,52.0,1.0
2016-06-22,49.0,1.0
2016-06-23,49.0,1.0
2016-06-24,45.0,1.0
2016-06-25,43.0,1.0
2016-06-26,42.0,1.0
2016-06-27,50.0,1.0
2016-06-28,49.0,1.0
2016-06-29,48.0,1.0
2016-06-30,50.0,1.0
2016-07-01,46.0,1.0
2016-07-02,41.0,1.0
2016-07-03,44.0,1.0
2016-07-04,50.0,1.0
2016-07-05,46.0,1.0
2016-07-06,45.0,1.0
2016-07-07,49.0,1.0
2016-07-08,48.0,1.0
2016-07-09,48.0,1.0
2016-07-10,46.0,1.0
2016-07-11,50.0,1.0
2016-07-12,50.0,1.0
2016-07-13,50.0,1.0
2016-07-14,52.0,1.0
2016-07-15,53.0,1.0
2016-07-16,43.0,1.0
2016-07-17,43.0,1.0
2016-07-18,49.0,1.0
2016-07-19,61.0,1.0
2016-07-20,50.0,1.0
2016-07-21,51.0,1.0
2016-07-22,49.0,1.0
2016-07-23,43.0,1.0
2016-07-24,46.0,1.0
2016-07-25,51.0,1.0
2016-07-26,50.0,
2016-07-27,52.0,
2016-07-28,48.0,
2016-07-29,52.0,
2016-07-30,44.0,
2016-07-31,46.0,
2016-08-01,52.0,
2016-08-02,52.0,
2016-08-03,48.0,
2016-08-04,49.0,
2016-08-05,46.0,
2016-08-06,40.0,
2016-08-07,44.0,
2016-08-08,49.0,
2016-08-09,46.0,
2016-08-10,49.0,
2016-08-11,47.0,
2016-08-12,47.0,
2016-08-13,41.0,
2016-08-14,44.0,
2016-08-15,46.0,
2016-08-16,52.0,
2016-08-17,47.0,
2016-08-18,48.0,
2016-08-19,45.0,
2016-08-20,41.0,
2016-08-21,42.0,
2016-08-22,53.0,
2016-08-23,46.0,
2016-08-24,50.0,
2016-08-25,50.0,
2016-08-26,47.0,
2016-08-27,43.0,
2016-08-28,45.0,
2016-08-29,46.0,
2016-08-30,50.0,
2016-08-31,49.0,
2016-09-01,49.0,
2016-09-02,46.0,
2016-09-03,46.0,
2016-09-04,46.0,
2016-09-05,50.0,
2016-09-06,51.0,
2016-09-07,50.0,
2016-09-08,46.0,
2016-09-09,49.0,
2016-09-10,46.0,
2016-09-11,41.0,
2016-09-12,49.0,
2016-09-13,51.0,
2016-09-14,46.0,
2016-09-15,52.0,
2016-09-16,46.0,
2016-09-17,41.0,
2016-09-18,40.0,
2016-09-19,46.0,
2016-09-20,50.0,
2016-09-21,44.0,
2016-09-22,49.0,
2016-09-23,50.0,
2016-09-24,44.0,
2016-09-25,43.0,
2016-09-26,49.0,
2016-09-27,46.0,
2016-09-28,47.0,
2016-09-29,49.0,
2016-09-30,47.0,
2016-10-01,39.0,
2016-10-02,42.0,1.0
2016-10-03,47.0,1.0
2016-10-04,48.0,1.0
2016-10-05,46.0,1.0
2016-10-06,49.0,1.0
2016-10-07,48.0,1.0
2016-10-08,44.0,1.0
2016-10-09,46.0,1.0
2016-10-10,45.0,1.0
2016-10-11,46.0,1.0
2016-10-12,47.0,1.0
2016-10-13,46.0,1.0
2016-10-14,48.0,1.0
2016-10-15,48.0,1.0
2016-10-16,41.0,1.0
2016-10-17,48.0,1.0
2016-10-18,50.0,1.0
2016-10-19,47.0,1.0
2016-10-20,46.0,1.0
2016-10-21,49.0,1.0
2016-10-22,44.0,1.0
2016-10-23,44.0,1.0
2016-10-24,49.0,1.0
2016-10-25,49.0,1.0
2016-10-26,49.0,1.0
2016-10-27,50.0,1.0
2016-10-28,49.0,1.0
2016-10-29,43.0,1.0
2016-10-30,42.0,1.0
2016-10-31,45.0,1.0
2016-11-01,45.0,1.0
2016-11-02,49.0,1.0
2016-11-03,46.0,1.0
2016-11-04,47.0,1.0
2016-11-05,43.0,1.0
2016-11-06,46.0,1.0
2016-11-07,48.0,1.0
2016-11-08,51.0,1.0
2016-11-09,44.0,1.0
2016-11-10,48.0,1.0
2016-11-11,51.0,1.0
2016-11-12,44.0,1.0
2016-11-13,42.0,1.0
2016-11-14,47.0,1.0
2016-11-15,50.0,1.0
2016-11-16,51.0,1.0
2016-11-17,49.0,1.0
2016-11-18,53.0,1.0
2016-11-19,41.0,1.0
2016-11-20,43.0,1.0
2016-11-21,49.0,1.0
2016-11-22,51.0,1.0
2016-11-23,51.0,1.0
2016-11-24,49.0,1.0
2016-11-25,49.0,1.0
2016-11-26,46.0,1.0
2016-11-27,44.0,1.0
2016-11-28,47.0,1.0
2016-11-29,47.0,1.0
2016-11-30,48.0,1.0
2016-12-01,44.0,1.0
2016-12-02,44.0,1.0
2016-12-03,41.0,1.0
2016-12-04,40.0,1.0
2016-12-05,48.0,1.0
2016-12-06,50.0,1.0
2016-12-07,50.0,1.0
2016-12-08,50.0,1.0
2016-12-09,45.0,1.0
2016-12-10,44.0,1.0
2016-12-11,43.0,1.0
2016-12-12,52.0,1.0
2016-12-13,51.0,1.0
2016-12-14,49.0,1.0
2016-12-15,49.0,1.0
2016-12-16,47.0,1.0
2016-12-17,48.0,1.0
2016-12-18,46.0,1.0
2016-12-19,52.0,1.0
2016-12-20,52.0,1.0
2016-12-21,53.0,1.0
2016-12-22,50.0,1.0
2016-12-23,44.0,1.0
2016-12-24,38.0,1.0
2016-12-25,40.0,1.0
2016-12-26,55.0,1.0
2016-12-27,56.0,1.0
2016-12-28,51.0,1.0
2016-12-29,52.0,1.0
2016-12-30,45.0,1.0
2016-12-31,40.0,1.0
2017-01-01,41.0,1.0
2017-01-02,49.0,1.0
2017-01-03,48.0,1.0
2017-01-04,50.0,1.0
2017-01-05,49.0,1.0
2017-01-06,47.0,1.0
2017-01-07,44.0,1.0
2017-01-08,43.0,1.0
2017-01-09,51.0,1.0
2017-01-10,47.0,1.0
2017-01-11,49.0,
2017-01-12,45.0,
2017-01-13,47.0,
2017-01-14,42.0,
2017-01-15,41.0,
2017-01-16,47.0,
2017-01-17,47.0,
2017-01-18,47.0,
2017-01-19,50.0,
2017-01-20,50.0,
2017-01-21,44.0,
2017-01-22,45.0,
2017-01-23,54.0,
2017-01-24,51.0,
2017-01-25,47.0,
2017-01-26,53.0,
2017-01-27,48.0,
2017-01-28,47.0,
2017-01-29,44.0,
2017-01-30,49.0,
2017-01-31,47.0,
2017-02-01,43.0,
2017-02-02,50.0,
2017-02-03,46.0,
2017-02-04,46.0,
2017-02-05,45.0,
2017-02-06,49.0,
2017-02-07,50.0,
2017-02-08,50.0,
2017-02-09,53.0,
2017-02-10,47.0,
2017-02-11,40.0,
2017-02-12,47.0,
2017-02-13,50.0,
2017-02-14,53.0,
2017-02-15,50.0,
2017-02-16,43.0,
2017-02-17,50.0,
2017-02-18,46.0,
2017-02-19,47.0,
2017-02-20,54.0,
2017-02-21,56.0,
2017-02-22,49.0,
2017-02-23,47.0,
2017-02-24,50.0,
2017-02-25,44.0,
2017-02-26,40.0,
2017-02-27,49.0,
2017-02-28,48.0,
2017-03-01,46.0,
2017-03-02,47.0,
2017-03-03,47.0,
2017-03-04,41.0,
2017-03-05,42.0,
2017-03-06,51.0,
2017-03-07,50.0,
2017-03-08,43.0,
2017-03-09,51.0,
2017-03-10,47.0,
2017-03-11,43.0,
2017-03-12,41.0,
2017-03-13,52.0,
2017-03-14,55.0,
2017-03-15,49.0,
2017-03-16,46.0,
2017-03-17,47.0,
2017-03-18,46.0,
2017-03-19,50.0,
2017-03-20,52.0,1.0
2017-03-21,51.0,1.0
2017-03-22,50.0,1.0
2017-03-23,50.0,1.0
2017-03-24,48.0,1.0
2017-03-25,45.0,1.0
2017-03-26,44.0,1.0
2017-03-27,49.0,1.0
2017-03-28,48.0,1.0
2017-03-29,51.0,1.0
2017-03-30,50.0,1.0
2017-03-31,50.0,1.0
2017-04-01,42.0,1.0
2017-04-02,42.0,1.0
2017-04-03,52.0,1.0
2017-04-04,51.0,1.0
2017-04-05,51.0,1.0
2017-04-06,52.0,1.0
2017-04-07,45.0,1.0
2017-04-08,44.0,1.0
2017-04-09,45.0,1.0
2017-04-10,54.0,1.0
2017-04-11,53.0,1.0
2017-04-12,51.0,1.0
2017-04-13,47.0,1.0
2017-04-14,49.0,1.0
2017-04-15,43.0,1.0
2017-04-16,39.0,1.0
2017-04-17,49.0,1.0
2017-04-18,48.0,1.0
2017-04-19,46.0,1.0
2017-04-20,48.0,1.0
2017-04-21,48.0,1.0
2017-04-22,47.0,1.0
2017-04-23,45.0,1.0
2017-04-24,49.0,1.0
2017-04-25,50.0,1.0
2017-04-26,51.0,1.0
2017-04-27,47.0,1.0
2017-04-28,45.0,1.0
2017-04-29,48.0,1.0
2017-04-30,42.0,1.0
2017-05-01,48.0,1.0
2017-05-02,48.0,1.0
2017-05-03,51.0,1.0
2017-05-04,48.0,1.0
2017-05-05,48.0,1.0
2017-05-06,44.0,1.0
2017-05-07,42.0,1.0
2017-05-08,51.0,1.0
2017-05-09,50.0,1.0
2017-05-10,53.0,1.0
2017-05-11,50.0,1.0
2017-05-12,50.0,1.0
2017-05-13,41.0,1.0
2017-05-14,43.0,1.0
2017-05-15,46.0,1.0
2017-05-16,54.0,1.0
2017-05-17,51.0,1.0
2017-05-18,49.0,1.0
2017-05-19,48.0,1.0
2017-05-20,42.0,1.0
2017-05-21,41.0,1.0
2017-05-22,50.0,1.0
2017-05-23,52.0,1.0
2017-05-24,53.0,1.0
2017-05-25,52.0,1.0
2017-05-26,46.0,1.0
2017-05-27,46.0,1.0
2017-05-28,44.0,1.0
2017-05-29,55.0,1.0
2017-05-30,53.0,1.0
2017-05-31,52.0,1.0
2017-06-01,47.0,1.0
2017-06-02,47.0,1.0
2017-06-03,44.0,1.0
2017-06-04,42.0,1.0
2017-06-05,46.0,1.0
2017-06-06,49.0,1.0
2017-06-07,51.0,1.0
2017-06-08,46.0,1.0
2017-06-09,47.0,1.0
2017-06-10,41.0,1.0
2017-06-11,43.0,1.0
2017-06-12,50.0,1.0
2017-06-13,56.0,1.0
2017-06-14,53.0,1.0
2017-06-15,51.0,1.0
2017-06-16,48.0,1.0
2017-06-17,44.0,1.0
2017-06-18,44.0,1.0
2017-06-19,55.0,1.0
2017-06-20,50.0,1.0
2017-06-21,50.0,1.0
2017-06-22,50.0,1.0
2017-06-23,49.0,1.0
2017-06-24,46.0,1.0
2017-06-25,45.0,1.0
2017-06-26,52.0,1.0
2017-06-27,50.0,1.0
2017-06-28,51.0,1.0
2017-06-29,49.0,
2017-06-30,51.0,
2017-07-01,45.0,
2017-07-02,47.0,
2017-07-03,54.0,
2017-07-04,52.0,
2017-07-05,49.0,
2017-07-06,51.0,
2017-07-07,51.0,
2017-07-08,44.0,
2017-07-09,48.0,
2017-07-10,54.0,
2017-07-11,51.0,
2017-07-12,54.0,
2017-07-13,51.0,
2017-07-14,50.0,
2017-07-15,51.0,
2017-07-16,45.0,
2017-07-17,50.0,
2017-07-18,52.0,
2017-07-19,50.0,
2017-07-20,50.0,
2017-07-21,51.0,
2017-07-22,44.0,
2017-07-23,42.0,
2017-07-24,52.0,
2017-07-25,52.0,
2017-07-26,52.0,
2017-07-27,52.0,
2017-07-28,51.0,
2017-07-29,45.0,
2017-07-30,47.0,
2017-07-31,52.0,
2017-08-01,52.0,
2017-08-02,53.0,
2017-08-03,52.0,
2017-08-04,50.0,
2017-08-05,47.0,
2017-08-06,51.0,
2017-08-07,53.0,
2017-08-08,49.0,
2017-08-09,51.0,
2017-08-10,49.0,
2017-08-11,50.0,
2017-08-12,45.0,
2017-08-13,47.0,
2017-08-14,53.0,
2017-08-15,49.0,
2017-08-16,52.0,
2017-08-17,54.0,
2017-08-18,54.0,
2017-08-19,47.0,
2017-08-20,48.0,
2017-08-21,52.0,
2017-08-22,52.0,
2017-08-23,56.0,
2017-08-24,56.0,
2017-08-25,51.0,
2017-08-26,45.0,
2017-08-27,48.0,
2017-08-28,51.0,
2017-08-29,51.0,
2017-08-30,49.0,
2017-08-31,50.0,
2017-09-01,50.0,
2017-09-02,46.0,
2017-09-03,49.0,
2017-09-04,52.0,
2017-09-05,54.0,1.0
2017-09-06,55.0,1.0
2017-09-07,53.0,1.0
2017-09-08,51.0,1.0
2017-09-09,45.0,1.0
2017-09-10,48.0,1.0
2017-09-11,53.0,1.0
2017-09-12,52.0,1.0
2017-09-13,51.0,1.0
2017-09-14,52.0,1.0
2017-09-15,53.0,1.0
2017-09-16,45.0,1.0
2017-09-17,44.0,1.0
2017-09-18,53.0,1.0
2017-09-19,53.0,1.0
2017-09-20,52.0,1.0
2017-09-21,52.0,1.0
2017-09-22,51.0,1.0
2017-09-23,45.0,1.0
2017-09-24,44.0,1.0
2017-09-25,52.0,1.0
2017-09-26,51.0,1.0
2017-09-27,56.0,1.0
2017-09-28,56.0,1.0
2017-09-29,56.0,1.0
2017-09-30,52.0,1.0
2017-10-01,48.0,1.0
2017-10-02,53.0,1.0
2017-10-03,55.0,1.0
2017-10-04,49.0,1.0
2017-10-05,53.0,1.0
2017-10-06,51.0,1.0
2017-10-07,46.0,1.0
2017-10-08,48.0,1.0
2017-10-09,55.0,1.0
2017-10-10,55.0,1.0
2017-10-11,56.0,1.0
2017-10-12,53.0,1.0
2017-10-13,53.0,1.0
2017-10-14,45.0,1.0
2017-10-15,47.0,1.0
2017-10-16,53.0,1.0
2017-10-17,52.0,1.0
2017-10-18,49.0,1.0
2017-10-19,52.0,1.0
2017-10-20,49.0,1.0
2017-10-21,46.0,1.0
2017-10-22,45.0,1.0
2017-10-23,54.0,1.0
2017-10-24,54.0,1.0
2017-10-25,53.0,1.0
2017-10-26,52.0,1.0
2017-10-27,55.0,1.0
2017-10-28,45.0,1.0
2017-10-29,45.0,1.0
2017-10-30,52.0,1.0
2017-10-31,52.0,1.0
2017-11-01,50.0,1.0
2017-11-02,49.0,1.0
2017-11-03,50.0,1.0
2017-11-04,48.0,1.0
2017-11-05,46.0,1.0
2017-11-06,49.0,1.0
2017-11-07,53.0,1.0
2017-11-08,58.0,1.0
2017-11-09,55.0,1.0
2017-11-10,52.0,1.0
2017-11-11,49.0,1.0
2017-11-12,48.0,1.0
2017-11-13,54.0,1.0
2017-11-14,53.0,1.0
2017-11-15,57.0,1.0
2017-11-16,54.0,1.0
2017-11-17,51.0,1.0
2017-11-18,48.0,1.0
2017-11-19,46.0,1.0
2017-11-20,52.0,1.0
2017-11-21,51.0,1.0
2017-11-22,53.0,1.0
2017-11-23,52.0,1.0
2017-11-24,54.0,1.0
2017-11-25,47.0,1.0
2017-11-26,46.0,1.0
2017-11-27,50.0,1.0
2017-11-28,53.0,1.0
2017-11-29,48.0,1.0
2017-11-30,50.0,1.0
2017-12-01,52.0,1.0
2017-12-02,47.0,1.0
2017-12-03,44.0,1.0
2017-12-04,51.0,1.0
2017-12-05,51.0,1.0
2017-12-06,54.0,1.0
2017-12-07,54.0,1.0
2017-12-08,50.0,1.0
2017-12-09,46.0,1.0
2017-12-10,48.0,1.0
2017-12-11,56.0,1.0
2017-12-12,53.0,1.0
2017-12-13,53.0,1.0
2017-12-14,54.0,1.0
2017-12-15,52.0,
2017-12-16,45.0,
2017-12-17,44.0,
2017-12-18,51.0,
2017-12-19,52.0,
2017-12-20,52.0,
2017-12-21,52.0,
2017-12-22,47.0,
2017-12-23,42.0,
2017-12-24,41.0,
2017-12-25,42.0,
2017-12-26,51.0,
2017-12-27,53.0,
2017-12-28,52.0,
2017-12-29,52.0,
2017-12-30,49.0,
2017-12-31,39.0,
2018-01-01,49.0,
2018-01-02,54.0,
2018-01-03,56.0,
2018-01-04,55.0,
2018-01-05,50.0,
2018-01-06,47.0,
2018-01-07,47.0,
2018-01-08,56.0,
2018-01-09,54.0,
2018-01-10,56.0,
2018-01-11,53.0,
2018-01-12,53.0,
2018-01-13,47.0,
2018-01-14,47.0,
2018-01-15,52.0,
2018-01-16,53.0,
2018-01-17,49.0,
2018-01-18,54.0,
2018-01-19,54.0,
2018-01-20,47.0,
2018-01-21,45.0,
2018-01-22,57.0,
2018-01-23,55.0,
2018-01-24,53.0,
2018-01-25,54.0,
2018-01-26,51.0,
2018-01-27,49.0,
2018-01-28,47.0,
2018-01-29,56.0,
2018-01-30,54.0,
2018-01-31,55.0,
2018-02-01,53.0,
2018-02-02,51.0,
2018-02-03,45.0,
2018-02-04,47.0,
2018-02-05,51.0,
2018-02-06,52.0,
2018-02-07,52.0,
2018-02-08,53.0,
2018-02-09,50.0,
2018-02-10,49.0,
2018-02-11,47.0,
2018-02-12,54.0,
2018-02-13,53.0,
2018-02-14,53.0,
2018-02-15,55.0,
2018-02-16,52.0,
2018-02-17,49.0,
2018-02-18,48.0,
2018-02-19,52.0,
2018-02-20,59.0,
2018-02-21,58.0,1.0
2018-02-22,55.0,1.0
2018-02-23,55.0,1.0
2018-02-24,49.0,1.0
2018-02-25,49.0,1.0
2018-02-26,55.0,1.0
2018-02-27,58.0,1.0
2018-02-28,54.0,1.0
2018-03-01,50.0,1.0
2018-03-02,51.0,1.0
2018-03-03,50.0,1.0
2018-03-04,48.0,1.0
2018-03-05,52.0,1.0
2018-03-06,54.0,1.0
2018-03-07,59.0,1.0
2018-03-08,54.0,1.0
2018-03-09,58.0,1.0
2018-03-10,52.0,1.0
2018-03-11,52.0,1.0
2018-03-12,54.0,1.0
2018-03-13,57.0,1.0
2018-03-14,54.0,1.0
2018-03-15,63.0,1.0
2018-03-16,61.0,1.0
2018-03-17,54.0,1.0
2018-03-18,50.0,1.0
2018-03-19,58.0,1.0
2018-03-20,59.0,1.0
2018-03-21,59.0,1.0
2018-03-22,58.0,1.0
2018-03-23,55.0,1.0
2018-03-24,53.0,1.0
2018-03-25,50.0,1.0
2018-03-26,59.0,1.0
2018-03-27,57.0,1.0
2018-03-28,57.0,1.0
2018-03-29,57.0,1.0
2018-03-30,55.0,1.0
2018-03-31,50.0,1.0
2018-04-01,48.0,1.0
2018-04-02,56.0,1.0
2018-04-03,58.0,1.0
2018-04-04,57.0,1.0
2018-04-05,58.0,1.0
2018-04-06,54.0,1.0
2018-04-07,52.0,1.0
2018-04-08,51.0,1.0
2018-04-09,61.0,1.0
2018-04-10,60.0,1.0
2018-04-11,59.0,1.0
2018-04-12,59.0,1.0
2018-04-13,58.0,1.0
2018-04-14,51.0,1.0
2018-04-15,51.0,1.0
2018-04-16,56.0,1.0
2018-04-17,56.0,1.0
2018-04-18,57.0,1.0
2018-04-19,57.0,1.0
2018-04-20,55.0,1.0
2018-04-21,49.0,1.0
2018-04-22,47.0,1.0
2018-04-23,58.0,1.0
2018-04-24,57.0,1.0
2018-04-25,55.0,1.0
2018-04-26,58.0,1.0
2018-04-27,53.0,1.0
2018-04-28,50.0,1.0
2018-04-29,46.0,1.0
2018-04-30,53.0,1.0
2018-05-01,51.0,1.0
2018-05-02,59.0,1.0
2018-05-03,55.0,1.0
2018-05-04,54.0,1.0
2018-05-05,50.0,1.0
2018-05-06,48.0,1.0
2018-05-07,58.0,1.0
2018-05-08,55.0,1.0
2018-05-09,57.0,1.0
2018-05-10,57.0,1.0
2018-05-11,56.0,1.0
2018-05-12,50.0,1.0
2018-05-13,47.0,1.0
2018-05-14,55.0,1.0
2018-05-15,58.0,1.0
2018-05-16,60.0,1.0
2018-05-17,55.0,1.0
2018-05-18,56.0,1.0
2018-05-19,49.0,1.0
2018-05-20,53.0,1.0
2018-05-21,57.0,1.0
2018-05-22,60.0,1.0
2018-05-23,58.0,1.0
2018-05-24,57.0,1.0
2018-05-25,59.0,1.0
2018-05-26,49.0,1.0
2018-05-27,49.0,1.0
2018-05-28,62.0,1.0
2018-05-29,63.0,1.0
2018-05-30,57.0,1.0
2018-05-31,55.0,1.0
2018-06-01,61.0,1.0
2018-06-02,54.0,
2018-06-03,53.0,
2018-06-04,62.0,
2018-06-05,67.0,
2018-06-06,54.0,
2018-06-07,63.0,
2018-06-08,55.0,
2018-06-09,48.0,
2018-06-10,50.0,
2018-06-11,56.0,
2018-06-12,61.0,
2018-06-13,57.0,
2018-06-14,55.0,
2018-06-15,52.0,
2018-06-16,45.0,
2018-06-17,42.0,
2018-06-18,54.0,
2018-06-19,56.0,
2018-06-20,57.0,
2018-06-21,55.0,
2018-06-22,56.0,
2018-06-23,48.0,
2018-06-24,48.0,
2018-06-25,59.0,
2018-06-26,56.0,
2018-06-27,54.0,
2018-06-28,56.0,
2018-06-29,56.0,
2018-06-30,48.0,
2018-07-01,52.0,
2018-07-02,54.0,
2018-07-03,58.0,
2018-07-04,57.0,
2018-07-05,59.0,
2018-07-06,52.0,
2018-07-07,50.0,
2018-07-08,52.0,
2018-07-09,57.0,
2018-07-10,57.0,
2018-07-11,62.0,
2018-07-12,61.0,
2018-07-13,61.0,
2018-07-14,54.0,
2018-07-15,53.0,
2018-07-16,63.0,
2018-07-17,66.0,
2018-07-18,66.0,
2018-07-19,68.0,
2018-07-20,71.0,
2018-07-21,87.0,
2018-07-22,100.0,
2018-07-23,92.0,
2018-07-24,80.0,
2018-07-25,66.0,
2018-07-26,66.0,
2018-07-27,72.0,
2018-07-28,62.0,
2018-07-29,63.0,
2018-07-30,68.0,
2018-07-31,63.0,
2018-08-01,62.0,
2018-08-02,60.0,
2018-08-03,60.0,
2018-08-04,54.0,
2018-08-05,56.0,
2018-08-06,60.0,
2018-08-07,58.0,
2018-08-08,60.0,
2018-08-09,54.0,1.0
2018-08-10,55.0,1.0
2018-08-11,55.0,1.0
2018-08-12,52.0,1.0
2018-08-13,62.0,1.0
2018-08-14,64.0,1.0
2018-08-15,57.0,1.0
2018-08-16,59.0,1.0
2018-08-17,59.0,1.0
2018-08-18,54.0,1.0
2018-08-19,52.0,1.0
2018-08-20,57.0,1.0
2018-08-21,58.0,1.0
2018-08-22,55.0,1.0
2018-08-23,58.0,1.0
2018-08-24,56.0,1.0
2018-08-25,52.0,1.0
2018-08-26,49.0,1.0
2018-08-27,56.0,1.0
2018-08-28,58.0,1.0
2018-08-29,59.0,1.0
2018-08-30,57.0,1.0
2018-08-31,56.0,1.0
2018-09-01,50.0,1.0
2018-09-02,50.0,1.0
2018-09-03,55.0,1.0
2018-09-04,55.0,1.0
2018-09-05,61.0,1.0
2018-09-06,58.0,1.0
2018-09-07,55.0,1.0
2018-09-08,52.0,1.0
2018-09-09,48.0,1.0
2018-09-10,59.0,1.0
2018-09-11,56.0,1.0
2018-09-12,59.0,1.0
2018-09-13,58.0,1.0
2018-09-14,56.0,1.0
2018-09-15,50.0,1.0
2018-09-16,49.0,1.0
2018-09-17,52.0,1.0
2018-09-18,55.0,1.0
2018-09-19,53.0,1.0
2018-09-20,54.0,1.0
2018-09-21,54.0,1.0
2018-09-22,55.0,1.0
2018-09-23,44.0,1.0
2018-09-24,51.0,1.0
2018-09-25,56.0,1.0
2018-09-26,59.0,1.0
2018-09-27,57.0,1.0
2018-09-28,49.0,1.0
2018-09-29,49.0,1.0
2018-09-30,47.0,1.0
2018-10-01,55.0,1.0
2018-10-02,53.0,1.0
2018-10-03,54.0,1.0
2018-10-04,55.0,1.0
2018-10-05,55.0,1.0
2018-10-06,50.0,1.0
2018-10-07,46.0,1.0
2018-10-08,56.0,1.0
2018-10-09,52.0,1.0
2018-10-10,55.0,1.0
2018-10-11,56.0,1.0
2018-10-12,53.0,1.0
2018-10-13,47.0,1.0
2018-10-14,47.0,1.0
2018-10-15,57.0,1.0
2018-10-16,57.0,1.0
2018-10-17,56.0,1.0
2018-10-18,55.0,1.0
2018-10-19,53.0,1.0
2018-10-20,46.0,1.0
2018-10-21,49.0,1.0
2018-10-22,55.0,1.0
2018-10-23,54.0,1.0
2018-10-24,56.0,1.0
2018-10-25,53.0,1.0
2018-10-26,55.0,1.0
2018-10-27,49.0,1.0
2018-10-28,48.0,1.0
2018-10-29,52.0,1.0
2018-10-30,56.0,1.0
2018-10-31,53.0,1.0
2018-11-01,53.0,1.0
2018-11-02,53.0,1.0
2018-11-03,52.0,1.0
2018-11-04,46.0,1.0
2018-11-05,58.0,1.0
2018-11-06,59.0,1.0
2018-11-07,63.0,1.0
2018-11-08,57.0,1.0
2018-11-09,53.0,1.0
2018-11-10,52.0,1.0
2018-11-11,55.0,1.0
2018-11-12,60.0,1.0
2018-11-13,56.0,1.0
2018-11-14,55.0,1.0
2018-11-15,54.0,1.0
2018-11-16,53.0,1.0
2018-11-17,51.0,1.0
2018-11-18,49.0,
2018-11-19,54.0,
2018-11-20,52.0,
2018-11-21,54.0,
2018-11-22,54.0,
2018-11-23,53.0,
2018-11-24,52.0,
2018-11-25,52.0,
2018-11-26,51.0,
2018-11-27,52.0,
2018-11-28,56.0,
2018-11-29,56.0,
2018-11-30,59.0,
2018-12-01,50.0,
2018-12-02,49.0,
2018-12-03,54.0,
2018-12-04,51.0,
2018-12-05,61.0,
2018-12-06,50.0,
2018-12-07,51.0,
2018-12-08,48.0,
2018-12-09,47.0,
2018-12-10,54.0,
2018-12-11,54.0,
2018-12-12,56.0,
2018-12-13,57.0,
2018-12-14,59.0,
2018-12-15,45.0,
2018-12-16,49.0,
2018-12-17,60.0,
2018-12-18,59.0,
2018-12-19,57.0,
2018-12-20,54.0,
2018-12-21,52.0,
2018-12-22,45.0,
2018-12-23,45.0,
2018-12-24,46.0,
2018-12-25,44.0,
2018-12-26,52.0,
2018-12-27,56.0,
2018-12-28,54.0,
2018-12-29,52.0,
2018-12-30,47.0,
2018-12-31,45.0,
2019-01-01,45.0,
2019-01-02,54.0,
2019-01-03,58.0,
2019-01-04,54.0,
2019-01-05,49.0,
2019-01-06,50.0,
2019-01-07,54.0,
2019-01-08,54.0,
2019-01-09,50.0,
2019-01-10,57.0,
2019-01-11,54.0,
2019-01-12,52.0,
2019-01-13,52.0,
2019-01-14,54.0,
2019-01-15,55.0,
2019-01-16,59.0,
2019-01-17,57.0,
2019-01-18,54.0,
2019-01-19,52.0,
2019-01-20,47.0,
2019-01-21,55.0,
2019-01-22,54.0,
2019-01-23,54.0,
2019-01-24,57.0,
2019-01-25,53.0,1.0
2019-01-26,52.0,1.0
2019-01-27,47.0,1.0
2019-01-28,54.0,1.0
2019-01-29,57.0,1.0
2019-01-30,52.0,1.0
2019-01-31,59.0,1.0
2019-02-01,55.0,1.0
2019-02-02,62.0,1.0
2019-02-03,52.0,1.0
2019-02-04,59.0,1.0
2019-02-05,61.0,1.0
2019-02-06,60.0,1.0
2019-02-07,62.0,1.0
2019-02-08,63.0,1.0
2019-02-09,62.0,1.0
2019-02-10,55.0,1.0
2019-02-11,56.0,1.0
2019-02-12,55.0,1.0
2019-02-13,55.0,1.0
2019-02-14,55.0,1.0
2019-02-15,54.0,1.0
2019-02-16,56.0,1.0
2019-02-17,52.0,1.0
2019-02-18,56.0,1.0
2019-02-19,58.0,1.0
2019-02-20,58.0,1.0
2019-02-21,59.0,1.0
2019-02-22,56.0,1.0
2019-02-23,55.0,1.0
2019-02-24,48.0,1.0
2019-02-25,57.0,1.0
2019-02-26,54.0,1.0
2019-02-27,57.0,1.0
2019-02-28,57.0,1.0
2019-03-01,53.0,1.0
2019-03-02,49.0,1.0
2019-03-03,50.0,1.0
2019-03-04,53.0,1.0
2019-03-05,56.0,1.0
2019-03-06,55.0,1.0
2019-03-07,55.0,1.0
2019-03-08,55.0,1.0
2019-03-09,54.0,1.0
2019-03-10,49.0,1.0
2019-03-11,54.0,1.0
2019-03-12,54.0,1.0
2019-03-13,55.0,1.0
2019-03-14,56.0,1.0
2019-03-15,53.0,1.0
2019-03-16,54.0,1.0
2019-03-17,51.0,1.0
2019-03-18,57.0,1.0
2019-03-19,61.0,1.0
2019-03-20,56.0,1.0
2019-03-21,54.0,1.0
2019-03-22,56.0,1.0
2019-03-23,53.0,1.0
2019-03-24,51.0,1.0
2019-03-25,59.0,1.0
2019-03-26,58.0,1.0
2019-03-27,60.0,1.0
2019-03-28,58.0,1.0
2019-03-29,54.0,1.0
2019-03-30,49.0,1.0
2019-03-31,50.0,1.0
2019-04-01,71.0,1.0
2019-04-02,59.0,1.0
2019-04-03,52.0,1.0
2019-04-04,53.0,1.0
2019-04-05,53.0,1.0
2019-04-06,49.0,1.0
2019-04-07,47.0,1.0
2019-04-08,55.0,1.0
2019-04-09,53.0,1.0
2019-04-10,51.0,1.0
2019-04-11,54.0,1.0
2019-04-12,57.0,1.0
2019-04-13,49.0,1.0
2019-04-14,47.0,1.0
2019-04-15,55.0,1.0
2019-04-16,52.0,1.0
2019-04-17,54.0,1.0
2019-04-18,52.0,1.0
2019-04-19,48.0,1.0
2019-04-20,45.0,1.0
2019-04-21,45.0,1.0
2019-04-22,53.0,1.0
2019-04-23,52.0,1.0
2019-04-24,54.0,1.0
2019-04-25,54.0,1.0
2019-04-26,54.0,1.0
2019-04-27,48.0,1.0
2019-04-28,47.0,1.0
2019-04-29,52.0,1.0
2019-04-30,51.0,1.0
2019-05-01,49.0,1.0
2019-05-02,53.0,1.0
2019-05-03,52.0,1.0
2019-05-04,46.0,1.0
2019-05-05,47.0,1.0
2019-05-06,50.0,
2019-05-07,54.0,
2019-05-08,54.0,
2019-05-09,54.0,
2019-05-10,54.0,
2019-05-11,56.0,
2019-05-12,48.0,
2019-05-13,55.0,
2019-05-14,59.0,
2019-05-15,57.0,
2019-05-16,56.0,
2019-05-17,55.0,
2019-05-18,47.0,
2019-05-19,48.0,
2019-05-20,54.0,
2019-05-21,57.0,
2019-05-22,54.0,
2019-05-23,52.0,
2019-05-24,56.0,
2019-05-25,51.0,
2019-05-26,48.0,
2019-05-27,59.0,
2019-05-28,56.0,
2019-05-29,55.0,
2019-05-30,59.0,
2019-05-31,52.0,
2019-06-01,49.0,
2019-06-02,49.0,
2019-06-03,51.0,
2019-06-04,52.0,
2019-06-05,48.0,
2019-06-06,54.0,
2019-06-07,57.0,
2019-06-08,49.0,
2019-06-09,46.0,
2019-06-10,54.0,
2019-06-11,54.0,
2019-06-12,52.0,
2019-06-13,52.0,
2019-06-14,54.0,
2019-06-15,50.0,
2019-06-16,45.0,
2019-06-17,57.0,
2019-06-18,54.0,
2019-06-19,56.0,
2019-06-20,55.0,
2019-06-21,55.0,
2019-06-22,46.0,
2019-06-23,42.0,
2019-06-24,53.0,
2019-06-25,56.0,
2019-06-26,55.0,
2019-06-27,57.0,
2019-06-28,49.0,
2019-06-29,47.0,
2019-06-30,46.0,
2019-07-01,54.0,
2019-07-02,54.0,
2019-07-03,53.0,
2019-07-04,56.0,
2019-07-05,52.0,
2019-07-06,49.0,
2019-07-07,46.0,
2019-07-08,57.0,
2019-07-09,57.0,
2019-07-10,55.0,
2019-07-11,55.0,
2019-07-12,52.0,
2019-07-13,49.0,1.0
2019-07-14,45.0,1.0
2019-07-15,53.0,1.0
2019-07-16,57.0,1.0
2019-07-17,57.0,1.0
2019-07-18,53.0,1.0
2019-07-19,54.0,1.0
2019-07-20,50.0,1.0
2019-07-21,50.0,1.0
2019-07-22,53.0,1.0
2019-07-23,56.0,1.0
2019-07-24,53.0,1.0
2019-07-25,55.0,1.0
2019-07-26,55.0,1.0
2019-07-27,51.0,1.0
2019-07-28,49.0,1.0
2019-07-29,53.0,1.0
2019-07-30,56.0,1.0
2019-07-31,56.0,1.0
2019-08-01,57.0,1.0
2019-08-02,53.0,1.0
2019-08-03,48.0,1.0
2019-08-04,51.0,1.0
2019-08-05,54.0,1.0
2019-08-06,58.0,1.0
2019-08-07,55.0,1.0
2019-08-08,57.0,1.0
2019-08-09,57.0,1.0
2019-08-10,57.0,1.0
2019-08-11,46.0,1.0
2019-08-12,56.0,1.0
2019-08-13,60.0,1.0
2019-08-14,54.0,1.0
2019-08-15,53.0,1.0
2019-08-16,54.0,1.0
2019-08-17,49.0,1.0
2019-08-18,50.0,1.0
2019-08-19,57.0,1.0
2019-08-20,62.0,1.0
2019-08-21,58.0,1.0
2019-08-22,53.0,1.0
2019-08-23,57.0,1.0
2019-08-24,52.0,1.0
2019-08-25,50.0,1.0
2019-08-26,57.0,1.0
2019-08-27,56.0,1.0
2019-08-28,59.0,1.0
2019-08-29,56.0,1.0
2019-08-30,50.0,1.0
2019-08-31,48.0,1.0
2019-09-01,49.0,1.0
2019-09-02,55.0,1.0
2019-09-03,55.0,1.0
2019-09-04,57.0,1.0
2019-09-05,53.0,1.0
2019-09-06,53.0,1.0
2019-09-07,54.0,1.0
2019-09-08,49.0,1.0
2019-09-09,56.0,1.0
2019-09-10,55.0,1.0
2019-09-11,56.0,1.0
2019-09-12,57.0,1.0
2019-09-13,57.0,1.0
2019-09-14,48.0,1.0
2019-09-15,48.0,1.0
2019-09-16,55.0,1.0
2019-09-17,57.0,1.0
2019-09-18,56.0,1.0
2019-09-19,54.0,1.0
2019-09-20,53.0,1.0
2019-09-21,53.0,1.0
2019-09-22,48.0,1.0
2019-09-23,55.0,1.0
2019-09-24,54.0,1.0
2019-09-25,54.0,1.0
2019-09-26,54.0,1.0
2019-09-27,57.0,1.0
2019-09-28,51.0,1.0
2019-09-29,49.0,1.0
2019-09-30,55.0,1.0
2019-10-01,54.0,1.0
2019-10-02,52.0,1.0
2019-10-03,53.0,1.0
2019-10-04,53.0,1.0
2019-10-05,47.0,1.0
2019-10-06,48.0,1.0
2019-10-07,57.0,1.0
2019-10-08,54.0,1.0
2019-10-09,57.0,1.0
2019-10-10,55.0,1.0
2019-10-11,53.0,1.0
2019-10-12,51.0,1.0
2019-10-13,45.0,1.0
2019-10-14,57.0,1.0
2019-10-15,56.0,1.0
2019-10-16,57.0,1.0
2019-10-17,56.0,1.0
2019-10-18,54.0,1.0
2019-10-19,49.0,1.0
2019-10-20,50.0,1.0
2019-10-21,54.0,1.0
2019-10-22,56.0,
2019-10-23,54.0,
2019-10-24,56.0,
2019-10-25,58.0,
2019-10-26,50.0,
2019-10-27,51.0,
2019-10-28,56.0,
2019-10-29,60.0,
2019-10-30,56.0,
2019-10-31,58.0,
2019-11-01,56.0,
2019-11-02,49.0,
2019-11-03,51.0,
2019-11-04,57.0,
2019-11-05,57.0,
2019-11-06,59.0,
2019-11-07,56.0,
2019-11-08,57.0,
2019-11-09,52.0,
2019-11-10,53.0,
2019-11-11,60.0,
2019-11-12,59.0,
2019-11-13,58.0,
2019-11-14,58.0,
2019-11-15,56.0,
2019-11-16,53.0,
2019-11-17,51.0,
2019-11-18,63.0,
2019-11-19,83.0,
2019-11-20,73.0,
2019-11-21,64.0,
2019-11-22,60.0,
2019-11-23,51.0,
2019-11-24,51.0,
2019-11-25,56.0,
2019-11-26,58.0,
2019-11-27,57.0,
2019-11-28,57.0,
2019-11-29,59.0,
2019-11-30,52.0,
2019-12-01,50.0,
2019-12-02,58.0,
2019-12-03,57.0,
2019-12-04,57.0,
2019-12-05,56.0,
2019-12-06,59.0,
2019-12-07,47.0,
2019-12-08,44.0,
2019-12-09,58.0,
2019-12-10,56.0,
2019-12-11,57.0,
2019-12-12,56.0,
2019-12-13,55.0,
2019-12-14,49.0,
2019-12-15,46.0,
2019-12-16,60.0,
2019-12-17,56.0,
2019-12-18,54.0,
2019-12-19,58.0,
2019-12-20,53.0,
2019-12-21,51.0,
2019-12-22,47.0,
2019-12-23,51.0,
2019-12-24,47.0,
2019-12-25,48.0,
2019-12-26,55.0,
2019-12-27,58.0,
2019-12-28,52.0,
2019-12-29,48.0,
2019-12-30,51.0,
2019-12-31,49.0,
2020-01-01,47.0,
2020-01-02,60.0,
2020-01-03,57.0,
2020-01-04,50.0,
2020-01-05,49.0,
2020-01-06,56.0,
2020-01-07,55.0,
2020-01-08,56.0,
2020-01-09,61.0,
2020-01-10,58.0,
2020-01-11,50.0,
2020-01-12,50.0,
2020-01-13,55.0,
2020-01-14,57.0,
2020-01-15,62.0,
2020-01-16,56.0,
2020-01-17,56.0,
2020-01-18,54.0,
2020-01-19,48.0,
2020-01-20,57.0,
2020-01-21,62.0,
2020-01-22,56.0,
2020-01-23,57.0,
2020-01-24,56.0,
2020-01-25,49.0,
2020-01-26,50.0,
2020-01-27,56.0,
2020-01-28,56.0,
2020-01-29,55.0,
2020-01-30,59.0,
2020-01-31,61.0,
2020-02-01,56.0,
2020-02-02,48.0,
2020-02-03,56.0,
2020-02-04,57.0,
2020-02-05,57.0,
2020-02-06,55.0,
2020-02-07,61.0,
2020-02-08,61.0,
2020-02-09,54.0,
2020-02-10,58.0,
2020-02-11,58.0,
2020-02-12,61.0,
2020-02-13,62.0,
2020-02-14,58.0,
2020-02-15,53.0,
2020-02-16,51.0,
2020-02-17,57.0,
2020-02-18,60.0,
2020-02-19,61.0,
2020-02-20,58.0,
2020-02-21,58.0,
2020-02-22,51.0,
2020-02-23,50.0,
2020-02-24,56.0,
2020-02-25,56.0,
2020-02-26,57.0,
2020-02-27,57.0,
2020-02-28,56.0,
2020-02-29,54.0,
2020-03-01,54.0,
2020-03-02,58.0,
2020-03-03,65.0,
2020-03-04,64.0,
2020-03-05,61.0,
2020-03-06,57.0,
2020-03-07,54.0,
2020-03-08,51.0,
2020-03-09,58.0,
2020-03-10,59.0,
2020-03-11,64.0,
2020-03-12,66.0,
2020-03-13,60.0,
2020-03-14,55.0,
2020-03-15,53.0,
2020-03-16,57.0,
2020-03-17,56.0,
2020-03-18,59.0,
2020-03-19,56.0,
2020-03-20,56.0,
2020-03-21,51.0,
2020-03-22,51.0,
2020-03-23,56.0,
2020-03-24,71.0,
2020-03-25,65.0,
2020-03-26,58.0,
2020-03-27,55.0,
2020-03-28,50.0,
2020-03-29,50.0,
2020-03-30,53.0,
2020-03-31,53.0,
2020-04-01,54.0,
2020-04-02,55.0,
2020-04-03,54.0,
2020-04-04,53.0,
2020-04-05,49.0,
2020-04-06,52.0,
2020-04-07,51.0,
