date,MARUTI,overlap
2010-01-04,48.0,1.0
2010-01-05,64.0,1.0
2010-01-06,49.0,1.0
2010-01-07,72.0,1.0
2010-01-08,86.0,1.0
2010-01-09,57.0,1.0
2010-01-10,44.0,1.0
2010-01-11,49.0,1.0
2010-01-12,49.0,1.0
2010-01-13,37.0,1.0
2010-01-14,45.0,1.0
2010-01-15,48.0,1.0
2010-01-16,64.0,1.0
2010-01-17,40.0,1.0
2010-01-18,54.0,1.0
2010-01-19,52.0,1.0
2010-01-20,34.0,1.0
2010-01-21,39.0,1.0
2010-01-22,45.0,1.0
2010-01-23,46.0,1.0
2010-01-24,35.0,1.0
2010-01-25,43.0,1.0
2010-01-26,30.0,1.0
2010-01-27,37.0,1.0
2010-01-28,45.0,1.0
2010-01-29,43.0,1.0
2010-01-30,46.0,1.0
2010-01-31,42.0,1.0
2010-02-01,37.0,1.0
2010-02-02,32.0,
2010-02-03,50.0,
2010-02-04,41.0,
2010-02-05,46.0,
2010-02-06,41.0,
2010-02-07,39.0,
2010-02-08,34.0,
2010-02-09,50.0,
2010-02-10,37.0,
2010-02-11,34.0,
2010-02-12,39.0,
2010-02-13,41.0,
2010-02-14,34.0,
2010-02-15,44.0,
2010-02-16,43.0,
2010-02-17,34.0,
2010-02-18,40.0,
2010-02-19,44.0,
2010-02-20,44.0,
2010-02-21,30.0,
2010-02-22,45.0,
2010-02-23,46.0,
2010-02-24,39.0,
2010-02-25,35.0,
2010-02-26,37.0,
2010-02-27,38.0,
2010-02-28,33.0,
2010-03-01,36.0,
2010-03-02,41.0,
2010-03-03,34.0,
2010-03-04,40.0,
2010-03-05,36.0,
2010-03-06,49.0,
2010-03-07,35.0,
2010-03-08,34.0,
2010-03-09,39.0,
2010-03-10,38.0,
2010-03-11,42.0,
2010-03-12,37.0,
2010-03-13,41.0,
2010-03-14,32.0,
2010-03-15,37.0,
2010-03-16,34.0,
2010-03-17,33.0,
2010-03-18,45.0,
2010-03-19,33.0,
2010-03-20,46.0,
2010-03-21,34.0,
2010-03-22,40.0,
2010-03-23,42.0,
2010-03-24,37.0,
2010-03-25,45.0,
2010-03-26,38.0,
2010-03-27,52.0,
2010-03-28,35.0,
2010-03-29,41.0,
2010-03-30,35.0,
2010-03-31,42.0,
2010-04-01,51.0,
2010-04-02,50.0,
2010-04-03,30.0,
2010-04-04,36.0,
2010-04-05,41.0,
2010-04-06,28.0,
2010-04-07,28.0,
2010-04-08,37.0,
2010-04-09,44.0,
2010-04-10,44.0,
2010-04-11,29.0,1.0
2010-04-12,32.0,1.0
2010-04-13,31.0,1.0
2010-04-14,34.0,1.0
2010-04-15,32.0,1.0
2010-04-16,37.0,1.0
2010-04-17,39.0,1.0
2010-04-18,37.0,1.0
2010-04-19,33.0,1.0
2010-04-20,37.0,1.0
2010-04-21,39.0,1.0
2010-04-22,36.0,1.0
2010-04-23,74.0,1.0
2010-04-24,77.0,1.0
2010-04-25,52.0,1.0
2010-04-26,61.0,1.0
2010-04-27,61.0,1.0
2010-04-28,49.0,1.0
2010-04-29,41.0,1.0
2010-04-30,41.0,1.0
2010-05-01,43.0,1.0
2010-05-02,39.0,1.0
2010-05-03,45.0,1.0
2010-05-04,35.0,1.0
2010-05-05,38.0,1.0
2010-05-06,37.0,1.0
2010-05-07,46.0,1.0
2010-05-08,42.0,1.0
2010-05-09,34.0,1.0
2010-05-10,39.0,1.0
2010-05-11,32.0,1.0
2010-05-12,35.0,1.0
2010-05-13,38.0,1.0
2010-05-14,35.0,1.0
2010-05-15,37.0,1.0
2010-05-16,33.0,1.0
2010-05-17,35.0,1.0
2010-05-18,33.0,1.0
2010-05-19,34.0,1.0
2010-05-20,32.0,1.0
2010-05-21,38.0,1.0
2010-05-22,40.0,1.0
2010-05-23,32.0,1.0
2010-05-24,43.0,1.0
2010-05-25,36.0,1.0
2010-05-26,35.0,1.0
2010-05-27,38.0,1.0
2010-05-28,33.0,1.0
2010-05-29,41.0,1.0
2010-05-30,38.0,1.0
2010-05-31,43.0,1.0
2010-06-01,40.0,1.0
2010-06-02,40.0,1.0
2010-06-03,37.0,1.0
2010-06-04,39.0,1.0
2010-06-05,47.0,1.0
2010-06-06,34.0,1.0
2010-06-07,32.0,1.0
2010-06-08,38.0,1.0
2010-06-09,39.0,1.0
2010-06-10,37.0,1.0
2010-06-11,45.0,1.0
2010-06-12,45.0,1.0
2010-06-13,34.0,1.0
2010-06-14,40.0,1.0
2010-06-15,42.0,1.0
2010-06-16,38.0,1.0
2010-06-17,34.0,1.0
2010-06-18,39.0,1.0
2010-06-19,44.0,1.0
2010-06-20,33.0,1.0
2010-06-21,41.0,1.0
2010-06-22,35.0,1.0
2010-06-23,39.0,1.0
2010-06-24,34.0,1.0
2010-06-25,42.0,1.0
2010-06-26,48.0,1.0
2010-06-27,39.0,1.0
2010-06-28,39.0,1.0
2010-06-29,37.0,1.0
2010-06-30,36.0,1.0
2010-07-01,42.0,1.0
2010-07-02,47.0,1.0
2010-07-03,45.0,1.0
2010-07-04,37.0,1.0
2010-07-05,37.0,1.0
2010-07-06,37.0,1.0
2010-07-07,35.0,1.0
2010-07-08,33.0,1.0
2010-07-09,46.0,1.0
2010-07-10,50.0,1.0
2010-07-11,43.0,1.0
2010-07-12,40.0,1.0
2010-07-13,42.0,1.0
2010-07-14,47.0,1.0
2010-07-15,33.0,1.0
2010-07-16,41.0,1.0
2010-07-17,47.0,1.0
2010-07-18,40.0,1.0
2010-07-19,39.0,1.0
2010-07-20,44.0,1.0
2010-07-21,37.0,
2010-07-22,37.0,
2010-07-23,40.0,
2010-07-24,42.0,
2010-07-25,40.0,
2010-07-26,43.0,
2010-07-27,36.0,
2010-07-28,34.0,
2010-07-29,42.0,
2010-07-30,36.0,
2010-07-31,50.0,
2010-08-01,50.0,
2010-08-02,43.0,
2010-08-03,45.0,
2010-08-04,70.0,
2010-08-05,93.0,
2010-08-06,70.0,
2010-08-07,77.0,
2010-08-08,58.0,
2010-08-09,60.0,
2010-08-10,44.0,
2010-08-11,47.0,
2010-08-12,44.0,
2010-08-13,49.0,
2010-08-14,54.0,
2010-08-15,43.0,
2010-08-16,47.0,
2010-08-17,37.0,
2010-08-18,44.0,
2010-08-19,39.0,
2010-08-20,43.0,
2010-08-21,50.0,
2010-08-22,36.0,
2010-08-23,54.0,
2010-08-24,41.0,
2010-08-25,42.0,
2010-08-26,39.0,
2010-08-27,41.0,
2010-08-28,46.0,
2010-08-29,53.0,
2010-08-30,41.0,
2010-08-31,36.0,
2010-09-01,38.0,
2010-09-02,35.0,
2010-09-03,44.0,
2010-09-04,42.0,
2010-09-05,39.0,
2010-09-06,40.0,
2010-09-07,42.0,
2010-09-08,36.0,
2010-09-09,40.0,
2010-09-10,41.0,
2010-09-11,36.0,
2010-09-12,40.0,
2010-09-13,41.0,
2010-09-14,32.0,
2010-09-15,41.0,
2010-09-16,38.0,
2010-09-17,39.0,
2010-09-18,40.0,
2010-09-19,33.0,
2010-09-20,41.0,
2010-09-21,39.0,
2010-09-22,35.0,
2010-09-23,35.0,
2010-09-24,44.0,
2010-09-25,39.0,
2010-09-26,44.0,
2010-09-27,32.0,1.0
2010-09-28,35.0,1.0
2010-09-29,36.0,1.0
2010-09-30,29.0,1.0
2010-10-01,38.0,1.0
2010-10-02,34.0,1.0
2010-10-03,34.0,1.0
2010-10-04,38.0,1.0
2010-10-05,32.0,1.0
2010-10-06,34.0,1.0
2010-10-07,33.0,1.0
2010-10-08,36.0,1.0
2010-10-09,34.0,1.0
2010-10-10,31.0,1.0
2010-10-11,38.0,1.0
2010-10-12,33.0,1.0
2010-10-13,35.0,1.0
2010-10-14,33.0,1.0
2010-10-15,35.0,1.0
2010-10-16,35.0,1.0
2010-10-17,29.0,1.0
2010-10-18,39.0,1.0
2010-10-19,33.0,1.0
2010-10-20,34.0,1.0
2010-10-21,34.0,1.0
2010-10-22,33.0,1.0
2010-10-23,39.0,1.0
2010-10-24,34.0,1.0
2010-10-25,36.0,1.0
2010-10-26,37.0,1.0
2010-10-27,34.0,1.0
2010-10-28,37.0,1.0
2010-10-29,36.0,1.0
2010-10-30,42.0,1.0
2010-10-31,32.0,1.0
2010-11-01,36.0,1.0
2010-11-02,32.0,1.0
2010-11-03,32.0,1.0
2010-11-04,28.0,1.0
2010-11-05,22.0,1.0
2010-11-06,28.0,1.0
2010-11-07,23.0,1.0
2010-11-08,28.0,1.0
2010-11-09,34.0,1.0
2010-11-10,36.0,1.0
2010-11-11,35.0,1.0
2010-11-12,30.0,1.0
2010-11-13,36.0,1.0
2010-11-14,24.0,1.0
2010-11-15,35.0,1.0
2010-11-16,32.0,1.0
2010-11-17,33.0,1.0
2010-11-18,34.0,1.0
2010-11-19,31.0,1.0
2010-11-20,35.0,1.0
2010-11-21,29.0,1.0
2010-11-22,35.0,1.0
2010-11-23,36.0,1.0
2010-11-24,31.0,1.0
2010-11-25,33.0,1.0
2010-11-26,34.0,1.0
2010-11-27,35.0,1.0
2010-11-28,30.0,1.0
2010-11-29,35.0,1.0
2010-11-30,31.0,1.0
2010-12-01,30.0,1.0
2010-12-02,35.0,1.0
2010-12-03,36.0,1.0
2010-12-04,33.0,1.0
2010-12-05,31.0,1.0
2010-12-06,34.0,1.0
2010-12-07,33.0,1.0
2010-12-08,32.0,1.0
2010-12-09,31.0,1.0
2010-12-10,37.0,1.0
2010-12-11,49.0,1.0
2010-12-12,37.0,1.0
2010-12-13,35.0,1.0
2010-12-14,37.0,1.0
2010-12-15,33.0,1.0
2010-12-16,40.0,1.0
2010-12-17,39.0,1.0
2010-12-18,45.0,1.0
2010-12-19,41.0,1.0
2010-12-20,39.0,1.0
2010-12-21,39.0,1.0
2010-12-22,40.0,1.0
2010-12-23,43.0,1.0
2010-12-24,44.0,1.0
2010-12-25,38.0,1.0
2010-12-26,40.0,1.0
2010-12-27,38.0,1.0
2010-12-28,38.0,1.0
2010-12-29,41.0,1.0
2010-12-30,44.0,1.0
2010-12-31,36.0,1.0
2011-01-01,34.0,1.0
2011-01-02,34.0,1.0
2011-01-03,39.0,1.0
2011-01-04,34.0,1.0
2011-01-05,33.0,1.0
2011-01-06,36.0,
2011-01-07,34.0,
2011-01-08,35.0,
2011-01-09,38.0,
2011-01-10,41.0,
2011-01-11,31.0,
2011-01-12,31.0,
2011-01-13,31.0,
2011-01-14,31.0,
2011-01-15,34.0,
2011-01-16,39.0,
2011-01-17,37.0,
2011-01-18,40.0,
2011-01-19,34.0,
2011-01-20,43.0,
2011-01-21,39.0,
2011-01-22,38.0,
2011-01-23,33.0,
2011-01-24,33.0,
2011-01-25,36.0,
2011-01-26,27.0,
2011-01-27,34.0,
2011-01-28,37.0,
2011-01-29,40.0,
2011-01-30,38.0,
2011-01-31,37.0,
2011-02-01,41.0,
2011-02-02,46.0,
2011-02-03,49.0,
2011-02-04,51.0,
2011-02-05,43.0,
2011-02-06,37.0,
2011-02-07,37.0,
2011-02-08,41.0,
2011-02-09,38.0,
2011-02-10,35.0,
2011-02-11,35.0,
2011-02-12,39.0,
2011-02-13,27.0,
2011-02-14,35.0,
2011-02-15,34.0,
2011-02-16,37.0,
2011-02-17,36.0,
2011-02-18,35.0,
2011-02-19,33.0,
2011-02-20,36.0,
2011-02-21,32.0,
2011-02-22,36.0,
2011-02-23,39.0,
2011-02-24,41.0,
2011-02-25,36.0,
2011-02-26,34.0,
2011-02-27,31.0,
2011-02-28,39.0,
2011-03-01,36.0,
2011-03-02,31.0,
2011-03-03,34.0,
2011-03-04,34.0,
2011-03-05,39.0,
2011-03-06,28.0,
2011-03-07,37.0,
2011-03-08,37.0,
2011-03-09,30.0,
2011-03-10,37.0,
2011-03-11,28.0,
2011-03-12,43.0,
2011-03-13,38.0,
2011-03-14,39.0,
2011-03-15,34.0,1.0
2011-03-16,34.0,1.0
2011-03-17,36.0,1.0
2011-03-18,33.0,1.0
2011-03-19,38.0,1.0
2011-03-20,30.0,1.0
2011-03-21,35.0,1.0
2011-03-22,38.0,1.0
2011-03-23,33.0,1.0
2011-03-24,31.0,1.0
2011-03-25,37.0,1.0
2011-03-26,41.0,1.0
2011-03-27,30.0,1.0
2011-03-28,41.0,1.0
2011-03-29,36.0,1.0
2011-03-30,29.0,1.0
2011-03-31,29.0,1.0
2011-04-01,31.0,1.0
2011-04-02,30.0,1.0
2011-04-03,27.0,1.0
2011-04-04,35.0,1.0
2011-04-05,35.0,1.0
2011-04-06,35.0,1.0
2011-04-07,36.0,1.0
2011-04-08,34.0,1.0
2011-04-09,36.0,1.0
2011-04-10,29.0,1.0
2011-04-11,31.0,1.0
2011-04-12,33.0,1.0
2011-04-13,30.0,1.0
2011-04-14,32.0,1.0
2011-04-15,32.0,1.0
2011-04-16,34.0,1.0
2011-04-17,27.0,1.0
2011-04-18,31.0,1.0
2011-04-19,32.0,1.0
2011-04-20,31.0,1.0
2011-04-21,35.0,1.0
2011-04-22,35.0,1.0
2011-04-23,37.0,1.0
2011-04-24,31.0,1.0
2011-04-25,37.0,1.0
2011-04-26,31.0,1.0
2011-04-27,28.0,1.0
2011-04-28,32.0,1.0
2011-04-29,30.0,1.0
2011-04-30,36.0,1.0
2011-05-01,27.0,1.0
2011-05-02,30.0,1.0
2011-05-03,33.0,1.0
2011-05-04,31.0,1.0
2011-05-05,33.0,1.0
2011-05-06,31.0,1.0
2011-05-07,29.0,1.0
2011-05-08,26.0,1.0
2011-05-09,34.0,1.0
2011-05-10,30.0,1.0
2011-05-11,31.0,1.0
2011-05-12,31.0,1.0
2011-05-13,27.0,1.0
2011-05-14,37.0,1.0
2011-05-15,26.0,1.0
2011-05-16,33.0,1.0
2011-05-17,31.0,1.0
2011-05-18,32.0,1.0
2011-05-19,34.0,1.0
2011-05-20,30.0,1.0
2011-05-21,42.0,1.0
2011-05-22,31.0,1.0
2011-05-23,34.0,1.0
2011-05-24,34.0,1.0
2011-05-25,31.0,1.0
2011-05-26,29.0,1.0
2011-05-27,32.0,1.0
2011-05-28,34.0,1.0
2011-05-29,31.0,1.0
2011-05-30,36.0,1.0
2011-05-31,34.0,1.0
2011-06-01,36.0,1.0
2011-06-02,30.0,1.0
2011-06-03,32.0,1.0
2011-06-04,35.0,1.0
2011-06-05,32.0,1.0
2011-06-06,33.0,1.0
2011-06-07,33.0,1.0
2011-06-08,36.0,1.0
2011-06-09,35.0,1.0
2011-06-10,31.0,1.0
2011-06-11,38.0,1.0
2011-06-12,31.0,1.0
2011-06-13,37.0,1.0
2011-06-14,39.0,1.0
2011-06-15,36.0,1.0
2011-06-16,38.0,1.0
2011-06-17,41.0,1.0
2011-06-18,40.0,1.0
2011-06-19,32.0,1.0
2011-06-20,38.0,1.0
2011-06-21,35.0,1.0
2011-06-22,38.0,1.0
2011-06-23,39.0,1.0
2011-06-24,35.0,
2011-06-25,35.0,
2011-06-26,39.0,
2011-06-27,39.0,
2011-06-28,41.0,
2011-06-29,37.0,
2011-06-30,38.0,
2011-07-01,35.0,
2011-07-02,37.0,
2011-07-03,38.0,
2011-07-04,39.0,
2011-07-05,35.0,
2011-07-06,39.0,
2011-07-07,36.0,
2011-07-08,49.0,
2011-07-09,43.0,
2011-07-10,47.0,
2011-07-11,52.0,
2011-07-12,42.0,
2011-07-13,47.0,
2011-07-14,40.0,
2011-07-15,49.0,
2011-07-16,53.0,
2011-07-17,35.0,
2011-07-18,50.0,
2011-07-19,44.0,
2011-07-20,47.0,
2011-07-21,47.0,
2011-07-22,45.0,
2011-07-23,48.0,
2011-07-24,39.0,
2011-07-25,42.0,
2011-07-26,44.0,
2011-07-27,49.0,
2011-07-28,40.0,
2011-07-29,42.0,
2011-07-30,44.0,
2011-07-31,41.0,
2011-08-01,41.0,
2011-08-02,45.0,
2011-08-03,40.0,
2011-08-04,40.0,
2011-08-05,42.0,
2011-08-06,46.0,
2011-08-07,41.0,
2011-08-08,48.0,
2011-08-09,43.0,
2011-08-10,42.0,
2011-08-11,47.0,
2011-08-12,36.0,
2011-08-13,40.0,
2011-08-14,44.0,
2011-08-15,37.0,
2011-08-16,49.0,
2011-08-17,100.0,
2011-08-18,80.0,
2011-08-19,62.0,
2011-08-20,68.0,
2011-08-21,56.0,
2011-08-22,48.0,
2011-08-23,45.0,
2011-08-24,37.0,
2011-08-25,38.0,
2011-08-26,38.0,
2011-08-27,45.0,
2011-08-28,42.0,
2011-08-29,44.0,
2011-08-30,47.0,
2011-08-31,36.0,1.0
2011-09-01,36.0,1.0
2011-09-02,38.0,1.0
2011-09-03,43.0,1.0
2011-09-04,37.0,1.0
2011-09-05,38.0,1.0
2011-09-06,37.0,1.0
2011-09-07,35.0,1.0
2011-09-08,40.0,1.0
2011-09-09,35.0,1.0
2011-09-10,39.0,1.0
2011-09-11,32.0,1.0
2011-09-12,39.0,1.0
2011-09-13,36.0,1.0
2011-09-14,36.0,1.0
2011-09-15,39.0,1.0
2011-09-16,38.0,1.0
2011-09-17,43.0,1.0
2011-09-18,32.0,1.0
2011-09-19,34.0,1.0
2011-09-20,34.0,1.0
2011-09-21,33.0,1.0
2011-09-22,38.0,1.0
2011-09-23,33.0,1.0
2011-09-24,38.0,1.0
2011-09-25,39.0,1.0
2011-09-26,36.0,1.0
2011-09-27,35.0,1.0
2011-09-28,36.0,1.0
2011-09-29,34.0,1.0
2011-09-30,37.0,1.0
2011-10-01,41.0,1.0
2011-10-02,33.0,1.0
2011-10-03,33.0,1.0
2011-10-04,33.0,1.0
2011-10-05,33.0,1.0
2011-10-06,26.0,1.0
2011-10-07,37.0,1.0
2011-10-08,35.0,1.0
2011-10-09,31.0,1.0
2011-10-10,36.0,1.0
2011-10-11,29.0,1.0
2011-10-12,34.0,1.0
2011-10-13,42.0,1.0
2011-10-14,39.0,1.0
2011-10-15,42.0,1.0
2011-10-16,34.0,1.0
2011-10-17,39.0,1.0
2011-10-18,38.0,1.0
2011-10-19,37.0,1.0
2011-10-20,36.0,1.0
2011-10-21,40.0,1.0
2011-10-22,38.0,1.0
2011-10-23,27.0,1.0
2011-10-24,29.0,1.0
2011-10-25,25.0,1.0
2011-10-26,20.0,1.0
2011-10-27,26.0,1.0
2011-10-28,31.0,1.0
2011-10-29,36.0,1.0
2011-10-30,29.0,1.0
2011-10-31,37.0,1.0
2011-11-01,34.0,1.0
2011-11-02,31.0,1.0
2011-11-03,32.0,1.0
2011-11-04,29.0,1.0
2011-11-05,32.0,1.0
2011-11-06,29.0,1.0
2011-11-07,34.0,1.0
2011-11-08,29.0,1.0
2011-11-09,28.0,1.0
2011-11-10,28.0,1.0
2011-11-11,27.0,1.0
2011-11-12,31.0,1.0
2011-11-13,23.0,1.0
2011-11-14,29.0,1.0
2011-11-15,28.0,1.0
2011-11-16,28.0,1.0
2011-11-17,27.0,1.0
2011-11-18,29.0,1.0
2011-11-19,29.0,1.0
2011-11-20,22.0,1.0
2011-11-21,28.0,1.0
2011-11-22,27.0,1.0
2011-11-23,28.0,1.0
2011-11-24,32.0,1.0
2011-11-25,32.0,1.0
2011-11-26,30.0,1.0
2011-11-27,29.0,1.0
2011-11-28,27.0,1.0
2011-11-29,27.0,1.0
2011-11-30,26.0,1.0
2011-12-01,28.0,1.0
2011-12-02,32.0,1.0
2011-12-03,28.0,1.0
2011-12-04,23.0,1.0
2011-12-05,27.0,1.0
2011-12-06,30.0,1.0
2011-12-07,28.0,1.0
2011-12-08,29.0,1.0
2011-12-09,28.0,1.0
2011-12-10,30.0,
2011-12-11,22.0,
2011-12-12,31.0,
2011-12-13,28.0,
2011-12-14,23.0,
2011-12-15,27.0,
2011-12-16,26.0,
2011-12-17,31.0,
2011-12-18,25.0,
2011-12-19,23.0,
2011-12-20,30.0,
2011-12-21,27.0,
2011-12-22,30.0,
2011-12-23,28.0,
2011-12-24,30.0,
2011-12-25,25.0,
2011-12-26,40.0,
2011-12-27,27.0,
2011-12-28,31.0,
2011-12-29,30.0,
2011-12-30,31.0,
2011-12-31,23.0,
2012-01-01,23.0,
2012-01-02,35.0,
2012-01-03,32.0,
2012-01-04,37.0,
2012-01-05,52.0,
2012-01-06,54.0,
2012-01-07,58.0,
2012-01-08,40.0,
2012-01-09,51.0,
2012-01-10,36.0,
2012-01-11,33.0,
2012-01-12,40.0,
2012-01-13,28.0,
2012-01-14,33.0,
2012-01-15,30.0,
2012-01-16,38.0,
2012-01-17,37.0,
2012-01-18,30.0,
2012-01-19,38.0,
2012-01-20,36.0,
2012-01-21,36.0,
2012-01-22,26.0,
2012-01-23,29.0,
2012-01-24,30.0,
2012-01-25,36.0,
2012-01-26,21.0,
2012-01-27,33.0,
2012-01-28,37.0,
2012-01-29,30.0,
2012-01-30,33.0,
2012-01-31,28.0,
2012-02-01,50.0,
2012-02-02,44.0,
2012-02-03,41.0,
2012-02-04,43.0,
2012-02-05,32.0,
2012-02-06,38.0,
2012-02-07,36.0,
2012-02-08,33.0,
2012-02-09,35.0,
2012-02-10,30.0,
2012-02-11,34.0,
2012-02-12,24.0,
2012-02-13,36.0,
2012-02-14,29.0,
2012-02-15,36.0,
2012-02-16,32.0,1.0
2012-02-17,32.0,1.0
2012-02-18,31.0,1.0
2012-02-19,29.0,1.0
2012-02-20,31.0,1.0
2012-02-21,29.0,1.0
2012-02-22,32.0,1.0
2012-02-23,29.0,1.0
2012-02-24,29.0,1.0
2012-02-25,29.0,1.0
2012-02-26,28.0,1.0
2012-02-27,29.0,1.0
2012-02-28,29.0,1.0
2012-02-29,30.0,1.0
2012-03-01,27.0,1.0
2012-03-02,27.0,1.0
2012-03-03,33.0,1.0
2012-03-04,28.0,1.0
2012-03-05,29.0,1.0
2012-03-06,23.0,1.0
2012-03-07,27.0,1.0
2012-03-08,22.0,1.0
2012-03-09,30.0,1.0
2012-03-10,32.0,1.0
2012-03-11,27.0,1.0
2012-03-12,28.0,1.0
2012-03-13,25.0,1.0
2012-03-14,29.0,1.0
2012-03-15,30.0,1.0
2012-03-16,26.0,1.0
2012-03-17,33.0,1.0
2012-03-18,25.0,1.0
2012-03-19,31.0,1.0
2012-03-20,28.0,1.0
2012-03-21,28.0,1.0
2012-03-22,25.0,1.0
2012-03-23,35.0,1.0
2012-03-24,35.0,1.0
2012-03-25,32.0,1.0
2012-03-26,32.0,1.0
2012-03-27,32.0,1.0
2012-03-28,31.0,1.0
2012-03-29,29.0,1.0
2012-03-30,30.0,1.0
2012-03-31,28.0,1.0
2012-04-01,24.0,1.0
2012-04-02,29.0,1.0
2012-04-03,27.0,1.0
2012-04-04,30.0,1.0
2012-04-05,30.0,1.0
2012-04-06,32.0,1.0
2012-04-07,32.0,1.0
2012-04-08,26.0,1.0
2012-04-09,41.0,1.0
2012-04-10,34.0,1.0
2012-04-11,33.0,1.0
2012-04-12,75.0,1.0
2012-04-13,87.0,1.0
2012-04-14,75.0,1.0
2012-04-15,65.0,1.0
2012-04-16,70.0,1.0
2012-04-17,56.0,1.0
2012-04-18,44.0,1.0
2012-04-19,44.0,1.0
2012-04-20,42.0,1.0
2012-04-21,48.0,1.0
2012-04-22,41.0,1.0
2012-04-23,42.0,1.0
2012-04-24,41.0,1.0
2012-04-25,38.0,1.0
2012-04-26,38.0,1.0
2012-04-27,38.0,1.0
2012-04-28,42.0,1.0
2012-04-29,33.0,1.0
2012-04-30,41.0,1.0
2012-05-01,36.0,1.0
2012-05-02,39.0,1.0
2012-05-03,45.0,1.0
2012-05-04,47.0,1.0
2012-05-05,43.0,1.0
2012-05-06,39.0,1.0
2012-05-07,37.0,1.0
2012-05-08,34.0,1.0
2012-05-09,32.0,1.0
2012-05-10,34.0,1.0
2012-05-11,33.0,1.0
2012-05-12,35.0,1.0
2012-05-13,34.0,1.0
2012-05-14,34.0,1.0
2012-05-15,31.0,1.0
2012-05-16,31.0,1.0
2012-05-17,32.0,1.0
2012-05-18,31.0,1.0
2012-05-19,39.0,1.0
2012-05-20,33.0,1.0
2012-05-21,41.0,1.0
2012-05-22,35.0,1.0
2012-05-23,33.0,1.0
2012-05-24,33.0,1.0
2012-05-25,35.0,1.0
2012-05-26,40.0,1.0
2012-05-27,31.0,
2012-05-28,33.0,
2012-05-29,31.0,
2012-05-30,30.0,
2012-05-31,31.0,
2012-06-01,31.0,
2012-06-02,28.0,
2012-06-03,25.0,
2012-06-04,30.0,
2012-06-05,30.0,
2012-06-06,30.0,
2012-06-07,31.0,
2012-06-08,30.0,
2012-06-09,29.0,
2012-06-10,29.0,
2012-06-11,30.0,
2012-06-12,29.0,
2012-06-13,33.0,
2012-06-14,30.0,
2012-06-15,32.0,
2012-06-16,35.0,
2012-06-17,33.0,
2012-06-18,31.0,
2012-06-19,29.0,
2012-06-20,33.0,
2012-06-21,33.0,
2012-06-22,29.0,
2012-06-23,30.0,
2012-06-24,28.0,
2012-06-25,30.0,
2012-06-26,36.0,
2012-06-27,42.0,
2012-06-28,41.0,
2012-06-29,33.0,
2012-06-30,39.0,
2012-07-01,31.0,
2012-07-02,35.0,
2012-07-03,30.0,
2012-07-04,36.0,
2012-07-05,31.0,
2012-07-06,33.0,
2012-07-07,34.0,
2012-07-08,28.0,
2012-07-09,29.0,
2012-07-10,32.0,
2012-07-11,29.0,
2012-07-12,31.0,
2012-07-13,31.0,
2012-07-14,34.0,
2012-07-15,27.0,
2012-07-16,34.0,
2012-07-17,31.0,
2012-07-18,34.0,
2012-07-19,52.0,
2012-07-20,48.0,
2012-07-21,47.0,
2012-07-22,42.0,
2012-07-23,42.0,
2012-07-24,39.0,
2012-07-25,38.0,
2012-07-26,39.0,
2012-07-27,34.0,
2012-07-28,39.0,
2012-07-29,29.0,
2012-07-30,33.0,
2012-07-31,28.0,
2012-08-01,28.0,
2012-08-02,31.0,
2012-08-03,29.0,1.0
2012-08-04,31.0,1.0
2012-08-05,28.0,1.0
2012-08-06,31.0,1.0
2012-08-07,26.0,1.0
2012-08-08,27.0,1.0
2012-08-09,31.0,1.0
2012-08-10,32.0,1.0
2012-08-11,32.0,1.0
2012-08-12,28.0,1.0
2012-08-13,37.0,1.0
2012-08-14,31.0,1.0
2012-08-15,24.0,1.0
2012-08-16,33.0,1.0
2012-08-17,32.0,1.0
2012-08-18,36.0,1.0
2012-08-19,33.0,1.0
2012-08-20,33.0,1.0
2012-08-21,34.0,1.0
2012-08-22,38.0,1.0
2012-08-23,34.0,1.0
2012-08-24,38.0,1.0
2012-08-25,35.0,1.0
2012-08-26,33.0,1.0
2012-08-27,35.0,1.0
2012-08-28,31.0,1.0
2012-08-29,31.0,1.0
2012-08-30,33.0,1.0
2012-08-31,35.0,1.0
2012-09-01,37.0,1.0
2012-09-02,33.0,1.0
2012-09-03,36.0,1.0
2012-09-04,39.0,1.0
2012-09-05,33.0,1.0
2012-09-06,35.0,1.0
2012-09-07,33.0,1.0
2012-09-08,40.0,1.0
2012-09-09,33.0,1.0
2012-09-10,37.0,1.0
2012-09-11,35.0,1.0
2012-09-12,35.0,1.0
2012-09-13,33.0,1.0
2012-09-14,33.0,1.0
2012-09-15,36.0,1.0
2012-09-16,32.0,1.0
2012-09-17,33.0,1.0
2012-09-18,31.0,1.0
2012-09-19,28.0,1.0
2012-09-20,33.0,1.0
2012-09-21,35.0,1.0
2012-09-22,41.0,1.0
2012-09-23,31.0,1.0
2012-09-24,37.0,1.0
2012-09-25,37.0,1.0
2012-09-26,36.0,1.0
2012-09-27,35.0,1.0
2012-09-28,33.0,1.0
2012-09-29,37.0,1.0
2012-09-30,42.0,1.0
2012-10-01,44.0,1.0
2012-10-02,41.0,1.0
2012-10-03,49.0,1.0
2012-10-04,44.0,1.0
2012-10-05,40.0,1.0
2012-10-06,48.0,1.0
2012-10-07,38.0,1.0
2012-10-08,50.0,1.0
2012-10-09,46.0,1.0
2012-10-10,42.0,1.0
2012-10-11,44.0,1.0
2012-10-12,41.0,1.0
2012-10-13,52.0,1.0
2012-10-14,44.0,1.0
2012-10-15,50.0,1.0
2012-10-16,94.0,1.0
2012-10-17,74.0,1.0
2012-10-18,54.0,1.0
2012-10-19,50.0,1.0
2012-10-20,49.0,1.0
2012-10-21,39.0,1.0
2012-10-22,38.0,1.0
2012-10-23,33.0,1.0
2012-10-24,29.0,1.0
2012-10-25,35.0,1.0
2012-10-26,34.0,1.0
2012-10-27,37.0,1.0
2012-10-28,31.0,1.0
2012-10-29,29.0,1.0
2012-10-30,33.0,1.0
2012-10-31,30.0,1.0
2012-11-01,31.0,1.0
2012-11-02,30.0,1.0
2012-11-03,37.0,1.0
2012-11-04,30.0,1.0
2012-11-05,31.0,1.0
2012-11-06,29.0,1.0
2012-11-07,24.0,1.0
2012-11-08,26.0,1.0
2012-11-09,27.0,1.0
2012-11-10,27.0,1.0
2012-11-11,22.0,1.0
2012-11-12,24.0,
2012-11-13,17.0,
2012-11-14,23.0,
2012-11-15,24.0,
2012-11-16,29.0,
2012-11-17,33.0,
2012-11-18,25.0,
2012-11-19,29.0,
2012-11-20,27.0,
2012-11-21,25.0,
2012-11-22,27.0,
2012-11-23,25.0,
2012-11-24,29.0,
2012-11-25,25.0,
2012-11-26,25.0,
2012-11-27,25.0,
2012-11-28,24.0,
2012-11-29,25.0,
2012-11-30,26.0,
2012-12-01,27.0,
2012-12-02,25.0,
2012-12-03,25.0,
2012-12-04,23.0,
2012-12-05,21.0,
2012-12-06,29.0,
2012-12-07,29.0,
2012-12-08,28.0,
2012-12-09,27.0,
2012-12-10,29.0,
2012-12-11,31.0,
2012-12-12,25.0,
2012-12-13,29.0,
2012-12-14,27.0,
2012-12-15,28.0,
2012-12-16,27.0,
2012-12-17,29.0,
2012-12-18,26.0,
2012-12-19,28.0,
2012-12-20,30.0,
2012-12-21,26.0,
2012-12-22,27.0,
2012-12-23,27.0,
2012-12-24,33.0,
2012-12-25,33.0,
2012-12-26,34.0,
2012-12-27,28.0,
2012-12-28,28.0,
2012-12-29,32.0,
2012-12-30,24.0,
2012-12-31,29.0,
2013-01-01,30.0,
2013-01-02,30.0,
2013-01-03,25.0,
2013-01-04,28.0,
2013-01-05,28.0,
2013-01-06,25.0,
2013-01-07,28.0,
2013-01-08,25.0,
2013-01-09,24.0,
2013-01-10,25.0,
2013-01-11,24.0,
2013-01-12,22.0,
2013-01-13,23.0,
2013-01-14,24.0,
2013-01-15,26.0,
2013-01-16,29.0,
2013-01-17,26.0,
2013-01-18,27.0,
2013-01-19,26.0,1.0
2013-01-20,22.0,1.0
2013-01-21,27.0,1.0
2013-01-22,23.0,1.0
2013-01-23,26.0,1.0
2013-01-24,28.0,1.0
2013-01-25,28.0,1.0
2013-01-26,23.0,1.0
2013-01-27,25.0,1.0
2013-01-28,27.0,1.0
2013-01-29,26.0,1.0
2013-01-30,24.0,1.0
2013-01-31,26.0,1.0
2013-02-01,24.0,1.0
2013-02-02,29.0,1.0
2013-02-03,24.0,1.0
2013-02-04,25.0,1.0
2013-02-05,26.0,1.0
2013-02-06,26.0,1.0
2013-02-07,27.0,1.0
2013-02-08,25.0,1.0
2013-02-09,30.0,1.0
2013-02-10,26.0,1.0
2013-02-11,27.0,1.0
2013-02-12,28.0,1.0
2013-02-13,24.0,1.0
2013-02-14,26.0,1.0
2013-02-15,30.0,1.0
2013-02-16,29.0,1.0
2013-02-17,28.0,1.0
2013-02-18,28.0,1.0
2013-02-19,26.0,1.0
2013-02-20,27.0,1.0
2013-02-21,27.0,1.0
2013-02-22,28.0,1.0
2013-02-23,31.0,1.0
2013-02-24,27.0,1.0
2013-02-25,29.0,1.0
2013-02-26,30.0,1.0
2013-02-27,29.0,1.0
2013-02-28,29.0,1.0
2013-03-01,29.0,1.0
2013-03-02,29.0,1.0
2013-03-03,27.0,1.0
2013-03-04,29.0,1.0
2013-03-05,30.0,1.0
2013-03-06,30.0,1.0
2013-03-07,29.0,1.0
2013-03-08,32.0,1.0
2013-03-09,36.0,1.0
2013-03-10,30.0,1.0
2013-03-11,30.0,1.0
2013-03-12,31.0,1.0
2013-03-13,32.0,1.0
2013-03-14,33.0,1.0
2013-03-15,51.0,1.0
2013-03-16,56.0,1.0
2013-03-17,51.0,1.0
2013-03-18,43.0,1.0
2013-03-19,44.0,1.0
2013-03-20,44.0,1.0
2013-03-21,47.0,1.0
2013-03-22,44.0,1.0
2013-03-23,49.0,1.0
2013-03-24,42.0,1.0
2013-03-25,41.0,1.0
2013-03-26,37.0,1.0
2013-03-27,35.0,1.0
2013-03-28,39.0,1.0
2013-03-29,49.0,1.0
2013-03-30,49.0,1.0
2013-03-31,44.0,1.0
2013-04-01,37.0,1.0
2013-04-02,34.0,1.0
2013-04-03,34.0,1.0
2013-04-04,32.0,1.0
2013-04-05,31.0,1.0
2013-04-06,35.0,1.0
2013-04-07,33.0,1.0
2013-04-08,31.0,1.0
2013-04-09,31.0,1.0
2013-04-10,31.0,1.0
2013-04-11,33.0,1.0
2013-04-12,33.0,1.0
2013-04-13,37.0,1.0
2013-04-14,33.0,1.0
2013-04-15,30.0,1.0
2013-04-16,27.0,1.0
2013-04-17,27.0,1.0
2013-04-18,29.0,1.0
2013-04-19,31.0,1.0
2013-04-20,33.0,1.0
2013-04-21,29.0,1.0
2013-04-22,29.0,1.0
2013-04-23,28.0,1.0
2013-04-24,29.0,1.0
2013-04-25,30.0,1.0
2013-04-26,30.0,1.0
2013-04-27,37.0,1.0
2013-04-28,30.0,1.0
2013-04-29,28.0,1.0
2013-04-30,25.0,
2013-05-01,26.0,
2013-05-02,26.0,
2013-05-03,23.0,
2013-05-04,30.0,
2013-05-05,25.0,
2013-05-06,25.0,
2013-05-07,26.0,
2013-05-08,26.0,
2013-05-09,25.0,
2013-05-10,26.0,
2013-05-11,28.0,
2013-05-12,24.0,
2013-05-13,24.0,
2013-05-14,26.0,
2013-05-15,24.0,
2013-05-16,24.0,
2013-05-17,23.0,
2013-05-18,27.0,
2013-05-19,26.0,
2013-05-20,26.0,
2013-05-21,24.0,
2013-05-22,26.0,
2013-05-23,25.0,
2013-05-24,26.0,
2013-05-25,24.0,
2013-05-26,24.0,
2013-05-27,29.0,
2013-05-28,24.0,
2013-05-29,24.0,
2013-05-30,28.0,
2013-05-31,22.0,
2013-06-01,29.0,
2013-06-02,23.0,
2013-06-03,27.0,
2013-06-04,23.0,
2013-06-05,26.0,
2013-06-06,28.0,
2013-06-07,28.0,
2013-06-08,28.0,
2013-06-09,23.0,
2013-06-10,29.0,
2013-06-11,24.0,
2013-06-12,26.0,
2013-06-13,27.0,
2013-06-14,24.0,
2013-06-15,35.0,
2013-06-16,29.0,
2013-06-17,26.0,
2013-06-18,30.0,
2013-06-19,27.0,
2013-06-20,26.0,
2013-06-21,28.0,
2013-06-22,31.0,
2013-06-23,27.0,
2013-06-24,30.0,
2013-06-25,28.0,
2013-06-26,29.0,
2013-06-27,28.0,
2013-06-28,33.0,
2013-06-29,34.0,
2013-06-30,38.0,
2013-07-01,29.0,
2013-07-02,30.0,
2013-07-03,27.0,
2013-07-04,27.0,
2013-07-05,27.0,
2013-07-06,38.0,
2013-07-07,30.0,1.0
2013-07-08,29.0,1.0
2013-07-09,28.0,1.0
2013-07-10,26.0,1.0
2013-07-11,27.0,1.0
2013-07-12,29.0,1.0
2013-07-13,30.0,1.0
2013-07-14,25.0,1.0
2013-07-15,30.0,1.0
2013-07-16,30.0,1.0
2013-07-17,28.0,1.0
2013-07-18,30.0,1.0
2013-07-19,30.0,1.0
2013-07-20,33.0,1.0
2013-07-21,28.0,1.0
2013-07-22,27.0,1.0
2013-07-23,27.0,1.0
2013-07-24,28.0,1.0
2013-07-25,29.0,1.0
2013-07-26,28.0,1.0
2013-07-27,32.0,1.0
2013-07-28,29.0,1.0
2013-07-29,27.0,1.0
2013-07-30,28.0,1.0
2013-07-31,28.0,1.0
2013-08-01,27.0,1.0
2013-08-02,27.0,1.0
2013-08-03,28.0,1.0
2013-08-04,26.0,1.0
2013-08-05,28.0,1.0
2013-08-06,28.0,1.0
2013-08-07,28.0,1.0
2013-08-08,26.0,1.0
2013-08-09,26.0,1.0
2013-08-10,29.0,1.0
2013-08-11,28.0,1.0
2013-08-12,28.0,1.0
2013-08-13,29.0,1.0
2013-08-14,28.0,1.0
2013-08-15,26.0,1.0
2013-08-16,30.0,1.0
2013-08-17,35.0,1.0
2013-08-18,30.0,1.0
2013-08-19,29.0,1.0
2013-08-20,27.0,1.0
2013-08-21,58.0,1.0
2013-08-22,64.0,1.0
2013-08-23,52.0,1.0
2013-08-24,58.0,1.0
2013-08-25,55.0,1.0
2013-08-26,42.0,1.0
2013-08-27,41.0,1.0
2013-08-28,40.0,1.0
2013-08-29,37.0,1.0
2013-08-30,30.0,1.0
2013-08-31,37.0,1.0
2013-09-01,35.0,1.0
2013-09-02,32.0,1.0
2013-09-03,30.0,1.0
2013-09-04,29.0,1.0
2013-09-05,29.0,1.0
2013-09-06,28.0,1.0
2013-09-07,36.0,1.0
2013-09-08,36.0,1.0
2013-09-09,29.0,1.0
2013-09-10,31.0,1.0
2013-09-11,27.0,1.0
2013-09-12,26.0,1.0
2013-09-13,30.0,1.0
2013-09-14,32.0,1.0
2013-09-15,27.0,1.0
2013-09-16,26.0,1.0
2013-09-17,27.0,1.0
2013-09-18,24.0,1.0
2013-09-19,27.0,1.0
2013-09-20,26.0,1.0
2013-09-21,31.0,1.0
2013-09-22,30.0,1.0
2013-09-23,27.0,1.0
2013-09-24,29.0,1.0
2013-09-25,30.0,1.0
2013-09-26,29.0,1.0
2013-09-27,29.0,1.0
2013-09-28,34.0,1.0
2013-09-29,31.0,1.0
2013-09-30,26.0,1.0
2013-10-01,27.0,1.0
2013-10-02,23.0,1.0
2013-10-03,26.0,1.0
2013-10-04,26.0,1.0
2013-10-05,32.0,1.0
2013-10-06,26.0,1.0
2013-10-07,30.0,1.0
2013-10-08,28.0,1.0
2013-10-09,24.0,1.0
2013-10-10,27.0,1.0
2013-10-11,28.0,1.0
2013-10-12,27.0,1.0
2013-10-13,24.0,1.0
2013-10-14,27.0,1.0
2013-10-15,24.0,1.0
2013-10-16,28.0,
2013-10-17,25.0,
2013-10-18,26.0,
2013-10-19,29.0,
2013-10-20,21.0,
2013-10-21,26.0,
2013-10-22,26.0,
2013-10-23,24.0,
2013-10-24,23.0,
2013-10-25,26.0,
2013-10-26,26.0,
2013-10-27,23.0,
2013-10-28,28.0,
2013-10-29,25.0,
2013-10-30,22.0,
2013-10-31,21.0,
2013-11-01,22.0,
2013-11-02,21.0,
2013-11-03,17.0,
2013-11-04,20.0,
2013-11-05,20.0,
2013-11-06,22.0,
2013-11-07,22.0,
2013-11-08,23.0,
2013-11-09,22.0,
2013-11-10,24.0,
2013-11-11,26.0,
2013-11-12,20.0,
2013-11-13,22.0,
2013-11-14,21.0,
2013-11-15,23.0,
2013-11-16,26.0,
2013-11-17,23.0,
2013-11-18,24.0,
2013-11-19,22.0,
2013-11-20,21.0,
2013-11-21,22.0,
2013-11-22,24.0,
2013-11-23,26.0,
2013-11-24,23.0,
2013-11-25,27.0,
2013-11-26,22.0,
2013-11-27,24.0,
2013-11-28,23.0,
2013-11-29,25.0,
2013-11-30,28.0,
2013-12-01,22.0,
2013-12-02,23.0,
2013-12-03,24.0,
2013-12-04,22.0,
2013-12-05,22.0,
2013-12-06,24.0,
2013-12-07,26.0,
2013-12-08,21.0,
2013-12-09,23.0,
2013-12-10,24.0,
2013-12-11,24.0,
2013-12-12,22.0,
2013-12-13,26.0,
2013-12-14,30.0,
2013-12-15,25.0,
2013-12-16,24.0,
2013-12-17,24.0,
2013-12-18,25.0,
2013-12-19,27.0,
2013-12-20,26.0,
2013-12-21,30.0,
2013-12-22,27.0,
2013-12-23,30.0,1.0
2013-12-24,33.0,1.0
2013-12-25,31.0,1.0
2013-12-26,28.0,1.0
2013-12-27,31.0,1.0
2013-12-28,28.0,1.0
2013-12-29,26.0,1.0
2013-12-30,31.0,1.0
2013-12-31,29.0,1.0
2014-01-01,26.0,1.0
2014-01-02,27.0,1.0
2014-01-03,28.0,1.0
2014-01-04,28.0,1.0
2014-01-05,25.0,1.0
2014-01-06,26.0,1.0
2014-01-07,27.0,1.0
2014-01-08,27.0,1.0
2014-01-09,25.0,1.0
2014-01-10,24.0,1.0
2014-01-11,27.0,1.0
2014-01-12,24.0,1.0
2014-01-13,27.0,1.0
2014-01-14,24.0,1.0
2014-01-15,21.0,1.0
2014-01-16,24.0,1.0
2014-01-17,25.0,1.0
2014-01-18,28.0,1.0
2014-01-19,24.0,1.0
2014-01-20,26.0,1.0
2014-01-21,22.0,1.0
2014-01-22,25.0,1.0
2014-01-23,23.0,1.0
2014-01-24,45.0,1.0
2014-01-25,74.0,1.0
2014-01-26,58.0,1.0
2014-01-27,56.0,1.0
2014-01-28,56.0,1.0
2014-01-29,49.0,1.0
2014-01-30,54.0,1.0
2014-01-31,51.0,1.0
2014-02-01,62.0,1.0
2014-02-02,54.0,1.0
2014-02-03,52.0,1.0
2014-02-04,51.0,1.0
2014-02-05,60.0,1.0
2014-02-06,37.0,1.0
2014-02-07,80.0,1.0
2014-02-08,68.0,1.0
2014-02-09,55.0,1.0
2014-02-10,60.0,1.0
2014-02-11,52.0,1.0
2014-02-12,45.0,1.0
2014-02-13,43.0,1.0
2014-02-14,40.0,1.0
2014-02-15,46.0,1.0
2014-02-16,42.0,1.0
2014-02-17,38.0,1.0
2014-02-18,39.0,1.0
2014-02-19,42.0,1.0
2014-02-20,40.0,1.0
2014-02-21,38.0,1.0
2014-02-22,46.0,1.0
2014-02-23,39.0,1.0
2014-02-24,38.0,1.0
2014-02-25,35.0,1.0
2014-02-26,32.0,1.0
2014-02-27,32.0,1.0
2014-02-28,35.0,1.0
2014-03-01,36.0,1.0
2014-03-02,30.0,1.0
2014-03-03,33.0,1.0
2014-03-04,27.0,1.0
2014-03-05,32.0,1.0
2014-03-06,29.0,1.0
2014-03-07,29.0,1.0
2014-03-08,32.0,1.0
2014-03-09,29.0,1.0
2014-03-10,28.0,1.0
2014-03-11,29.0,1.0
2014-03-12,27.0,1.0
2014-03-13,28.0,1.0
2014-03-14,28.0,1.0
2014-03-15,29.0,1.0
2014-03-16,26.0,1.0
2014-03-17,25.0,1.0
2014-03-18,30.0,1.0
2014-03-19,28.0,1.0
2014-03-20,30.0,1.0
2014-03-21,27.0,1.0
2014-03-22,31.0,1.0
2014-03-23,25.0,1.0
2014-03-24,26.0,1.0
2014-03-25,27.0,1.0
2014-03-26,24.0,1.0
2014-03-27,25.0,1.0
2014-03-28,27.0,1.0
2014-03-29,28.0,1.0
2014-03-30,26.0,1.0
2014-03-31,28.0,1.0
2014-04-01,25.0,1.0
2014-04-02,23.0,1.0
2014-04-03,27.0,
2014-04-04,22.0,
2014-04-05,29.0,
2014-04-06,19.0,
2014-04-07,23.0,
2014-04-08,22.0,
2014-04-09,24.0,
2014-04-10,23.0,
2014-04-11,31.0,
2014-04-12,28.0,
2014-04-13,22.0,
2014-04-14,24.0,
2014-04-15,26.0,
2014-04-16,23.0,
2014-04-17,22.0,
2014-04-18,24.0,
2014-04-19,25.0,
2014-04-20,29.0,
2014-04-21,26.0,
2014-04-22,25.0,
2014-04-23,21.0,
2014-04-24,22.0,
2014-04-25,25.0,
2014-04-26,29.0,
2014-04-27,26.0,
2014-04-28,24.0,
2014-04-29,25.0,
2014-04-30,22.0,
2014-05-01,25.0,
2014-05-02,30.0,
2014-05-03,31.0,
2014-05-04,22.0,
2014-05-05,29.0,
2014-05-06,24.0,
2014-05-07,24.0,
2014-05-08,24.0,
2014-05-09,27.0,
2014-05-10,27.0,
2014-05-11,22.0,
2014-05-12,22.0,
2014-05-13,25.0,
2014-05-14,24.0,
2014-05-15,22.0,
2014-05-16,16.0,
2014-05-17,25.0,
2014-05-18,22.0,
2014-05-19,22.0,
2014-05-20,23.0,
2014-05-21,23.0,
2014-05-22,25.0,
2014-05-23,31.0,
2014-05-24,31.0,
2014-05-25,25.0,
2014-05-26,28.0,
2014-05-27,29.0,
2014-05-28,30.0,
2014-05-29,24.0,
2014-05-30,24.0,
2014-05-31,30.0,
2014-06-01,25.0,
2014-06-02,28.0,
2014-06-03,28.0,
2014-06-04,23.0,
2014-06-05,27.0,
2014-06-06,28.0,
2014-06-07,33.0,
2014-06-08,26.0,
2014-06-09,31.0,
2014-06-10,28.0,1.0
2014-06-11,28.0,1.0
2014-06-12,29.0,1.0
2014-06-13,28.0,1.0
2014-06-14,29.0,1.0
2014-06-15,28.0,1.0
2014-06-16,27.0,1.0
2014-06-17,28.0,1.0
2014-06-18,29.0,1.0
2014-06-19,32.0,1.0
2014-06-20,30.0,1.0
2014-06-21,30.0,1.0
2014-06-22,28.0,1.0
2014-06-23,31.0,1.0
2014-06-24,29.0,1.0
2014-06-25,31.0,1.0
2014-06-26,29.0,1.0
2014-06-27,35.0,1.0
2014-06-28,27.0,1.0
2014-06-29,31.0,1.0
2014-06-30,27.0,1.0
2014-07-01,26.0,1.0
2014-07-02,27.0,1.0
2014-07-03,30.0,1.0
2014-07-04,29.0,1.0
2014-07-05,31.0,1.0
2014-07-06,27.0,1.0
2014-07-07,28.0,1.0
2014-07-08,25.0,1.0
2014-07-09,26.0,1.0
2014-07-10,26.0,1.0
2014-07-11,27.0,1.0
2014-07-12,31.0,1.0
2014-07-13,26.0,1.0
2014-07-14,29.0,1.0
2014-07-15,32.0,1.0
2014-07-16,31.0,1.0
2014-07-17,31.0,1.0
2014-07-18,31.0,1.0
2014-07-19,35.0,1.0
2014-07-20,28.0,1.0
2014-07-21,30.0,1.0
2014-07-22,30.0,1.0
2014-07-23,32.0,1.0
2014-07-24,31.0,1.0
2014-07-25,29.0,1.0
2014-07-26,35.0,1.0
2014-07-27,31.0,1.0
2014-07-28,32.0,1.0
2014-07-29,30.0,1.0
2014-07-30,29.0,1.0
2014-07-31,32.0,1.0
2014-08-01,33.0,1.0
2014-08-02,36.0,1.0
2014-08-03,31.0,1.0
2014-08-04,31.0,1.0
2014-08-05,31.0,1.0
2014-08-06,33.0,1.0
2014-08-07,33.0,1.0
2014-08-08,32.0,1.0
2014-08-09,37.0,1.0
2014-08-10,29.0,1.0
2014-08-11,32.0,1.0
2014-08-12,30.0,1.0
2014-08-13,32.0,1.0
2014-08-14,33.0,1.0
2014-08-15,27.0,1.0
2014-08-16,38.0,1.0
2014-08-17,31.0,1.0
2014-08-18,34.0,1.0
2014-08-19,32.0,1.0
2014-08-20,33.0,1.0
2014-08-21,32.0,1.0
2014-08-22,34.0,1.0
2014-08-23,37.0,1.0
2014-08-24,35.0,1.0
2014-08-25,35.0,1.0
2014-08-26,35.0,1.0
2014-08-27,27.0,1.0
2014-08-28,34.0,1.0
2014-08-29,31.0,1.0
2014-08-30,40.0,1.0
2014-08-31,47.0,1.0
2014-09-01,50.0,1.0
2014-09-02,49.0,1.0
2014-09-03,90.0,1.0
2014-09-04,64.0,1.0
2014-09-05,45.0,1.0
2014-09-06,61.0,1.0
2014-09-07,45.0,1.0
2014-09-08,41.0,1.0
2014-09-09,40.0,1.0
2014-09-10,38.0,1.0
2014-09-11,34.0,1.0
2014-09-12,35.0,1.0
2014-09-13,42.0,1.0
2014-09-14,40.0,1.0
2014-09-15,36.0,1.0
2014-09-16,37.0,1.0
2014-09-17,37.0,1.0
2014-09-18,37.0,1.0
2014-09-19,40.0,
2014-09-20,49.0,
2014-09-21,42.0,
2014-09-22,38.0,
2014-09-23,39.0,
2014-09-24,40.0,
2014-09-25,40.0,
2014-09-26,33.0,
2014-09-27,42.0,
2014-09-28,37.0,
2014-09-29,39.0,
2014-09-30,34.0,
2014-10-01,39.0,
2014-10-02,31.0,
2014-10-03,31.0,
2014-10-04,37.0,
2014-10-05,38.0,
2014-10-06,52.0,
2014-10-07,49.0,
2014-10-08,42.0,
2014-10-09,35.0,
2014-10-10,41.0,
2014-10-11,42.0,
2014-10-12,44.0,
2014-10-13,34.0,
2014-10-14,38.0,
2014-10-15,33.0,
2014-10-16,32.0,
2014-10-17,34.0,
2014-10-18,36.0,
2014-10-19,29.0,
2014-10-20,30.0,
2014-10-21,26.0,
2014-10-22,25.0,
2014-10-23,24.0,
2014-10-24,33.0,
2014-10-25,37.0,
2014-10-26,32.0,
2014-10-27,36.0,
2014-10-28,39.0,
2014-10-29,43.0,
2014-10-30,36.0,
2014-10-31,36.0,
2014-11-01,36.0,
2014-11-02,31.0,
2014-11-03,40.0,
2014-11-04,44.0,
2014-11-05,34.0,
2014-11-06,34.0,
2014-11-07,37.0,
2014-11-08,40.0,
2014-11-09,31.0,
2014-11-10,31.0,
2014-11-11,31.0,
2014-11-12,31.0,
2014-11-13,31.0,
2014-11-14,32.0,
2014-11-15,35.0,
2014-11-16,31.0,
2014-11-17,31.0,
2014-11-18,32.0,
2014-11-19,32.0,
2014-11-20,30.0,
2014-11-21,29.0,
2014-11-22,32.0,
2014-11-23,30.0,
2014-11-24,31.0,
2014-11-25,30.0,
2014-11-26,28.0,1.0
2014-11-27,31.0,1.0
2014-11-28,30.0,1.0
2014-11-29,33.0,1.0
2014-11-30,27.0,1.0
2014-12-01,28.0,1.0
2014-12-02,27.0,1.0
2014-12-03,30.0,1.0
2014-12-04,28.0,1.0
2014-12-05,27.0,1.0
2014-12-06,32.0,1.0
2014-12-07,26.0,1.0
2014-12-08,28.0,1.0
2014-12-09,29.0,1.0
2014-12-10,26.0,1.0
2014-12-11,29.0,1.0
2014-12-12,28.0,1.0
2014-12-13,35.0,1.0
2014-12-14,28.0,1.0
2014-12-15,31.0,1.0
2014-12-16,30.0,1.0
2014-12-17,29.0,1.0
2014-12-18,28.0,1.0
2014-12-19,29.0,1.0
2014-12-20,34.0,1.0
2014-12-21,29.0,1.0
2014-12-22,33.0,1.0
2014-12-23,33.0,1.0
2014-12-24,35.0,1.0
2014-12-25,37.0,1.0
2014-12-26,36.0,1.0
2014-12-27,35.0,1.0
2014-12-28,30.0,1.0
2014-12-29,31.0,1.0
2014-12-30,32.0,1.0
2014-12-31,30.0,1.0
2015-01-01,31.0,1.0
2015-01-02,35.0,1.0
2015-01-03,33.0,1.0
2015-01-04,26.0,1.0
2015-01-05,30.0,1.0
2015-01-06,31.0,1.0
2015-01-07,28.0,1.0
2015-01-08,30.0,1.0
2015-01-09,27.0,1.0
2015-01-10,33.0,1.0
2015-01-11,27.0,1.0
2015-01-12,29.0,1.0
2015-01-13,28.0,1.0
2015-01-14,27.0,1.0
2015-01-15,26.0,1.0
2015-01-16,29.0,1.0
2015-01-17,34.0,1.0
2015-01-18,27.0,1.0
2015-01-19,28.0,1.0
2015-01-20,27.0,1.0
2015-01-21,29.0,1.0
2015-01-22,31.0,1.0
2015-01-23,29.0,1.0
2015-01-24,30.0,1.0
2015-01-25,28.0,1.0
2015-01-26,22.0,1.0
2015-01-27,29.0,1.0
2015-01-28,30.0,1.0
2015-01-29,32.0,1.0
2015-01-30,30.0,1.0
2015-01-31,33.0,1.0
2015-02-01,27.0,1.0
2015-02-02,29.0,1.0
2015-02-03,30.0,1.0
2015-02-04,26.0,1.0
2015-02-05,30.0,1.0
2015-02-06,31.0,1.0
2015-02-07,31.0,1.0
2015-02-08,30.0,1.0
2015-02-09,33.0,1.0
2015-02-10,28.0,1.0
2015-02-11,28.0,1.0
2015-02-12,28.0,1.0
2015-02-13,28.0,1.0
2015-02-14,30.0,1.0
2015-02-15,33.0,1.0
2015-02-16,32.0,1.0
2015-02-17,28.0,1.0
2015-02-18,31.0,1.0
2015-02-19,29.0,1.0
2015-02-20,31.0,1.0
2015-02-21,32.0,1.0
2015-02-22,31.0,1.0
2015-02-23,28.0,1.0
2015-02-24,33.0,1.0
2015-02-25,34.0,1.0
2015-02-26,29.0,1.0
2015-02-27,30.0,1.0
2015-02-28,32.0,1.0
2015-03-01,27.0,1.0
2015-03-02,26.0,1.0
2015-03-03,27.0,1.0
2015-03-04,31.0,1.0
2015-03-05,28.0,1.0
2015-03-06,25.0,1.0
2015-03-07,33.0,
2015-03-08,31.0,
2015-03-09,31.0,
2015-03-10,30.0,
2015-03-11,29.0,
2015-03-12,30.0,
2015-03-13,31.0,
2015-03-14,35.0,
2015-03-15,34.0,
2015-03-16,32.0,
2015-03-17,29.0,
2015-03-18,31.0,
2015-03-19,28.0,
2015-03-20,30.0,
2015-03-21,34.0,
2015-03-22,30.0,
2015-03-23,34.0,
2015-03-24,33.0,
2015-03-25,33.0,
2015-03-26,27.0,
2015-03-27,31.0,
2015-03-28,37.0,
2015-03-29,29.0,
2015-03-30,29.0,
2015-03-31,29.0,
2015-04-01,29.0,
2015-04-02,27.0,
2015-04-03,36.0,
2015-04-04,32.0,
2015-04-05,30.0,
2015-04-06,30.0,
2015-04-07,27.0,
2015-04-08,28.0,
2015-04-09,27.0,
2015-04-10,28.0,
2015-04-11,27.0,
2015-04-12,27.0,
2015-04-13,27.0,
2015-04-14,27.0,
2015-04-15,26.0,
2015-04-16,29.0,
2015-04-17,26.0,
2015-04-18,31.0,
2015-04-19,25.0,
2015-04-20,27.0,
2015-04-21,28.0,
2015-04-22,26.0,
2015-04-23,28.0,
2015-04-24,29.0,
2015-04-25,29.0,
2015-04-26,24.0,
2015-04-27,29.0,
2015-04-28,30.0,
2015-04-29,29.0,
2015-04-30,29.0,
2015-05-01,28.0,
2015-05-02,31.0,
2015-05-03,26.0,
2015-05-04,28.0,
2015-05-05,25.0,
2015-05-06,27.0,
2015-05-07,26.0,
2015-05-08,30.0,
2015-05-09,29.0,
2015-05-10,28.0,
2015-05-11,28.0,
2015-05-12,27.0,
2015-05-13,30.0,
2015-05-14,31.0,1.0
2015-05-15,29.0,1.0
2015-05-16,30.0,1.0
2015-05-17,29.0,1.0
2015-05-18,31.0,1.0
2015-05-19,29.0,1.0
2015-05-20,28.0,1.0
2015-05-21,30.0,1.0
2015-05-22,29.0,1.0
2015-05-23,33.0,1.0
2015-05-24,32.0,1.0
2015-05-25,33.0,1.0
2015-05-26,30.0,1.0
2015-05-27,30.0,1.0
2015-05-28,28.0,1.0
2015-05-29,28.0,1.0
2015-05-30,33.0,1.0
2015-05-31,30.0,1.0
2015-06-01,32.0,1.0
2015-06-02,31.0,1.0
2015-06-03,39.0,1.0
2015-06-04,43.0,1.0
2015-06-05,39.0,1.0
2015-06-06,43.0,1.0
2015-06-07,38.0,1.0
2015-06-08,34.0,1.0
2015-06-09,39.0,1.0
2015-06-10,35.0,1.0
2015-06-11,36.0,1.0
2015-06-12,36.0,1.0
2015-06-13,39.0,1.0
2015-06-14,37.0,1.0
2015-06-15,34.0,1.0
2015-06-16,37.0,1.0
2015-06-17,34.0,1.0
2015-06-18,37.0,1.0
2015-06-19,35.0,1.0
2015-06-20,41.0,1.0
2015-06-21,33.0,1.0
2015-06-22,36.0,1.0
2015-06-23,35.0,1.0
2015-06-24,34.0,1.0
2015-06-25,31.0,1.0
2015-06-26,33.0,1.0
2015-06-27,38.0,1.0
2015-06-28,37.0,1.0
2015-06-29,36.0,1.0
2015-06-30,34.0,1.0
2015-07-01,35.0,1.0
2015-07-02,41.0,1.0
2015-07-03,35.0,1.0
2015-07-04,42.0,1.0
2015-07-05,53.0,1.0
2015-07-06,45.0,1.0
2015-07-07,37.0,1.0
2015-07-08,38.0,1.0
2015-07-09,40.0,1.0
2015-07-10,39.0,1.0
2015-07-11,45.0,1.0
2015-07-12,41.0,1.0
2015-07-13,38.0,1.0
2015-07-14,36.0,1.0
2015-07-15,36.0,1.0
2015-07-16,37.0,1.0
2015-07-17,39.0,1.0
2015-07-18,39.0,1.0
2015-07-19,36.0,1.0
2015-07-20,38.0,1.0
2015-07-21,38.0,1.0
2015-07-22,41.0,1.0
2015-07-23,44.0,1.0
2015-07-24,44.0,1.0
2015-07-25,48.0,1.0
2015-07-26,47.0,1.0
2015-07-27,41.0,1.0
2015-07-28,40.0,1.0
2015-07-29,40.0,1.0
2015-07-30,40.0,1.0
2015-07-31,46.0,1.0
2015-08-01,56.0,1.0
2015-08-02,47.0,1.0
2015-08-03,45.0,1.0
2015-08-04,40.0,1.0
2015-08-05,56.0,1.0
2015-08-06,51.0,1.0
2015-08-07,49.0,1.0
2015-08-08,58.0,1.0
2015-08-09,55.0,1.0
2015-08-10,43.0,1.0
2015-08-11,42.0,1.0
2015-08-12,41.0,1.0
2015-08-13,41.0,1.0
2015-08-14,39.0,1.0
2015-08-15,40.0,1.0
2015-08-16,37.0,1.0
2015-08-17,36.0,1.0
2015-08-18,37.0,1.0
2015-08-19,36.0,1.0
2015-08-20,39.0,1.0
2015-08-21,40.0,1.0
2015-08-22,39.0,1.0
2015-08-23,38.0,
2015-08-24,37.0,
2015-08-25,36.0,
2015-08-26,31.0,
2015-08-27,36.0,
2015-08-28,31.0,
2015-08-29,35.0,
2015-08-30,34.0,
2015-08-31,34.0,
2015-09-01,38.0,
2015-09-02,40.0,
2015-09-03,35.0,
2015-09-04,38.0,
2015-09-05,41.0,
2015-09-06,39.0,
2015-09-07,37.0,
2015-09-08,31.0,
2015-09-09,34.0,
2015-09-10,36.0,
2015-09-11,41.0,
2015-09-12,40.0,
2015-09-13,36.0,
2015-09-14,33.0,
2015-09-15,36.0,
2015-09-16,35.0,
2015-09-17,34.0,
2015-09-18,41.0,
2015-09-19,40.0,
2015-09-20,36.0,
2015-09-21,38.0,
2015-09-22,31.0,
2015-09-23,34.0,
2015-09-24,36.0,
2015-09-25,37.0,
2015-09-26,41.0,
2015-09-27,34.0,
2015-09-28,34.0,
2015-09-29,31.0,
2015-09-30,34.0,
2015-10-01,34.0,
2015-10-02,30.0,
2015-10-03,38.0,
2015-10-04,35.0,
2015-10-05,34.0,
2015-10-06,37.0,
2015-10-07,43.0,
2015-10-08,43.0,
2015-10-09,41.0,
2015-10-10,48.0,
2015-10-11,38.0,
2015-10-12,37.0,
2015-10-13,36.0,
2015-10-14,40.0,
2015-10-15,45.0,
2015-10-16,45.0,
2015-10-17,50.0,
2015-10-18,47.0,
2015-10-19,45.0,
2015-10-20,49.0,
2015-10-21,45.0,
2015-10-22,36.0,
2015-10-23,45.0,
2015-10-24,49.0,
2015-10-25,44.0,
2015-10-26,70.0,
2015-10-27,64.0,
2015-10-28,65.0,
2015-10-29,59.0,
2015-10-30,57.0,1.0
2015-10-31,66.0,1.0
2015-11-01,62.0,1.0
2015-11-02,55.0,1.0
2015-11-03,50.0,1.0
2015-11-04,48.0,1.0
2015-11-05,41.0,1.0
2015-11-06,41.0,1.0
2015-11-07,46.0,1.0
2015-11-08,42.0,1.0
2015-11-09,42.0,1.0
2015-11-10,37.0,1.0
2015-11-11,30.0,1.0
2015-11-12,35.0,1.0
2015-11-13,41.0,1.0
2015-11-14,42.0,1.0
2015-11-15,40.0,1.0
2015-11-16,41.0,1.0
2015-11-17,40.0,1.0
2015-11-18,38.0,1.0
2015-11-19,40.0,1.0
2015-11-20,37.0,1.0
2015-11-21,45.0,1.0
2015-11-22,41.0,1.0
2015-11-23,39.0,1.0
2015-11-24,42.0,1.0
2015-11-25,42.0,1.0
2015-11-26,43.0,1.0
2015-11-27,41.0,1.0
2015-11-28,38.0,1.0
2015-11-29,37.0,1.0
2015-11-30,35.0,1.0
2015-12-01,37.0,1.0
2015-12-02,34.0,1.0
2015-12-03,33.0,1.0
2015-12-04,36.0,1.0
2015-12-05,41.0,1.0
2015-12-06,39.0,1.0
2015-12-07,40.0,1.0
2015-12-08,40.0,1.0
2015-12-09,41.0,1.0
2015-12-10,40.0,1.0
2015-12-11,40.0,1.0
2015-12-12,48.0,1.0
2015-12-13,37.0,1.0
2015-12-14,38.0,1.0
2015-12-15,37.0,1.0
2015-12-16,39.0,1.0
2015-12-17,38.0,1.0
2015-12-18,41.0,1.0
2015-12-19,43.0,1.0
2015-12-20,37.0,1.0
2015-12-21,40.0,1.0
2015-12-22,45.0,1.0
2015-12-23,42.0,1.0
2015-12-24,45.0,1.0
2015-12-25,40.0,1.0
2015-12-26,46.0,1.0
2015-12-27,41.0,1.0
2015-12-28,43.0,1.0
2015-12-29,46.0,1.0
2015-12-30,39.0,1.0
2015-12-31,35.0,1.0
2016-01-01,36.0,1.0
2016-01-02,39.0,1.0
2016-01-03,35.0,1.0
2016-01-04,32.0,1.0
2016-01-05,34.0,1.0
2016-01-06,31.0,1.0
2016-01-07,36.0,1.0
2016-01-08,37.0,1.0
2016-01-09,41.0,1.0
2016-01-10,30.0,1.0
2016-01-11,30.0,1.0
2016-01-12,32.0,1.0
2016-01-13,29.0,1.0
2016-01-14,30.0,1.0
2016-01-15,35.0,1.0
2016-01-16,38.0,1.0
2016-01-17,37.0,1.0
2016-01-18,34.0,1.0
2016-01-19,38.0,1.0
2016-01-20,34.0,1.0
2016-01-21,33.0,1.0
2016-01-22,39.0,1.0
2016-01-23,49.0,1.0
2016-01-24,38.0,1.0
2016-01-25,41.0,1.0
2016-01-26,40.0,1.0
2016-01-27,47.0,1.0
2016-01-28,43.0,1.0
2016-01-29,47.0,1.0
2016-01-30,47.0,1.0
2016-01-31,43.0,1.0
2016-02-01,40.0,1.0
2016-02-02,42.0,1.0
2016-02-03,64.0,1.0
2016-02-04,67.0,1.0
2016-02-05,52.0,1.0
2016-02-06,55.0,1.0
2016-02-07,47.0,1.0
2016-02-08,50.0,
2016-02-09,46.0,
2016-02-10,43.0,
2016-02-11,40.0,
2016-02-12,47.0,
2016-02-13,41.0,
2016-02-14,44.0,
2016-02-15,37.0,
2016-02-16,41.0,
2016-02-17,40.0,
2016-02-18,37.0,
2016-02-19,34.0,
2016-02-20,36.0,
2016-02-21,34.0,
2016-02-22,30.0,
2016-02-23,35.0,
2016-02-24,37.0,
2016-02-25,33.0,
2016-02-26,33.0,
2016-02-27,33.0,
2016-02-28,32.0,
2016-02-29,33.0,
2016-03-01,35.0,
2016-03-02,36.0,
2016-03-03,33.0,
2016-03-04,32.0,
2016-03-05,39.0,
2016-03-06,31.0,
2016-03-07,36.0,
2016-03-08,58.0,
2016-03-09,60.0,
2016-03-10,44.0,
2016-03-11,45.0,
2016-03-12,55.0,
2016-03-13,53.0,
2016-03-14,50.0,
2016-03-15,46.0,
2016-03-16,42.0,
2016-03-17,44.0,
2016-03-18,44.0,
2016-03-19,42.0,
2016-03-20,37.0,
2016-03-21,39.0,
2016-03-22,37.0,
2016-03-23,34.0,
2016-03-24,33.0,
2016-03-25,45.0,
2016-03-26,46.0,
2016-03-27,46.0,
2016-03-28,42.0,
2016-03-29,39.0,
2016-03-30,39.0,
2016-03-31,37.0,
2016-04-01,43.0,
2016-04-02,38.0,
2016-04-03,39.0,
2016-04-04,37.0,
2016-04-05,36.0,
2016-04-06,35.0,
2016-04-07,39.0,
2016-04-08,40.0,
2016-04-09,46.0,
2016-04-10,42.0,
2016-04-11,41.0,
2016-04-12,43.0,
2016-04-13,37.0,
2016-04-14,40.0,
2016-04-15,41.0,
2016-04-16,47.0,1.0
2016-04-17,42.0,1.0
2016-04-18,42.0,1.0
2016-04-19,39.0,1.0
2016-04-20,38.0,1.0
2016-04-21,36.0,1.0
2016-04-22,40.0,1.0
2016-04-23,43.0,1.0
2016-04-24,36.0,1.0
2016-04-25,39.0,1.0
2016-04-26,39.0,1.0
2016-04-27,39.0,1.0
2016-04-28,37.0,1.0
2016-04-29,38.0,1.0
2016-04-30,39.0,1.0
2016-05-01,35.0,1.0
2016-05-02,39.0,1.0
2016-05-03,33.0,1.0
2016-05-04,37.0,1.0
2016-05-05,36.0,1.0
2016-05-06,39.0,1.0
2016-05-07,37.0,1.0
2016-05-08,40.0,1.0
2016-05-09,37.0,1.0
2016-05-10,41.0,1.0
2016-05-11,36.0,1.0
2016-05-12,40.0,1.0
2016-05-13,37.0,1.0
2016-05-14,40.0,1.0
2016-05-15,36.0,1.0
2016-05-16,38.0,1.0
2016-05-17,38.0,1.0
2016-05-18,42.0,1.0
2016-05-19,39.0,1.0
2016-05-20,38.0,1.0
2016-05-21,47.0,1.0
2016-05-22,37.0,1.0
2016-05-23,41.0,1.0
2016-05-24,38.0,1.0
2016-05-25,35.0,1.0
2016-05-26,45.0,1.0
2016-05-27,39.0,1.0
2016-05-28,42.0,1.0
2016-05-29,37.0,1.0
2016-05-30,41.0,1.0
2016-05-31,37.0,1.0
2016-06-01,38.0,1.0
2016-06-02,37.0,1.0
2016-06-03,35.0,1.0
2016-06-04,39.0,1.0
2016-06-05,41.0,1.0
2016-06-06,38.0,1.0
2016-06-07,37.0,1.0
2016-06-08,33.0,1.0
2016-06-09,39.0,1.0
2016-06-10,42.0,1.0
2016-06-11,40.0,1.0
2016-06-12,34.0,1.0
2016-06-13,34.0,1.0
2016-06-14,33.0,1.0
2016-06-15,38.0,1.0
2016-06-16,37.0,1.0
2016-06-17,39.0,1.0
2016-06-18,44.0,1.0
2016-06-19,37.0,1.0
2016-06-20,38.0,1.0
2016-06-21,38.0,1.0
2016-06-22,41.0,1.0
2016-06-23,38.0,1.0
2016-06-24,42.0,1.0
2016-06-25,39.0,1.0
2016-06-26,41.0,1.0
2016-06-27,40.0,1.0
2016-06-28,37.0,1.0
2016-06-29,39.0,1.0
2016-06-30,35.0,1.0
2016-07-01,34.0,1.0
2016-07-02,40.0,1.0
2016-07-03,42.0,1.0
2016-07-04,39.0,1.0
2016-07-05,38.0,1.0
2016-07-06,39.0,1.0
2016-07-07,41.0,1.0
2016-07-08,37.0,1.0
2016-07-09,42.0,1.0
2016-07-10,39.0,1.0
2016-07-11,39.0,1.0
2016-07-12,37.0,1.0
2016-07-13,39.0,1.0
2016-07-14,40.0,1.0
2016-07-15,36.0,1.0
2016-07-16,45.0,1.0
2016-07-17,46.0,1.0
2016-07-18,41.0,1.0
2016-07-19,43.0,1.0
2016-07-20,38.0,1.0
2016-07-21,39.0,1.0
2016-07-22,39.0,1.0
2016-07-23,47.0,1.0
2016-07-24,43.0,1.0
2016-07-25,44.0,1.0
2016-07-26,46.0,
2016-07-27,43.0,
2016-07-28,47.0,
2016-07-29,47.0,
2016-07-30,40.0,
2016-07-31,38.0,
2016-08-01,45.0,
2016-08-02,46.0,
2016-08-03,38.0,
2016-08-04,41.0,
2016-08-05,42.0,
2016-08-06,40.0,
2016-08-07,40.0,
2016-08-08,41.0,
2016-08-09,36.0,
2016-08-10,39.0,
2016-08-11,41.0,
2016-08-12,45.0,
2016-08-13,52.0,
2016-08-14,34.0,
2016-08-15,37.0,
2016-08-16,41.0,
2016-08-17,37.0,
2016-08-18,37.0,
2016-08-19,39.0,
2016-08-20,49.0,
2016-08-21,40.0,
2016-08-22,39.0,
2016-08-23,39.0,
2016-08-24,36.0,
2016-08-25,40.0,
2016-08-26,39.0,
2016-08-27,48.0,
2016-08-28,39.0,
2016-08-29,42.0,
2016-08-30,44.0,
2016-08-31,39.0,
2016-09-01,38.0,
2016-09-02,43.0,
2016-09-03,44.0,
2016-09-04,35.0,
2016-09-05,38.0,
2016-09-06,40.0,
2016-09-07,42.0,
2016-09-08,39.0,
2016-09-09,37.0,
2016-09-10,41.0,
2016-09-11,42.0,
2016-09-12,42.0,
2016-09-13,36.0,
2016-09-14,37.0,
2016-09-15,37.0,
2016-09-16,42.0,
2016-09-17,47.0,
2016-09-18,41.0,
2016-09-19,40.0,
2016-09-20,36.0,
2016-09-21,40.0,
2016-09-22,35.0,
2016-09-23,43.0,
2016-09-24,47.0,
2016-09-25,46.0,
2016-09-26,40.0,
2016-09-27,35.0,
2016-09-28,37.0,
2016-09-29,32.0,
2016-09-30,40.0,
2016-10-01,37.0,
2016-10-02,38.0,1.0
2016-10-03,35.0,1.0
2016-10-04,35.0,1.0
2016-10-05,40.0,1.0
2016-10-06,39.0,1.0
2016-10-07,36.0,1.0
2016-10-08,45.0,1.0
2016-10-09,40.0,1.0
2016-10-10,38.0,1.0
2016-10-11,38.0,1.0
2016-10-12,40.0,1.0
2016-10-13,43.0,1.0
2016-10-14,39.0,1.0
2016-10-15,45.0,1.0
2016-10-16,40.0,1.0
2016-10-17,40.0,1.0
2016-10-18,40.0,1.0
2016-10-19,37.0,1.0
2016-10-20,40.0,1.0
2016-10-21,43.0,1.0
2016-10-22,46.0,1.0
2016-10-23,40.0,1.0
2016-10-24,41.0,1.0
2016-10-25,41.0,1.0
2016-10-26,39.0,1.0
2016-10-27,40.0,1.0
2016-10-28,39.0,1.0
2016-10-29,37.0,1.0
2016-10-30,34.0,1.0
2016-10-31,32.0,1.0
2016-11-01,37.0,1.0
2016-11-02,38.0,1.0
2016-11-03,40.0,1.0
2016-11-04,39.0,1.0
2016-11-05,45.0,1.0
2016-11-06,38.0,1.0
2016-11-07,36.0,1.0
2016-11-08,34.0,1.0
2016-11-09,26.0,1.0
2016-11-10,28.0,1.0
2016-11-11,28.0,1.0
2016-11-12,29.0,1.0
2016-11-13,29.0,1.0
2016-11-14,31.0,1.0
2016-11-15,28.0,1.0
2016-11-16,32.0,1.0
2016-11-17,30.0,1.0
2016-11-18,30.0,1.0
2016-11-19,35.0,1.0
2016-11-20,27.0,1.0
2016-11-21,31.0,1.0
2016-11-22,33.0,1.0
2016-11-23,34.0,1.0
2016-11-24,35.0,1.0
2016-11-25,35.0,1.0
2016-11-26,40.0,1.0
2016-11-27,33.0,1.0
2016-11-28,35.0,1.0
2016-11-29,34.0,1.0
2016-11-30,33.0,1.0
2016-12-01,37.0,1.0
2016-12-02,37.0,1.0
2016-12-03,41.0,1.0
2016-12-04,35.0,1.0
2016-12-05,33.0,1.0
2016-12-06,35.0,1.0
2016-12-07,34.0,1.0
2016-12-08,38.0,1.0
2016-12-09,39.0,1.0
2016-12-10,38.0,1.0
2016-12-11,38.0,1.0
2016-12-12,42.0,1.0
2016-12-13,39.0,1.0
2016-12-14,37.0,1.0
2016-12-15,43.0,1.0
2016-12-16,47.0,1.0
2016-12-17,55.0,1.0
2016-12-18,44.0,1.0
2016-12-19,44.0,1.0
2016-12-20,39.0,1.0
2016-12-21,49.0,1.0
2016-12-22,57.0,1.0
2016-12-23,50.0,1.0
2016-12-24,52.0,1.0
2016-12-25,51.0,1.0
2016-12-26,53.0,1.0
2016-12-27,50.0,1.0
2016-12-28,52.0,1.0
2016-12-29,52.0,1.0
2016-12-30,46.0,1.0
2016-12-31,42.0,1.0
2017-01-01,40.0,1.0
2017-01-02,51.0,1.0
2017-01-03,59.0,1.0
2017-01-04,59.0,1.0
2017-01-05,62.0,1.0
2017-01-06,56.0,1.0
2017-01-07,55.0,1.0
2017-01-08,55.0,1.0
2017-01-09,54.0,1.0
2017-01-10,52.0,1.0
2017-01-11,46.0,
2017-01-12,49.0,
2017-01-13,74.0,
2017-01-14,72.0,
2017-01-15,59.0,
2017-01-16,56.0,
2017-01-17,51.0,
2017-01-18,50.0,
2017-01-19,56.0,
2017-01-20,53.0,
2017-01-21,59.0,
2017-01-22,52.0,
2017-01-23,47.0,
2017-01-24,50.0,
2017-01-25,47.0,
2017-01-26,41.0,
2017-01-27,53.0,
2017-01-28,50.0,
2017-01-29,43.0,
2017-01-30,42.0,
2017-01-31,41.0,
2017-02-01,41.0,
2017-02-02,41.0,
2017-02-03,39.0,
2017-02-04,43.0,
2017-02-05,44.0,
2017-02-06,41.0,
2017-02-07,40.0,
2017-02-08,40.0,
2017-02-09,39.0,
2017-02-10,42.0,
2017-02-11,44.0,
2017-02-12,41.0,
2017-02-13,39.0,
2017-02-14,40.0,
2017-02-15,41.0,
2017-02-16,45.0,
2017-02-17,45.0,
2017-02-18,47.0,
2017-02-19,44.0,
2017-02-20,47.0,
2017-02-21,42.0,
2017-02-22,41.0,
2017-02-23,38.0,
2017-02-24,42.0,
2017-02-25,48.0,
2017-02-26,44.0,
2017-02-27,43.0,
2017-02-28,44.0,
2017-03-01,38.0,
2017-03-02,40.0,
2017-03-03,42.0,
2017-03-04,43.0,
2017-03-05,42.0,
2017-03-06,40.0,
2017-03-07,39.0,
2017-03-08,41.0,
2017-03-09,39.0,
2017-03-10,42.0,
2017-03-11,37.0,
2017-03-12,38.0,
2017-03-13,31.0,
2017-03-14,38.0,
2017-03-15,42.0,
2017-03-16,39.0,
2017-03-17,42.0,
2017-03-18,46.0,
2017-03-19,43.0,
2017-03-20,43.0,1.0
2017-03-21,39.0,1.0
2017-03-22,36.0,1.0
2017-03-23,38.0,1.0
2017-03-24,37.0,1.0
2017-03-25,42.0,1.0
2017-03-26,37.0,1.0
2017-03-27,38.0,1.0
2017-03-28,39.0,1.0
2017-03-29,42.0,1.0
2017-03-30,53.0,1.0
2017-03-31,58.0,1.0
2017-04-01,44.0,1.0
2017-04-02,43.0,1.0
2017-04-03,42.0,1.0
2017-04-04,37.0,1.0
2017-04-05,37.0,1.0
2017-04-06,40.0,1.0
2017-04-07,36.0,1.0
2017-04-08,37.0,1.0
2017-04-09,39.0,1.0
2017-04-10,37.0,1.0
2017-04-11,38.0,1.0
2017-04-12,35.0,1.0
2017-04-13,37.0,1.0
2017-04-14,40.0,1.0
2017-04-15,42.0,1.0
2017-04-16,37.0,1.0
2017-04-17,38.0,1.0
2017-04-18,35.0,1.0
2017-04-19,34.0,1.0
2017-04-20,36.0,1.0
2017-04-21,38.0,1.0
2017-04-22,41.0,1.0
2017-04-23,38.0,1.0
2017-04-24,42.0,1.0
2017-04-25,43.0,1.0
2017-04-26,40.0,1.0
2017-04-27,42.0,1.0
2017-04-28,41.0,1.0
2017-04-29,42.0,1.0
2017-04-30,39.0,1.0
2017-05-01,41.0,1.0
2017-05-02,37.0,1.0
2017-05-03,36.0,1.0
2017-05-04,37.0,1.0
2017-05-05,38.0,1.0
2017-05-06,42.0,1.0
2017-05-07,40.0,1.0
2017-05-08,43.0,1.0
2017-05-09,42.0,1.0
2017-05-10,42.0,1.0
2017-05-11,41.0,1.0
2017-05-12,39.0,1.0
2017-05-13,45.0,1.0
2017-05-14,42.0,1.0
2017-05-15,43.0,1.0
2017-05-16,63.0,1.0
2017-05-17,53.0,1.0
2017-05-18,45.0,1.0
2017-05-19,47.0,1.0
2017-05-20,53.0,1.0
2017-05-21,48.0,1.0
2017-05-22,45.0,1.0
2017-05-23,43.0,1.0
2017-05-24,44.0,1.0
2017-05-25,47.0,1.0
2017-05-26,46.0,1.0
2017-05-27,49.0,1.0
2017-05-28,45.0,1.0
2017-05-29,47.0,1.0
2017-05-30,45.0,1.0
2017-05-31,39.0,1.0
2017-06-01,44.0,1.0
2017-06-02,44.0,1.0
2017-06-03,44.0,1.0
2017-06-04,43.0,1.0
2017-06-05,44.0,1.0
2017-06-06,42.0,1.0
2017-06-07,44.0,1.0
2017-06-08,43.0,1.0
2017-06-09,45.0,1.0
2017-06-10,50.0,1.0
2017-06-11,46.0,1.0
2017-06-12,48.0,1.0
2017-06-13,45.0,1.0
2017-06-14,46.0,1.0
2017-06-15,46.0,1.0
2017-06-16,51.0,1.0
2017-06-17,56.0,1.0
2017-06-18,46.0,1.0
2017-06-19,46.0,1.0
2017-06-20,50.0,1.0
2017-06-21,46.0,1.0
2017-06-22,49.0,1.0
2017-06-23,51.0,1.0
2017-06-24,52.0,1.0
2017-06-25,47.0,1.0
2017-06-26,47.0,1.0
2017-06-27,44.0,1.0
2017-06-28,49.0,1.0
2017-06-29,45.0,
2017-06-30,43.0,
2017-07-01,71.0,
2017-07-02,61.0,
2017-07-03,52.0,
2017-07-04,52.0,
2017-07-05,51.0,
2017-07-06,51.0,
2017-07-07,50.0,
2017-07-08,52.0,
2017-07-09,49.0,
2017-07-10,45.0,
2017-07-11,42.0,
2017-07-12,44.0,
2017-07-13,43.0,
2017-07-14,46.0,
2017-07-15,51.0,
2017-07-16,46.0,
2017-07-17,44.0,
2017-07-18,46.0,
2017-07-19,45.0,
2017-07-20,41.0,
2017-07-21,44.0,
2017-07-22,50.0,
2017-07-23,47.0,
2017-07-24,44.0,
2017-07-25,45.0,
2017-07-26,44.0,
2017-07-27,44.0,
2017-07-28,43.0,
2017-07-29,47.0,
2017-07-30,47.0,
2017-07-31,42.0,
2017-08-01,46.0,
2017-08-02,44.0,
2017-08-03,46.0,
2017-08-04,49.0,
2017-08-05,52.0,
2017-08-06,48.0,
2017-08-07,44.0,
2017-08-08,45.0,
2017-08-09,42.0,
2017-08-10,40.0,
2017-08-11,45.0,
2017-08-12,47.0,
2017-08-13,42.0,
2017-08-14,41.0,
2017-08-15,38.0,
2017-08-16,41.0,
2017-08-17,43.0,
2017-08-18,41.0,
2017-08-19,47.0,
2017-08-20,45.0,
2017-08-21,42.0,
2017-08-22,45.0,
2017-08-23,45.0,
2017-08-24,42.0,
2017-08-25,39.0,
2017-08-26,45.0,
2017-08-27,43.0,
2017-08-28,38.0,
2017-08-29,40.0,
2017-08-30,38.0,
2017-08-31,39.0,
2017-09-01,42.0,
2017-09-02,48.0,
2017-09-03,45.0,
2017-09-04,42.0,
2017-09-05,36.0,1.0
2017-09-06,40.0,1.0
2017-09-07,43.0,1.0
2017-09-08,42.0,1.0
2017-09-09,45.0,1.0
2017-09-10,46.0,1.0
2017-09-11,42.0,1.0
2017-09-12,41.0,1.0
2017-09-13,40.0,1.0
2017-09-14,42.0,1.0
2017-09-15,43.0,1.0
2017-09-16,45.0,1.0
2017-09-17,45.0,1.0
2017-09-18,42.0,1.0
2017-09-19,40.0,1.0
2017-09-20,38.0,1.0
2017-09-21,42.0,1.0
2017-09-22,43.0,1.0
2017-09-23,46.0,1.0
2017-09-24,44.0,1.0
2017-09-25,44.0,1.0
2017-09-26,44.0,1.0
2017-09-27,44.0,1.0
2017-09-28,44.0,1.0
2017-09-29,44.0,1.0
2017-09-30,44.0,1.0
2017-10-01,48.0,1.0
2017-10-02,40.0,1.0
2017-10-03,46.0,1.0
2017-10-04,43.0,1.0
2017-10-05,46.0,1.0
2017-10-06,46.0,1.0
2017-10-07,51.0,1.0
2017-10-08,44.0,1.0
2017-10-09,45.0,1.0
2017-10-10,43.0,1.0
2017-10-11,41.0,1.0
2017-10-12,46.0,1.0
2017-10-13,44.0,1.0
2017-10-14,46.0,1.0
2017-10-15,42.0,1.0
2017-10-16,42.0,1.0
2017-10-17,42.0,1.0
2017-10-18,38.0,1.0
2017-10-19,32.0,1.0
2017-10-20,39.0,1.0
2017-10-21,46.0,1.0
2017-10-22,44.0,1.0
2017-10-23,44.0,1.0
2017-10-24,43.0,1.0
2017-10-25,41.0,1.0
2017-10-26,42.0,1.0
2017-10-27,48.0,1.0
2017-10-28,46.0,1.0
2017-10-29,40.0,1.0
2017-10-30,40.0,1.0
2017-10-31,40.0,1.0
2017-11-01,40.0,1.0
2017-11-02,39.0,1.0
2017-11-03,39.0,1.0
2017-11-04,43.0,1.0
2017-11-05,38.0,1.0
2017-11-06,37.0,1.0
2017-11-07,39.0,1.0
2017-11-08,37.0,1.0
2017-11-09,38.0,1.0
2017-11-10,39.0,1.0
2017-11-11,43.0,1.0
2017-11-12,38.0,1.0
2017-11-13,37.0,1.0
2017-11-14,38.0,1.0
2017-11-15,39.0,1.0
2017-11-16,41.0,1.0
2017-11-17,40.0,1.0
2017-11-18,42.0,1.0
2017-11-19,41.0,1.0
2017-11-20,44.0,1.0
2017-11-21,40.0,1.0
2017-11-22,41.0,1.0
2017-11-23,38.0,1.0
2017-11-24,40.0,1.0
2017-11-25,42.0,1.0
2017-11-26,35.0,1.0
2017-11-27,38.0,1.0
2017-11-28,38.0,1.0
2017-11-29,38.0,1.0
2017-11-30,40.0,1.0
2017-12-01,42.0,1.0
2017-12-02,47.0,1.0
2017-12-03,41.0,1.0
2017-12-04,42.0,1.0
2017-12-05,43.0,1.0
2017-12-06,42.0,1.0
2017-12-07,45.0,1.0
2017-12-08,47.0,1.0
2017-12-09,48.0,1.0
2017-12-10,43.0,1.0
2017-12-11,45.0,1.0
2017-12-12,48.0,1.0
2017-12-13,48.0,1.0
2017-12-14,47.0,1.0
2017-12-15,47.0,
2017-12-16,50.0,
2017-12-17,42.0,
2017-12-18,40.0,
2017-12-19,48.0,
2017-12-20,52.0,
2017-12-21,50.0,
2017-12-22,50.0,
2017-12-23,50.0,
2017-12-24,47.0,
2017-12-25,50.0,
2017-12-26,53.0,
2017-12-27,51.0,
2017-12-28,47.0,
2017-12-29,52.0,
2017-12-30,51.0,
2017-12-31,43.0,
2018-01-01,43.0,
2018-01-02,46.0,
2018-01-03,44.0,
2018-01-04,47.0,
2018-01-05,46.0,
2018-01-06,46.0,
2018-01-07,40.0,
2018-01-08,44.0,
2018-01-09,44.0,
2018-01-10,42.0,
2018-01-11,46.0,
2018-01-12,43.0,
2018-01-13,49.0,
2018-01-14,39.0,
2018-01-15,44.0,
2018-01-16,43.0,
2018-01-17,43.0,
2018-01-18,46.0,
2018-01-19,52.0,
2018-01-20,50.0,
2018-01-21,49.0,
2018-01-22,44.0,
2018-01-23,45.0,
2018-01-24,42.0,
2018-01-25,47.0,
2018-01-26,42.0,
2018-01-27,46.0,
2018-01-28,45.0,
2018-01-29,47.0,
2018-01-30,45.0,
2018-01-31,43.0,
2018-02-01,42.0,
2018-02-02,43.0,
2018-02-03,43.0,
2018-02-04,43.0,
2018-02-05,44.0,
2018-02-06,45.0,
2018-02-07,50.0,
2018-02-08,59.0,
2018-02-09,57.0,
2018-02-10,52.0,
2018-02-11,46.0,
2018-02-12,47.0,
2018-02-13,43.0,
2018-02-14,42.0,
2018-02-15,42.0,
2018-02-16,43.0,
2018-02-17,44.0,
2018-02-18,40.0,
2018-02-19,43.0,
2018-02-20,39.0,
2018-02-21,40.0,1.0
2018-02-22,42.0,1.0
2018-02-23,43.0,1.0
2018-02-24,44.0,1.0
2018-02-25,38.0,1.0
2018-02-26,40.0,1.0
2018-02-27,38.0,1.0
2018-02-28,36.0,1.0
2018-03-01,34.0,1.0
2018-03-02,32.0,1.0
2018-03-03,40.0,1.0
2018-03-04,40.0,1.0
2018-03-05,39.0,1.0
2018-03-06,37.0,1.0
2018-03-07,40.0,1.0
2018-03-08,38.0,1.0
2018-03-09,40.0,1.0
2018-03-10,44.0,1.0
2018-03-11,38.0,1.0
2018-03-12,39.0,1.0
2018-03-13,39.0,1.0
2018-03-14,37.0,1.0
2018-03-15,40.0,1.0
2018-03-16,39.0,1.0
2018-03-17,41.0,1.0
2018-03-18,40.0,1.0
2018-03-19,41.0,1.0
2018-03-20,41.0,1.0
2018-03-21,39.0,1.0
2018-03-22,42.0,1.0
2018-03-23,43.0,1.0
2018-03-24,44.0,1.0
2018-03-25,39.0,1.0
2018-03-26,41.0,1.0
2018-03-27,42.0,1.0
2018-03-28,42.0,1.0
2018-03-29,43.0,1.0
2018-03-30,47.0,1.0
2018-03-31,47.0,1.0
2018-04-01,39.0,1.0
2018-04-02,40.0,1.0
2018-04-03,38.0,1.0
2018-04-04,36.0,1.0
2018-04-05,39.0,1.0
2018-04-06,42.0,1.0
2018-04-07,41.0,1.0
2018-04-08,38.0,1.0
2018-04-09,38.0,1.0
2018-04-10,37.0,1.0
2018-04-11,40.0,1.0
2018-04-12,38.0,1.0
2018-04-13,37.0,1.0
2018-04-14,38.0,1.0
2018-04-15,37.0,1.0
2018-04-16,38.0,1.0
2018-04-17,35.0,1.0
2018-04-18,39.0,1.0
2018-04-19,39.0,1.0
2018-04-20,39.0,1.0
2018-04-21,43.0,1.0
2018-04-22,40.0,1.0
2018-04-23,41.0,1.0
2018-04-24,39.0,1.0
2018-04-25,39.0,1.0
2018-04-26,43.0,1.0
2018-04-27,47.0,1.0
2018-04-28,46.0,1.0
2018-04-29,39.0,1.0
2018-04-30,43.0,1.0
2018-05-01,41.0,1.0
2018-05-02,44.0,1.0
2018-05-03,41.0,1.0
2018-05-04,46.0,1.0
2018-05-05,48.0,1.0
2018-05-06,40.0,1.0
2018-05-07,42.0,1.0
2018-05-08,42.0,1.0
2018-05-09,43.0,1.0
2018-05-10,41.0,1.0
2018-05-11,42.0,1.0
2018-05-12,44.0,1.0
2018-05-13,40.0,1.0
2018-05-14,40.0,1.0
2018-05-15,39.0,1.0
2018-05-16,39.0,1.0
2018-05-17,40.0,1.0
2018-05-18,42.0,1.0
2018-05-19,46.0,1.0
2018-05-20,41.0,1.0
2018-05-21,46.0,1.0
2018-05-22,42.0,1.0
2018-05-23,43.0,1.0
2018-05-24,42.0,1.0
2018-05-25,42.0,1.0
2018-05-26,47.0,1.0
2018-05-27,42.0,1.0
2018-05-28,44.0,1.0
2018-05-29,45.0,1.0
2018-05-30,47.0,1.0
2018-05-31,43.0,1.0
2018-06-01,45.0,1.0
2018-06-02,44.0,
2018-06-03,44.0,
2018-06-04,44.0,
2018-06-05,43.0,
2018-06-06,43.0,
2018-06-07,43.0,
2018-06-08,42.0,
2018-06-09,48.0,
2018-06-10,46.0,
2018-06-11,40.0,
2018-06-12,46.0,
2018-06-13,45.0,
2018-06-14,45.0,
2018-06-15,40.0,
2018-06-16,43.0,
2018-06-17,40.0,
2018-06-18,44.0,
2018-06-19,43.0,
2018-06-20,42.0,
2018-06-21,43.0,
2018-06-22,41.0,
2018-06-23,46.0,
2018-06-24,47.0,
2018-06-25,48.0,
2018-06-26,41.0,
2018-06-27,43.0,
2018-06-28,44.0,
2018-06-29,46.0,
2018-06-30,48.0,
2018-07-01,41.0,
2018-07-02,40.0,
2018-07-03,43.0,
2018-07-04,40.0,
2018-07-05,47.0,
2018-07-06,46.0,
2018-07-07,50.0,
2018-07-08,43.0,
2018-07-09,44.0,
2018-07-10,46.0,
2018-07-11,45.0,
2018-07-12,44.0,
2018-07-13,47.0,
2018-07-14,47.0,
2018-07-15,44.0,
2018-07-16,43.0,
2018-07-17,46.0,
2018-07-18,43.0,
2018-07-19,44.0,
2018-07-20,44.0,
2018-07-21,50.0,
2018-07-22,45.0,
2018-07-23,49.0,
2018-07-24,52.0,
2018-07-25,43.0,
2018-07-26,51.0,
2018-07-27,50.0,
2018-07-28,55.0,
2018-07-29,53.0,
2018-07-30,44.0,
2018-07-31,44.0,
2018-08-01,44.0,
2018-08-02,49.0,
2018-08-03,48.0,
2018-08-04,46.0,
2018-08-05,44.0,
2018-08-06,53.0,
2018-08-07,46.0,
2018-08-08,44.0,
2018-08-09,43.0,1.0
2018-08-10,50.0,1.0
2018-08-11,50.0,1.0
2018-08-12,46.0,1.0
2018-08-13,46.0,1.0
2018-08-14,44.0,1.0
2018-08-15,40.0,1.0
2018-08-16,44.0,1.0
2018-08-17,48.0,1.0
2018-08-18,50.0,1.0
2018-08-19,46.0,1.0
2018-08-20,53.0,1.0
2018-08-21,52.0,1.0
2018-08-22,49.0,1.0
2018-08-23,52.0,1.0
2018-08-24,51.0,1.0
2018-08-25,54.0,1.0
2018-08-26,49.0,1.0
2018-08-27,47.0,1.0
2018-08-28,49.0,1.0
2018-08-29,46.0,1.0
2018-08-30,48.0,1.0
2018-08-31,44.0,1.0
2018-09-01,48.0,1.0
2018-09-02,48.0,1.0
2018-09-03,51.0,1.0
2018-09-04,47.0,1.0
2018-09-05,48.0,1.0
2018-09-06,47.0,1.0
2018-09-07,50.0,1.0
2018-09-08,52.0,1.0
2018-09-09,48.0,1.0
2018-09-10,46.0,1.0
2018-09-11,45.0,1.0
2018-09-12,44.0,1.0
2018-09-13,39.0,1.0
2018-09-14,45.0,1.0
2018-09-15,47.0,1.0
2018-09-16,46.0,1.0
2018-09-17,45.0,1.0
2018-09-18,46.0,1.0
2018-09-19,45.0,1.0
2018-09-20,46.0,1.0
2018-09-21,45.0,1.0
2018-09-22,47.0,1.0
2018-09-23,43.0,1.0
2018-09-24,48.0,1.0
2018-09-25,47.0,1.0
2018-09-26,47.0,1.0
2018-09-27,49.0,1.0
2018-09-28,49.0,1.0
2018-09-29,47.0,1.0
2018-09-30,45.0,1.0
2018-10-01,44.0,1.0
2018-10-02,39.0,1.0
2018-10-03,47.0,1.0
2018-10-04,49.0,1.0
2018-10-05,49.0,1.0
2018-10-06,49.0,1.0
2018-10-07,46.0,1.0
2018-10-08,52.0,1.0
2018-10-09,59.0,1.0
2018-10-10,48.0,1.0
2018-10-11,50.0,1.0
2018-10-12,53.0,1.0
2018-10-13,56.0,1.0
2018-10-14,46.0,1.0
2018-10-15,49.0,1.0
2018-10-16,47.0,1.0
2018-10-17,48.0,1.0
2018-10-18,42.0,1.0
2018-10-19,47.0,1.0
2018-10-20,50.0,1.0
2018-10-21,47.0,1.0
2018-10-22,50.0,1.0
2018-10-23,50.0,1.0
2018-10-24,44.0,1.0
2018-10-25,50.0,1.0
2018-10-26,57.0,1.0
2018-10-27,54.0,1.0
2018-10-28,47.0,1.0
2018-10-29,55.0,1.0
2018-10-30,49.0,1.0
2018-10-31,53.0,1.0
2018-11-01,47.0,1.0
2018-11-02,53.0,1.0
2018-11-03,51.0,1.0
2018-11-04,41.0,1.0
2018-11-05,48.0,1.0
2018-11-06,41.0,1.0
2018-11-07,35.0,1.0
2018-11-08,40.0,1.0
2018-11-09,48.0,1.0
2018-11-10,50.0,1.0
2018-11-11,51.0,1.0
2018-11-12,49.0,1.0
2018-11-13,44.0,1.0
2018-11-14,46.0,1.0
2018-11-15,49.0,1.0
2018-11-16,43.0,1.0
2018-11-17,50.0,1.0
2018-11-18,44.0,
2018-11-19,41.0,
2018-11-20,44.0,
2018-11-21,56.0,
2018-11-22,52.0,
2018-11-23,41.0,
2018-11-24,50.0,
2018-11-25,45.0,
2018-11-26,46.0,
2018-11-27,48.0,
2018-11-28,46.0,
2018-11-29,38.0,
2018-11-30,45.0,
2018-12-01,45.0,
2018-12-02,43.0,
2018-12-03,40.0,
2018-12-04,45.0,
2018-12-05,45.0,
2018-12-06,49.0,
2018-12-07,44.0,
2018-12-08,44.0,
2018-12-09,44.0,
2018-12-10,41.0,
2018-12-11,38.0,
2018-12-12,46.0,
2018-12-13,42.0,
2018-12-14,48.0,
2018-12-15,49.0,
2018-12-16,50.0,
2018-12-17,49.0,
2018-12-18,47.0,
2018-12-19,47.0,
2018-12-20,47.0,
2018-12-21,56.0,
2018-12-22,49.0,
2018-12-23,47.0,
2018-12-24,59.0,
2018-12-25,58.0,
2018-12-26,53.0,
2018-12-27,50.0,
2018-12-28,51.0,
2018-12-29,49.0,
2018-12-30,44.0,
2018-12-31,46.0,
2019-01-01,47.0,
2019-01-02,44.0,
2019-01-03,43.0,
2019-01-04,45.0,
2019-01-05,44.0,
2019-01-06,43.0,
2019-01-07,44.0,
2019-01-08,45.0,
2019-01-09,44.0,
2019-01-10,38.0,
2019-01-11,46.0,
2019-01-12,47.0,
2019-01-13,44.0,
2019-01-14,40.0,
2019-01-15,40.0,
2019-01-16,46.0,
2019-01-17,45.0,
2019-01-18,45.0,
2019-01-19,47.0,
2019-01-20,44.0,
2019-01-21,47.0,
2019-01-22,49.0,
2019-01-23,52.0,
2019-01-24,55.0,
2019-01-25,54.0,1.0
2019-01-26,49.0,1.0
2019-01-27,50.0,1.0
2019-01-28,55.0,1.0
2019-01-29,52.0,1.0
2019-01-30,52.0,1.0
2019-01-31,47.0,1.0
2019-02-01,50.0,1.0
2019-02-02,51.0,1.0
2019-02-03,43.0,1.0
2019-02-04,46.0,1.0
2019-02-05,45.0,1.0
2019-02-06,45.0,1.0
2019-02-07,46.0,1.0
2019-02-08,44.0,1.0
2019-02-09,49.0,1.0
2019-02-10,43.0,1.0
2019-02-11,43.0,1.0
2019-02-12,42.0,1.0
2019-02-13,41.0,1.0
2019-02-14,42.0,1.0
2019-02-15,42.0,1.0
2019-02-16,42.0,1.0
2019-02-17,40.0,1.0
2019-02-18,43.0,1.0
2019-02-19,41.0,1.0
2019-02-20,40.0,1.0
2019-02-21,40.0,1.0
2019-02-22,41.0,1.0
2019-02-23,44.0,1.0
2019-02-24,44.0,1.0
2019-02-25,44.0,1.0
2019-02-26,37.0,1.0
2019-02-27,37.0,1.0
2019-02-28,35.0,1.0
2019-03-01,34.0,1.0
2019-03-02,38.0,1.0
2019-03-03,39.0,1.0
2019-03-04,41.0,1.0
2019-03-05,43.0,1.0
2019-03-06,40.0,1.0
2019-03-07,40.0,1.0
2019-03-08,41.0,1.0
2019-03-09,44.0,1.0
2019-03-10,41.0,1.0
2019-03-11,42.0,1.0
2019-03-12,40.0,1.0
2019-03-13,40.0,1.0
2019-03-14,41.0,1.0
2019-03-15,43.0,1.0
2019-03-16,41.0,1.0
2019-03-17,38.0,1.0
2019-03-18,44.0,1.0
2019-03-19,45.0,1.0
2019-03-20,42.0,1.0
2019-03-21,32.0,1.0
2019-03-22,45.0,1.0
2019-03-23,46.0,1.0
2019-03-24,45.0,1.0
2019-03-25,43.0,1.0
2019-03-26,43.0,1.0
2019-03-27,41.0,1.0
2019-03-28,43.0,1.0
2019-03-29,46.0,1.0
2019-03-30,41.0,1.0
2019-03-31,37.0,1.0
2019-04-01,38.0,1.0
2019-04-02,39.0,1.0
2019-04-03,39.0,1.0
2019-04-04,43.0,1.0
2019-04-05,42.0,1.0
2019-04-06,42.0,1.0
2019-04-07,39.0,1.0
2019-04-08,39.0,1.0
2019-04-09,39.0,1.0
2019-04-10,39.0,1.0
2019-04-11,36.0,1.0
2019-04-12,42.0,1.0
2019-04-13,38.0,1.0
2019-04-14,38.0,1.0
2019-04-15,38.0,1.0
2019-04-16,39.0,1.0
2019-04-17,37.0,1.0
2019-04-18,42.0,1.0
2019-04-19,44.0,1.0
2019-04-20,43.0,1.0
2019-04-21,38.0,1.0
2019-04-22,41.0,1.0
2019-04-23,38.0,1.0
2019-04-24,40.0,1.0
2019-04-25,46.0,1.0
2019-04-26,49.0,1.0
2019-04-27,43.0,1.0
2019-04-28,38.0,1.0
2019-04-29,39.0,1.0
2019-04-30,40.0,1.0
2019-05-01,41.0,1.0
2019-05-02,42.0,1.0
2019-05-03,43.0,1.0
2019-05-04,40.0,1.0
2019-05-05,37.0,1.0
2019-05-06,40.0,
2019-05-07,41.0,
2019-05-08,41.0,
2019-05-09,42.0,
2019-05-10,42.0,
2019-05-11,43.0,
2019-05-12,36.0,
2019-05-13,41.0,
2019-05-14,43.0,
2019-05-15,42.0,
2019-05-16,41.0,
2019-05-17,40.0,
2019-05-18,43.0,
2019-05-19,39.0,
2019-05-20,44.0,
2019-05-21,46.0,
2019-05-22,43.0,
2019-05-23,32.0,
2019-05-24,38.0,
2019-05-25,43.0,
2019-05-26,39.0,
2019-05-27,42.0,
2019-05-28,41.0,
2019-05-29,41.0,
2019-05-30,40.0,
2019-05-31,40.0,
2019-06-01,42.0,
2019-06-02,39.0,
2019-06-03,41.0,
2019-06-04,43.0,
2019-06-05,38.0,
2019-06-06,41.0,
2019-06-07,44.0,
2019-06-08,45.0,
2019-06-09,37.0,
2019-06-10,40.0,
2019-06-11,39.0,
2019-06-12,38.0,
2019-06-13,40.0,
2019-06-14,41.0,
2019-06-15,46.0,
2019-06-16,36.0,
2019-06-17,40.0,
2019-06-18,41.0,
2019-06-19,43.0,
2019-06-20,42.0,
2019-06-21,42.0,
2019-06-22,41.0,
2019-06-23,39.0,
2019-06-24,42.0,
2019-06-25,40.0,
2019-06-26,39.0,
2019-06-27,39.0,
2019-06-28,39.0,
2019-06-29,42.0,
2019-06-30,35.0,
2019-07-01,39.0,
2019-07-02,36.0,
2019-07-03,38.0,
2019-07-04,40.0,
2019-07-05,42.0,
2019-07-06,42.0,
2019-07-07,40.0,
2019-07-08,45.0,
2019-07-09,43.0,
2019-07-10,40.0,
2019-07-11,42.0,
2019-07-12,42.0,
2019-07-13,44.0,1.0
2019-07-14,38.0,1.0
2019-07-15,40.0,1.0
2019-07-16,40.0,1.0
2019-07-17,39.0,1.0
2019-07-18,40.0,1.0
2019-07-19,41.0,1.0
2019-07-20,41.0,1.0
2019-07-21,39.0,1.0
2019-07-22,44.0,1.0
2019-07-23,44.0,1.0
2019-07-24,42.0,1.0
2019-07-25,41.0,1.0
2019-07-26,46.0,1.0
2019-07-27,48.0,1.0
2019-07-28,40.0,1.0
2019-07-29,45.0,1.0
2019-07-30,45.0,1.0
2019-07-31,44.0,1.0
2019-08-01,42.0,1.0
2019-08-02,48.0,1.0
2019-08-03,46.0,1.0
2019-08-04,41.0,1.0
2019-08-05,44.0,1.0
2019-08-06,41.0,1.0
2019-08-07,41.0,1.0
2019-08-08,43.0,1.0
2019-08-09,44.0,1.0
2019-08-10,47.0,1.0
2019-08-11,40.0,1.0
2019-08-12,44.0,1.0
2019-08-13,47.0,1.0
2019-08-14,44.0,1.0
2019-08-15,30.0,1.0
2019-08-16,43.0,1.0
2019-08-17,51.0,1.0
2019-08-18,48.0,1.0
2019-08-19,45.0,1.0
2019-08-20,47.0,1.0
2019-08-21,63.0,1.0
2019-08-22,60.0,1.0
2019-08-23,58.0,1.0
2019-08-24,58.0,1.0
2019-08-25,57.0,1.0
2019-08-26,52.0,1.0
2019-08-27,50.0,1.0
2019-08-28,46.0,1.0
2019-08-29,45.0,1.0
2019-08-30,44.0,1.0
2019-08-31,44.0,1.0
2019-09-01,41.0,1.0
2019-09-02,40.0,1.0
2019-09-03,46.0,1.0
2019-09-04,45.0,1.0
2019-09-05,44.0,1.0
2019-09-06,48.0,1.0
2019-09-07,51.0,1.0
2019-09-08,47.0,1.0
2019-09-09,50.0,1.0
2019-09-10,46.0,1.0
2019-09-11,46.0,1.0
2019-09-12,52.0,1.0
2019-09-13,48.0,1.0
2019-09-14,51.0,1.0
2019-09-15,45.0,1.0
2019-09-16,47.0,1.0
2019-09-17,46.0,1.0
2019-09-18,46.0,1.0
2019-09-19,45.0,1.0
2019-09-20,51.0,1.0
2019-09-21,53.0,1.0
2019-09-22,45.0,1.0
2019-09-23,54.0,1.0
2019-09-24,51.0,1.0
2019-09-25,53.0,1.0
2019-09-26,55.0,1.0
2019-09-27,55.0,1.0
2019-09-28,56.0,1.0
2019-09-29,51.0,1.0
2019-09-30,92.0,1.0
2019-10-01,94.0,1.0
2019-10-02,72.0,1.0
2019-10-03,65.0,1.0
2019-10-04,62.0,1.0
2019-10-05,63.0,1.0
2019-10-06,55.0,1.0
2019-10-07,54.0,1.0
2019-10-08,49.0,1.0
2019-10-09,56.0,1.0
2019-10-10,54.0,1.0
2019-10-11,53.0,1.0
2019-10-12,57.0,1.0
2019-10-13,57.0,1.0
2019-10-14,52.0,1.0
2019-10-15,50.0,1.0
2019-10-16,50.0,1.0
2019-10-17,51.0,1.0
2019-10-18,53.0,1.0
2019-10-19,56.0,1.0
2019-10-20,52.0,1.0
2019-10-21,47.0,1.0
2019-10-22,45.0,
2019-10-23,49.0,
2019-10-24,47.0,
2019-10-25,53.0,
2019-10-26,50.0,
2019-10-27,34.0,
2019-10-28,38.0,
2019-10-29,46.0,
2019-10-30,46.0,
2019-10-31,46.0,
2019-11-01,49.0,
2019-11-02,46.0,
2019-11-03,45.0,
2019-11-04,42.0,
2019-11-05,46.0,
2019-11-06,43.0,
2019-11-07,45.0,
2019-11-08,43.0,
2019-11-09,39.0,
2019-11-10,39.0,
2019-11-11,41.0,
2019-11-12,43.0,
2019-11-13,39.0,
2019-11-14,41.0,
2019-11-15,40.0,
2019-11-16,42.0,
2019-11-17,42.0,
2019-11-18,41.0,
2019-11-19,42.0,
2019-11-20,41.0,
2019-11-21,41.0,
2019-11-22,39.0,
2019-11-23,41.0,
2019-11-24,39.0,
2019-11-25,42.0,
2019-11-26,39.0,
2019-11-27,41.0,
2019-11-28,39.0,
2019-11-29,39.0,
2019-11-30,41.0,
2019-12-01,40.0,
2019-12-02,37.0,
2019-12-03,39.0,
2019-12-04,38.0,
2019-12-05,36.0,
2019-12-06,40.0,
2019-12-07,41.0,
2019-12-08,38.0,
2019-12-09,46.0,
2019-12-10,37.0,
2019-12-11,36.0,
2019-12-12,46.0,
2019-12-13,47.0,
2019-12-14,47.0,
2019-12-15,39.0,
2019-12-16,39.0,
2019-12-17,41.0,
2019-12-18,39.0,
2019-12-19,41.0,
2019-12-20,42.0,
2019-12-21,44.0,
2019-12-22,44.0,
2019-12-23,43.0,
2019-12-24,51.0,
2019-12-25,51.0,
2019-12-26,45.0,
2019-12-27,45.0,
2019-12-28,47.0,
2019-12-29,41.0,
2019-12-30,43.0,
2019-12-31,45.0,
2020-01-01,41.0,
2020-01-02,42.0,
2020-01-03,41.0,
2020-01-04,46.0,
2020-01-05,41.0,
2020-01-06,43.0,
2020-01-07,41.0,
2020-01-08,41.0,
2020-01-09,39.0,
2020-01-10,39.0,
2020-01-11,42.0,
2020-01-12,38.0,
2020-01-13,36.0,
2020-01-14,40.0,
2020-01-15,43.0,
2020-01-16,41.0,
2020-01-17,41.0,
2020-01-18,44.0,
2020-01-19,41.0,
2020-01-20,38.0,
2020-01-21,43.0,
2020-01-22,41.0,
2020-01-23,42.0,
2020-01-24,43.0,
2020-01-25,45.0,
2020-01-26,38.0,
2020-01-27,41.0,
2020-01-28,42.0,
2020-01-29,42.0,
2020-01-30,41.0,
2020-01-31,39.0,
2020-02-01,50.0,
2020-02-02,37.0,
2020-02-03,43.0,
2020-02-04,40.0,
2020-02-05,41.0,
2020-02-06,46.0,
2020-02-07,45.0,
2020-02-08,53.0,
2020-02-09,39.0,
2020-02-10,42.0,
2020-02-11,43.0,
2020-02-12,43.0,
2020-02-13,42.0,
2020-02-14,43.0,
2020-02-15,46.0,
2020-02-16,42.0,
2020-02-17,44.0,
2020-02-18,41.0,
2020-02-19,39.0,
2020-02-20,41.0,
2020-02-21,41.0,
2020-02-22,44.0,
2020-02-23,40.0,
2020-02-24,46.0,
2020-02-25,40.0,
2020-02-26,41.0,
2020-02-27,41.0,
2020-02-28,41.0,
2020-02-29,43.0,
2020-03-01,36.0,
2020-03-02,41.0,
2020-03-03,39.0,
2020-03-04,36.0,
2020-03-05,39.0,
2020-03-06,41.0,
2020-03-07,41.0,
2020-03-08,41.0,
2020-03-09,38.0,
2020-03-10,30.0,
2020-03-11,38.0,
2020-03-12,43.0,
2020-03-13,44.0,
2020-03-14,41.0,
2020-03-15,36.0,
2020-03-16,41.0,
2020-03-17,40.0,
2020-03-18,41.0,
2020-03-19,39.0,
2020-03-20,37.0,
2020-03-21,31.0,
2020-03-22,27.0,
2020-03-23,30.0,
2020-03-24,24.0,
2020-03-25,20.0,
2020-03-26,21.0,
2020-03-27,20.0,
2020-03-28,18.0,
2020-03-29,19.0,
2020-03-30,24.0,
2020-03-31,22.0,
2020-04-01,21.0,
2020-04-02,18.0,
2020-04-03,21.0,
2020-04-04,19.0,
2020-04-05,18.0,
2020-04-06,17.0,
2020-04-07,19.0,
