date,SBIN,overlap
2010-01-04,2.0,1.0
2010-01-05,1.0,1.0
2010-01-06,2.0,1.0
2010-01-07,1.0,1.0
2010-01-08,2.0,1.0
2010-01-09,2.0,1.0
2010-01-10,2.0,1.0
2010-01-11,2.0,1.0
2010-01-12,2.0,1.0
2010-01-13,2.0,1.0
2010-01-14,1.0,1.0
2010-01-15,3.0,1.0
2010-01-16,2.0,1.0
2010-01-17,0.0,1.0
2010-01-18,0.0,1.0
2010-01-19,2.0,1.0
2010-01-20,2.0,1.0
2010-01-21,3.0,1.0
2010-01-22,3.0,1.0
2010-01-23,3.0,1.0
2010-01-24,2.0,1.0
2010-01-25,2.0,1.0
2010-01-26,1.0,1.0
2010-01-27,2.0,1.0
2010-01-28,1.0,1.0
2010-01-29,2.0,1.0
2010-01-30,0.0,1.0
2010-01-31,0.0,1.0
2010-02-01,1.0,1.0
2010-02-02,2.0,
2010-02-03,2.0,
2010-02-04,0.0,
2010-02-05,4.0,
2010-02-06,2.0,
2010-02-07,2.0,
2010-02-08,2.0,
2010-02-09,3.0,
2010-02-10,4.0,
2010-02-11,0.0,
2010-02-12,2.0,
2010-02-13,2.0,
2010-02-14,0.0,
2010-02-15,2.0,
2010-02-16,0.0,
2010-02-17,0.0,
2010-02-18,2.0,
2010-02-19,2.0,
2010-02-20,2.0,
2010-02-21,0.0,
2010-02-22,0.0,
2010-02-23,0.0,
2010-02-24,3.0,
2010-02-25,2.0,
2010-02-26,2.0,
2010-02-27,2.0,
2010-02-28,0.0,
2010-03-01,4.0,
2010-03-02,2.0,
2010-03-03,2.0,
2010-03-04,0.0,
2010-03-05,0.0,
2010-03-06,2.0,
2010-03-07,3.0,
2010-03-08,2.0,
2010-03-09,4.0,
2010-03-10,2.0,
2010-03-11,0.0,
2010-03-12,0.0,
2010-03-13,0.0,
2010-03-14,2.0,
2010-03-15,2.0,
2010-03-16,5.0,
2010-03-17,2.0,
2010-03-18,2.0,
2010-03-19,3.0,
2010-03-20,4.0,
2010-03-21,0.0,
2010-03-22,4.0,
2010-03-23,2.0,
2010-03-24,6.0,
2010-03-25,3.0,
2010-03-26,0.0,
2010-03-27,2.0,
2010-03-28,2.0,
2010-03-29,2.0,
2010-03-30,2.0,
2010-03-31,8.0,
2010-04-01,2.0,
2010-04-02,2.0,
2010-04-03,3.0,
2010-04-04,0.0,
2010-04-05,4.0,
2010-04-06,6.0,
2010-04-07,4.0,
2010-04-08,2.0,
2010-04-09,2.0,
2010-04-10,2.0,
2010-04-11,1.0,1.0
2010-04-12,1.0,1.0
2010-04-13,4.0,1.0
2010-04-14,2.0,1.0
2010-04-15,4.0,1.0
2010-04-16,0.0,1.0
2010-04-17,4.0,1.0
2010-04-18,0.0,1.0
2010-04-19,1.0,1.0
2010-04-20,4.0,1.0
2010-04-21,3.0,1.0
2010-04-22,2.0,1.0
2010-04-23,3.0,1.0
2010-04-24,1.0,1.0
2010-04-25,2.0,1.0
2010-04-26,2.0,1.0
2010-04-27,3.0,1.0
2010-04-28,2.0,1.0
2010-04-29,1.0,1.0
2010-04-30,3.0,1.0
2010-05-01,3.0,1.0
2010-05-02,0.0,1.0
2010-05-03,0.0,1.0
2010-05-04,6.0,1.0
2010-05-05,1.0,1.0
2010-05-06,2.0,1.0
2010-05-07,1.0,1.0
2010-05-08,5.0,1.0
2010-05-09,0.0,1.0
2010-05-10,3.0,1.0
2010-05-11,2.0,1.0
2010-05-12,4.0,1.0
2010-05-13,3.0,1.0
2010-05-14,5.0,1.0
2010-05-15,3.0,1.0
2010-05-16,1.0,1.0
2010-05-17,1.0,1.0
2010-05-18,1.0,1.0
2010-05-19,2.0,1.0
2010-05-20,3.0,1.0
2010-05-21,3.0,1.0
2010-05-22,0.0,1.0
2010-05-23,1.0,1.0
2010-05-24,1.0,1.0
2010-05-25,1.0,1.0
2010-05-26,6.0,1.0
2010-05-27,2.0,1.0
2010-05-28,2.0,1.0
2010-05-29,3.0,1.0
2010-05-30,0.0,1.0
2010-05-31,0.0,1.0
2010-06-01,1.0,1.0
2010-06-02,3.0,1.0
2010-06-03,3.0,1.0
2010-06-04,3.0,1.0
2010-06-05,3.0,1.0
2010-06-06,0.0,1.0
2010-06-07,2.0,1.0
2010-06-08,3.0,1.0
2010-06-09,2.0,1.0
2010-06-10,4.0,1.0
2010-06-11,2.0,1.0
2010-06-12,0.0,1.0
2010-06-13,0.0,1.0
2010-06-14,2.0,1.0
2010-06-15,3.0,1.0
2010-06-16,5.0,1.0
2010-06-17,3.0,1.0
2010-06-18,3.0,1.0
2010-06-19,1.0,1.0
2010-06-20,1.0,1.0
2010-06-21,1.0,1.0
2010-06-22,2.0,1.0
2010-06-23,3.0,1.0
2010-06-24,5.0,1.0
2010-06-25,3.0,1.0
2010-06-26,3.0,1.0
2010-06-27,1.0,1.0
2010-06-28,1.0,1.0
2010-06-29,0.0,1.0
2010-06-30,2.0,1.0
2010-07-01,2.0,1.0
2010-07-02,1.0,1.0
2010-07-03,0.0,1.0
2010-07-04,2.0,1.0
2010-07-05,1.0,1.0
2010-07-06,0.0,1.0
2010-07-07,0.0,1.0
2010-07-08,3.0,1.0
2010-07-09,4.0,1.0
2010-07-10,1.0,1.0
2010-07-11,1.0,1.0
2010-07-12,2.0,1.0
2010-07-13,1.0,1.0
2010-07-14,2.0,1.0
2010-07-15,2.0,1.0
2010-07-16,3.0,1.0
2010-07-17,1.0,1.0
2010-07-18,2.0,1.0
2010-07-19,4.0,1.0
2010-07-20,4.0,1.0
2010-07-21,2.0,
2010-07-22,2.0,
2010-07-23,6.0,
2010-07-24,2.0,
2010-07-25,4.0,
2010-07-26,4.0,
2010-07-27,2.0,
2010-07-28,2.0,
2010-07-29,2.0,
2010-07-30,2.0,
2010-07-31,5.0,
2010-08-01,2.0,
2010-08-02,4.0,
2010-08-03,2.0,
2010-08-04,3.0,
2010-08-05,6.0,
2010-08-06,3.0,
2010-08-07,0.0,
2010-08-08,2.0,
2010-08-09,4.0,
2010-08-10,3.0,
2010-08-11,2.0,
2010-08-12,4.0,
2010-08-13,2.0,
2010-08-14,2.0,
2010-08-15,0.0,
2010-08-16,11.0,
2010-08-17,2.0,
2010-08-18,7.0,
2010-08-19,4.0,
2010-08-20,2.0,
2010-08-21,2.0,
2010-08-22,0.0,
2010-08-23,2.0,
2010-08-24,3.0,
2010-08-25,2.0,
2010-08-26,2.0,
2010-08-27,2.0,
2010-08-28,2.0,
2010-08-29,2.0,
2010-08-30,2.0,
2010-08-31,2.0,
2010-09-01,2.0,
2010-09-02,5.0,
2010-09-03,3.0,
2010-09-04,2.0,
2010-09-05,2.0,
2010-09-06,4.0,
2010-09-07,2.0,
2010-09-08,2.0,
2010-09-09,2.0,
2010-09-10,3.0,
2010-09-11,0.0,
2010-09-12,0.0,
2010-09-13,2.0,
2010-09-14,11.0,
2010-09-15,2.0,
2010-09-16,2.0,
2010-09-17,3.0,
2010-09-18,0.0,
2010-09-19,0.0,
2010-09-20,3.0,
2010-09-21,3.0,
2010-09-22,2.0,
2010-09-23,2.0,
2010-09-24,0.0,
2010-09-25,0.0,
2010-09-26,2.0,
2010-09-27,2.0,1.0
2010-09-28,1.0,1.0
2010-09-29,1.0,1.0
2010-09-30,1.0,1.0
2010-10-01,2.0,1.0
2010-10-02,2.0,1.0
2010-10-03,2.0,1.0
2010-10-04,3.0,1.0
2010-10-05,2.0,1.0
2010-10-06,2.0,1.0
2010-10-07,3.0,1.0
2010-10-08,2.0,1.0
2010-10-09,0.0,1.0
2010-10-10,0.0,1.0
2010-10-11,2.0,1.0
2010-10-12,3.0,1.0
2010-10-13,3.0,1.0
2010-10-14,3.0,1.0
2010-10-15,3.0,1.0
2010-10-16,2.0,1.0
2010-10-17,0.0,1.0
2010-10-18,2.0,1.0
2010-10-19,2.0,1.0
2010-10-20,3.0,1.0
2010-10-21,2.0,1.0
2010-10-22,3.0,1.0
2010-10-23,0.0,1.0
2010-10-24,3.0,1.0
2010-10-25,1.0,1.0
2010-10-26,2.0,1.0
2010-10-27,5.0,1.0
2010-10-28,2.0,1.0
2010-10-29,2.0,1.0
2010-10-30,1.0,1.0
2010-10-31,1.0,1.0
2010-11-01,3.0,1.0
2010-11-02,2.0,1.0
2010-11-03,2.0,1.0
2010-11-04,1.0,1.0
2010-11-05,3.0,1.0
2010-11-06,2.0,1.0
2010-11-07,3.0,1.0
2010-11-08,2.0,1.0
2010-11-09,2.0,1.0
2010-11-10,2.0,1.0
2010-11-11,3.0,1.0
2010-11-12,2.0,1.0
2010-11-13,3.0,1.0
2010-11-14,0.0,1.0
2010-11-15,1.0,1.0
2010-11-16,1.0,1.0
2010-11-17,0.0,1.0
2010-11-18,3.0,1.0
2010-11-19,3.0,1.0
2010-11-20,3.0,1.0
2010-11-21,2.0,1.0
2010-11-22,3.0,1.0
2010-11-23,1.0,1.0
2010-11-24,2.0,1.0
2010-11-25,3.0,1.0
2010-11-26,2.0,1.0
2010-11-27,2.0,1.0
2010-11-28,1.0,1.0
2010-11-29,1.0,1.0
2010-11-30,2.0,1.0
2010-12-01,1.0,1.0
2010-12-02,1.0,1.0
2010-12-03,1.0,1.0
2010-12-04,1.0,1.0
2010-12-05,0.0,1.0
2010-12-06,2.0,1.0
2010-12-07,2.0,1.0
2010-12-08,5.0,1.0
2010-12-09,3.0,1.0
2010-12-10,3.0,1.0
2010-12-11,1.0,1.0
2010-12-12,2.0,1.0
2010-12-13,2.0,1.0
2010-12-14,1.0,1.0
2010-12-15,1.0,1.0
2010-12-16,2.0,1.0
2010-12-17,2.0,1.0
2010-12-18,1.0,1.0
2010-12-19,2.0,1.0
2010-12-20,2.0,1.0
2010-12-21,2.0,1.0
2010-12-22,4.0,1.0
2010-12-23,1.0,1.0
2010-12-24,3.0,1.0
2010-12-25,2.0,1.0
2010-12-26,0.0,1.0
2010-12-27,3.0,1.0
2010-12-28,2.0,1.0
2010-12-29,1.0,1.0
2010-12-30,2.0,1.0
2010-12-31,3.0,1.0
2011-01-01,2.0,1.0
2011-01-02,0.0,1.0
2011-01-03,3.0,1.0
2011-01-04,3.0,1.0
2011-01-05,2.0,1.0
2011-01-06,1.0,
2011-01-07,4.0,
2011-01-08,0.0,
2011-01-09,3.0,
2011-01-10,1.0,
2011-01-11,1.0,
2011-01-12,0.0,
2011-01-13,3.0,
2011-01-14,5.0,
2011-01-15,1.0,
2011-01-16,1.0,
2011-01-17,3.0,
2011-01-18,1.0,
2011-01-19,2.0,
2011-01-20,2.0,
2011-01-21,3.0,
2011-01-22,1.0,
2011-01-23,1.0,
2011-01-24,2.0,
2011-01-25,3.0,
2011-01-26,3.0,
2011-01-27,3.0,
2011-01-28,0.0,
2011-01-29,3.0,
2011-01-30,1.0,
2011-01-31,1.0,
2011-02-01,4.0,
2011-02-02,3.0,
2011-02-03,2.0,
2011-02-04,2.0,
2011-02-05,4.0,
2011-02-06,2.0,
2011-02-07,2.0,
2011-02-08,2.0,
2011-02-09,1.0,
2011-02-10,2.0,
2011-02-11,1.0,
2011-02-12,4.0,
2011-02-13,1.0,
2011-02-14,2.0,
2011-02-15,4.0,
2011-02-16,4.0,
2011-02-17,2.0,
2011-02-18,2.0,
2011-02-19,0.0,
2011-02-20,0.0,
2011-02-21,2.0,
2011-02-22,3.0,
2011-02-23,3.0,
2011-02-24,1.0,
2011-02-25,2.0,
2011-02-26,1.0,
2011-02-27,0.0,
2011-02-28,1.0,
2011-03-01,2.0,
2011-03-02,2.0,
2011-03-03,2.0,
2011-03-04,4.0,
2011-03-05,1.0,
2011-03-06,1.0,
2011-03-07,2.0,
2011-03-08,1.0,
2011-03-09,1.0,
2011-03-10,4.0,
2011-03-11,2.0,
2011-03-12,1.0,
2011-03-13,3.0,
2011-03-14,1.0,
2011-03-15,2.0,1.0
2011-03-16,2.0,1.0
2011-03-17,2.0,1.0
2011-03-18,2.0,1.0
2011-03-19,0.0,1.0
2011-03-20,1.0,1.0
2011-03-21,3.0,1.0
2011-03-22,2.0,1.0
2011-03-23,4.0,1.0
2011-03-24,3.0,1.0
2011-03-25,2.0,1.0
2011-03-26,1.0,1.0
2011-03-27,1.0,1.0
2011-03-28,3.0,1.0
2011-03-29,1.0,1.0
2011-03-30,2.0,1.0
2011-03-31,1.0,1.0
2011-04-01,3.0,1.0
2011-04-02,1.0,1.0
2011-04-03,2.0,1.0
2011-04-04,2.0,1.0
2011-04-05,1.0,1.0
2011-04-06,2.0,1.0
2011-04-07,3.0,1.0
2011-04-08,2.0,1.0
2011-04-09,2.0,1.0
2011-04-10,2.0,1.0
2011-04-11,2.0,1.0
2011-04-12,2.0,1.0
2011-04-13,2.0,1.0
2011-04-14,2.0,1.0
2011-04-15,2.0,1.0
2011-04-16,3.0,1.0
2011-04-17,2.0,1.0
2011-04-18,1.0,1.0
2011-04-19,2.0,1.0
2011-04-20,4.0,1.0
2011-04-21,5.0,1.0
2011-04-22,3.0,1.0
2011-04-23,1.0,1.0
2011-04-24,1.0,1.0
2011-04-25,1.0,1.0
2011-04-26,1.0,1.0
2011-04-27,1.0,1.0
2011-04-28,1.0,1.0
2011-04-29,4.0,1.0
2011-04-30,1.0,1.0
2011-05-01,2.0,1.0
2011-05-02,5.0,1.0
2011-05-03,3.0,1.0
2011-05-04,3.0,1.0
2011-05-05,1.0,1.0
2011-05-06,2.0,1.0
2011-05-07,2.0,1.0
2011-05-08,3.0,1.0
2011-05-09,3.0,1.0
2011-05-10,3.0,1.0
2011-05-11,3.0,1.0
2011-05-12,3.0,1.0
2011-05-13,1.0,1.0
2011-05-14,2.0,1.0
2011-05-15,1.0,1.0
2011-05-16,2.0,1.0
2011-05-17,3.0,1.0
2011-05-18,1.0,1.0
2011-05-19,3.0,1.0
2011-05-20,3.0,1.0
2011-05-21,3.0,1.0
2011-05-22,3.0,1.0
2011-05-23,3.0,1.0
2011-05-24,3.0,1.0
2011-05-25,2.0,1.0
2011-05-26,2.0,1.0
2011-05-27,1.0,1.0
2011-05-28,2.0,1.0
2011-05-29,2.0,1.0
2011-05-30,1.0,1.0
2011-05-31,3.0,1.0
2011-06-01,2.0,1.0
2011-06-02,1.0,1.0
2011-06-03,4.0,1.0
2011-06-04,2.0,1.0
2011-06-05,1.0,1.0
2011-06-06,1.0,1.0
2011-06-07,2.0,1.0
2011-06-08,1.0,1.0
2011-06-09,2.0,1.0
2011-06-10,4.0,1.0
2011-06-11,2.0,1.0
2011-06-12,2.0,1.0
2011-06-13,0.0,1.0
2011-06-14,2.0,1.0
2011-06-15,3.0,1.0
2011-06-16,4.0,1.0
2011-06-17,2.0,1.0
2011-06-18,1.0,1.0
2011-06-19,0.0,1.0
2011-06-20,1.0,1.0
2011-06-21,3.0,1.0
2011-06-22,4.0,1.0
2011-06-23,2.0,1.0
2011-06-24,4.0,
2011-06-25,0.0,
2011-06-26,2.0,
2011-06-27,0.0,
2011-06-28,3.0,
2011-06-29,4.0,
2011-06-30,4.0,
2011-07-01,3.0,
2011-07-02,2.0,
2011-07-03,2.0,
2011-07-04,3.0,
2011-07-05,3.0,
2011-07-06,1.0,
2011-07-07,3.0,
2011-07-08,3.0,
2011-07-09,3.0,
2011-07-10,0.0,
2011-07-11,2.0,
2011-07-12,1.0,
2011-07-13,3.0,
2011-07-14,5.0,
2011-07-15,1.0,
2011-07-16,0.0,
2011-07-17,2.0,
2011-07-18,3.0,
2011-07-19,1.0,
2011-07-20,1.0,
2011-07-21,2.0,
2011-07-22,3.0,
2011-07-23,3.0,
2011-07-24,0.0,
2011-07-25,3.0,
2011-07-26,2.0,
2011-07-27,6.0,
2011-07-28,1.0,
2011-07-29,3.0,
2011-07-30,2.0,
2011-07-31,0.0,
2011-08-01,1.0,
2011-08-02,2.0,
2011-08-03,3.0,
2011-08-04,4.0,
2011-08-05,4.0,
2011-08-06,2.0,
2011-08-07,3.0,
2011-08-08,1.0,
2011-08-09,2.0,
2011-08-10,3.0,
2011-08-11,4.0,
2011-08-12,3.0,
2011-08-13,0.0,
2011-08-14,2.0,
2011-08-15,3.0,
2011-08-16,1.0,
2011-08-17,3.0,
2011-08-18,3.0,
2011-08-19,2.0,
2011-08-20,2.0,
2011-08-21,0.0,
2011-08-22,3.0,
2011-08-23,1.0,
2011-08-24,1.0,
2011-08-25,4.0,
2011-08-26,4.0,
2011-08-27,3.0,
2011-08-28,3.0,
2011-08-29,2.0,
2011-08-30,5.0,
2011-08-31,5.0,1.0
2011-09-01,1.0,1.0
2011-09-02,2.0,1.0
2011-09-03,1.0,1.0
2011-09-04,2.0,1.0
2011-09-05,3.0,1.0
2011-09-06,3.0,1.0
2011-09-07,4.0,1.0
2011-09-08,2.0,1.0
2011-09-09,1.0,1.0
2011-09-10,2.0,1.0
2011-09-11,1.0,1.0
2011-09-12,4.0,1.0
2011-09-13,2.0,1.0
2011-09-14,3.0,1.0
2011-09-15,4.0,1.0
2011-09-16,4.0,1.0
2011-09-17,1.0,1.0
2011-09-18,3.0,1.0
2011-09-19,4.0,1.0
2011-09-20,4.0,1.0
2011-09-21,2.0,1.0
2011-09-22,4.0,1.0
2011-09-23,5.0,1.0
2011-09-24,2.0,1.0
2011-09-25,2.0,1.0
2011-09-26,4.0,1.0
2011-09-27,1.0,1.0
2011-09-28,1.0,1.0
2011-09-29,3.0,1.0
2011-09-30,3.0,1.0
2011-10-01,3.0,1.0
2011-10-02,2.0,1.0
2011-10-03,2.0,1.0
2011-10-04,2.0,1.0
2011-10-05,4.0,1.0
2011-10-06,1.0,1.0
2011-10-07,1.0,1.0
2011-10-08,3.0,1.0
2011-10-09,0.0,1.0
2011-10-10,3.0,1.0
2011-10-11,3.0,1.0
2011-10-12,3.0,1.0
2011-10-13,3.0,1.0
2011-10-14,3.0,1.0
2011-10-15,3.0,1.0
2011-10-16,4.0,1.0
2011-10-17,6.0,1.0
2011-10-18,2.0,1.0
2011-10-19,5.0,1.0
2011-10-20,2.0,1.0
2011-10-21,6.0,1.0
2011-10-22,2.0,1.0
2011-10-23,2.0,1.0
2011-10-24,2.0,1.0
2011-10-25,2.0,1.0
2011-10-26,3.0,1.0
2011-10-27,2.0,1.0
2011-10-28,2.0,1.0
2011-10-29,2.0,1.0
2011-10-30,2.0,1.0
2011-10-31,2.0,1.0
2011-11-01,3.0,1.0
2011-11-02,3.0,1.0
2011-11-03,5.0,1.0
2011-11-04,3.0,1.0
2011-11-05,2.0,1.0
2011-11-06,1.0,1.0
2011-11-07,1.0,1.0
2011-11-08,2.0,1.0
2011-11-09,5.0,1.0
2011-11-10,2.0,1.0
2011-11-11,6.0,1.0
2011-11-12,1.0,1.0
2011-11-13,1.0,1.0
2011-11-14,3.0,1.0
2011-11-15,3.0,1.0
2011-11-16,5.0,1.0
2011-11-17,5.0,1.0
2011-11-18,3.0,1.0
2011-11-19,2.0,1.0
2011-11-20,2.0,1.0
2011-11-21,3.0,1.0
2011-11-22,3.0,1.0
2011-11-23,3.0,1.0
2011-11-24,2.0,1.0
2011-11-25,4.0,1.0
2011-11-26,2.0,1.0
2011-11-27,2.0,1.0
2011-11-28,3.0,1.0
2011-11-29,3.0,1.0
2011-11-30,3.0,1.0
2011-12-01,1.0,1.0
2011-12-02,3.0,1.0
2011-12-03,1.0,1.0
2011-12-04,2.0,1.0
2011-12-05,3.0,1.0
2011-12-06,4.0,1.0
2011-12-07,3.0,1.0
2011-12-08,2.0,1.0
2011-12-09,4.0,1.0
2011-12-10,3.0,
2011-12-11,3.0,
2011-12-12,4.0,
2011-12-13,6.0,
2011-12-14,3.0,
2011-12-15,2.0,
2011-12-16,0.0,
2011-12-17,4.0,
2011-12-18,2.0,
2011-12-19,1.0,
2011-12-20,2.0,
2011-12-21,3.0,
2011-12-22,2.0,
2011-12-23,5.0,
2011-12-24,2.0,
2011-12-25,2.0,
2011-12-26,3.0,
2011-12-27,5.0,
2011-12-28,3.0,
2011-12-29,3.0,
2011-12-30,2.0,
2011-12-31,0.0,
2012-01-01,4.0,
2012-01-02,3.0,
2012-01-03,3.0,
2012-01-04,3.0,
2012-01-05,3.0,
2012-01-06,4.0,
2012-01-07,3.0,
2012-01-08,5.0,
2012-01-09,3.0,
2012-01-10,3.0,
2012-01-11,3.0,
2012-01-12,3.0,
2012-01-13,4.0,
2012-01-14,3.0,
2012-01-15,2.0,
2012-01-16,3.0,
2012-01-17,4.0,
2012-01-18,1.0,
2012-01-19,3.0,
2012-01-20,4.0,
2012-01-21,2.0,
2012-01-22,2.0,
2012-01-23,5.0,
2012-01-24,3.0,
2012-01-25,4.0,
2012-01-26,2.0,
2012-01-27,4.0,
2012-01-28,3.0,
2012-01-29,3.0,
2012-01-30,2.0,
2012-01-31,3.0,
2012-02-01,3.0,
2012-02-02,3.0,
2012-02-03,1.0,
2012-02-04,2.0,
2012-02-05,3.0,
2012-02-06,4.0,
2012-02-07,3.0,
2012-02-08,1.0,
2012-02-09,1.0,
2012-02-10,3.0,
2012-02-11,2.0,
2012-02-12,0.0,
2012-02-13,6.0,
2012-02-14,4.0,
2012-02-15,3.0,
2012-02-16,1.0,1.0
2012-02-17,3.0,1.0
2012-02-18,1.0,1.0
2012-02-19,2.0,1.0
2012-02-20,3.0,1.0
2012-02-21,3.0,1.0
2012-02-22,3.0,1.0
2012-02-23,4.0,1.0
2012-02-24,2.0,1.0
2012-02-25,1.0,1.0
2012-02-26,1.0,1.0
2012-02-27,1.0,1.0
2012-02-28,3.0,1.0
2012-02-29,4.0,1.0
2012-03-01,1.0,1.0
2012-03-02,2.0,1.0
2012-03-03,2.0,1.0
2012-03-04,2.0,1.0
2012-03-05,2.0,1.0
2012-03-06,1.0,1.0
2012-03-07,2.0,1.0
2012-03-08,1.0,1.0
2012-03-09,1.0,1.0
2012-03-10,2.0,1.0
2012-03-11,2.0,1.0
2012-03-12,4.0,1.0
2012-03-13,2.0,1.0
2012-03-14,3.0,1.0
2012-03-15,3.0,1.0
2012-03-16,3.0,1.0
2012-03-17,3.0,1.0
2012-03-18,1.0,1.0
2012-03-19,1.0,1.0
2012-03-20,1.0,1.0
2012-03-21,2.0,1.0
2012-03-22,1.0,1.0
2012-03-23,4.0,1.0
2012-03-24,2.0,1.0
2012-03-25,2.0,1.0
2012-03-26,1.0,1.0
2012-03-27,3.0,1.0
2012-03-28,1.0,1.0
2012-03-29,3.0,1.0
2012-03-30,2.0,1.0
2012-03-31,1.0,1.0
2012-04-01,1.0,1.0
2012-04-02,1.0,1.0
2012-04-03,3.0,1.0
2012-04-04,2.0,1.0
2012-04-05,3.0,1.0
2012-04-06,4.0,1.0
2012-04-07,2.0,1.0
2012-04-08,2.0,1.0
2012-04-09,2.0,1.0
2012-04-10,5.0,1.0
2012-04-11,3.0,1.0
2012-04-12,1.0,1.0
2012-04-13,3.0,1.0
2012-04-14,1.0,1.0
2012-04-15,2.0,1.0
2012-04-16,2.0,1.0
2012-04-17,2.0,1.0
2012-04-18,1.0,1.0
2012-04-19,3.0,1.0
2012-04-20,2.0,1.0
2012-04-21,3.0,1.0
2012-04-22,0.0,1.0
2012-04-23,4.0,1.0
2012-04-24,3.0,1.0
2012-04-25,2.0,1.0
2012-04-26,2.0,1.0
2012-04-27,3.0,1.0
2012-04-28,3.0,1.0
2012-04-29,2.0,1.0
2012-04-30,3.0,1.0
2012-05-01,3.0,1.0
2012-05-02,3.0,1.0
2012-05-03,3.0,1.0
2012-05-04,2.0,1.0
2012-05-05,1.0,1.0
2012-05-06,2.0,1.0
2012-05-07,2.0,1.0
2012-05-08,2.0,1.0
2012-05-09,1.0,1.0
2012-05-10,3.0,1.0
2012-05-11,2.0,1.0
2012-05-12,2.0,1.0
2012-05-13,0.0,1.0
2012-05-14,4.0,1.0
2012-05-15,1.0,1.0
2012-05-16,3.0,1.0
2012-05-17,5.0,1.0
2012-05-18,4.0,1.0
2012-05-19,0.0,1.0
2012-05-20,2.0,1.0
2012-05-21,2.0,1.0
2012-05-22,2.0,1.0
2012-05-23,3.0,1.0
2012-05-24,2.0,1.0
2012-05-25,2.0,1.0
2012-05-26,2.0,1.0
2012-05-27,3.0,
2012-05-28,4.0,
2012-05-29,2.0,
2012-05-30,0.0,
2012-05-31,3.0,
2012-06-01,2.0,
2012-06-02,1.0,
2012-06-03,1.0,
2012-06-04,4.0,
2012-06-05,4.0,
2012-06-06,3.0,
2012-06-07,3.0,
2012-06-08,4.0,
2012-06-09,1.0,
2012-06-10,1.0,
2012-06-11,2.0,
2012-06-12,4.0,
2012-06-13,1.0,
2012-06-14,1.0,
2012-06-15,2.0,
2012-06-16,1.0,
2012-06-17,3.0,
2012-06-18,4.0,
2012-06-19,3.0,
2012-06-20,2.0,
2012-06-21,3.0,
2012-06-22,0.0,
2012-06-23,3.0,
2012-06-24,2.0,
2012-06-25,3.0,
2012-06-26,2.0,
2012-06-27,3.0,
2012-06-28,4.0,
2012-06-29,1.0,
2012-06-30,1.0,
2012-07-01,2.0,
2012-07-02,0.0,
2012-07-03,1.0,
2012-07-04,2.0,
2012-07-05,1.0,
2012-07-06,3.0,
2012-07-07,3.0,
2012-07-08,1.0,
2012-07-09,1.0,
2012-07-10,2.0,
2012-07-11,1.0,
2012-07-12,1.0,
2012-07-13,1.0,
2012-07-14,1.0,
2012-07-15,0.0,
2012-07-16,3.0,
2012-07-17,1.0,
2012-07-18,2.0,
2012-07-19,2.0,
2012-07-20,2.0,
2012-07-21,1.0,
2012-07-22,0.0,
2012-07-23,3.0,
2012-07-24,3.0,
2012-07-25,1.0,
2012-07-26,1.0,
2012-07-27,4.0,
2012-07-28,1.0,
2012-07-29,1.0,
2012-07-30,4.0,
2012-07-31,2.0,
2012-08-01,2.0,
2012-08-02,2.0,
2012-08-03,1.0,1.0
2012-08-04,2.0,1.0
2012-08-05,1.0,1.0
2012-08-06,2.0,1.0
2012-08-07,1.0,1.0
2012-08-08,2.0,1.0
2012-08-09,3.0,1.0
2012-08-10,4.0,1.0
2012-08-11,3.0,1.0
2012-08-12,0.0,1.0
2012-08-13,4.0,1.0
2012-08-14,3.0,1.0
2012-08-15,1.0,1.0
2012-08-16,3.0,1.0
2012-08-17,3.0,1.0
2012-08-18,1.0,1.0
2012-08-19,0.0,1.0
2012-08-20,3.0,1.0
2012-08-21,3.0,1.0
2012-08-22,1.0,1.0
2012-08-23,3.0,1.0
2012-08-24,3.0,1.0
2012-08-25,1.0,1.0
2012-08-26,1.0,1.0
2012-08-27,4.0,1.0
2012-08-28,3.0,1.0
2012-08-29,4.0,1.0
2012-08-30,2.0,1.0
2012-08-31,2.0,1.0
2012-09-01,2.0,1.0
2012-09-02,0.0,1.0
2012-09-03,2.0,1.0
2012-09-04,2.0,1.0
2012-09-05,2.0,1.0
2012-09-06,2.0,1.0
2012-09-07,2.0,1.0
2012-09-08,1.0,1.0
2012-09-09,1.0,1.0
2012-09-10,2.0,1.0
2012-09-11,4.0,1.0
2012-09-12,1.0,1.0
2012-09-13,1.0,1.0
2012-09-14,1.0,1.0
2012-09-15,0.0,1.0
2012-09-16,1.0,1.0
2012-09-17,2.0,1.0
2012-09-18,4.0,1.0
2012-09-19,1.0,1.0
2012-09-20,2.0,1.0
2012-09-21,2.0,1.0
2012-09-22,2.0,1.0
2012-09-23,1.0,1.0
2012-09-24,3.0,1.0
2012-09-25,3.0,1.0
2012-09-26,2.0,1.0
2012-09-27,2.0,1.0
2012-09-28,1.0,1.0
2012-09-29,2.0,1.0
2012-09-30,1.0,1.0
2012-10-01,0.0,1.0
2012-10-02,0.0,1.0
2012-10-03,2.0,1.0
2012-10-04,2.0,1.0
2012-10-05,3.0,1.0
2012-10-06,1.0,1.0
2012-10-07,0.0,1.0
2012-10-08,3.0,1.0
2012-10-09,1.0,1.0
2012-10-10,3.0,1.0
2012-10-11,1.0,1.0
2012-10-12,1.0,1.0
2012-10-13,1.0,1.0
2012-10-14,3.0,1.0
2012-10-15,2.0,1.0
2012-10-16,1.0,1.0
2012-10-17,3.0,1.0
2012-10-18,2.0,1.0
2012-10-19,1.0,1.0
2012-10-20,2.0,1.0
2012-10-21,1.0,1.0
2012-10-22,2.0,1.0
2012-10-23,1.0,1.0
2012-10-24,1.0,1.0
2012-10-25,2.0,1.0
2012-10-26,1.0,1.0
2012-10-27,1.0,1.0
2012-10-28,1.0,1.0
2012-10-29,3.0,1.0
2012-10-30,1.0,1.0
2012-10-31,2.0,1.0
2012-11-01,2.0,1.0
2012-11-02,2.0,1.0
2012-11-03,1.0,1.0
2012-11-04,0.0,1.0
2012-11-05,2.0,1.0
2012-11-06,2.0,1.0
2012-11-07,2.0,1.0
2012-11-08,4.0,1.0
2012-11-09,1.0,1.0
2012-11-10,2.0,1.0
2012-11-11,0.0,1.0
2012-11-12,1.0,
2012-11-13,2.0,
2012-11-14,3.0,
2012-11-15,2.0,
2012-11-16,1.0,
2012-11-17,0.0,
2012-11-18,1.0,
2012-11-19,1.0,
2012-11-20,2.0,
2012-11-21,0.0,
2012-11-22,1.0,
2012-11-23,3.0,
2012-11-24,2.0,
2012-11-25,2.0,
2012-11-26,2.0,
2012-11-27,1.0,
2012-11-28,1.0,
2012-11-29,2.0,
2012-11-30,2.0,
2012-12-01,0.0,
2012-12-02,2.0,
2012-12-03,0.0,
2012-12-04,1.0,
2012-12-05,1.0,
2012-12-06,2.0,
2012-12-07,4.0,
2012-12-08,1.0,
2012-12-09,1.0,
2012-12-10,3.0,
2012-12-11,3.0,
2012-12-12,2.0,
2012-12-13,3.0,
2012-12-14,0.0,
2012-12-15,0.0,
2012-12-16,0.0,
2012-12-17,0.0,
2012-12-18,4.0,
2012-12-19,1.0,
2012-12-20,3.0,
2012-12-21,0.0,
2012-12-22,1.0,
2012-12-23,0.0,
2012-12-24,1.0,
2012-12-25,1.0,
2012-12-26,1.0,
2012-12-27,2.0,
2012-12-28,1.0,
2012-12-29,1.0,
2012-12-30,0.0,
2012-12-31,0.0,
2013-01-01,0.0,
2013-01-02,3.0,
2013-01-03,2.0,
2013-01-04,4.0,
2013-01-05,0.0,
2013-01-06,0.0,
2013-01-07,1.0,
2013-01-08,0.0,
2013-01-09,3.0,
2013-01-10,0.0,
2013-01-11,5.0,
2013-01-12,2.0,
2013-01-13,1.0,
2013-01-14,2.0,
2013-01-15,2.0,
2013-01-16,1.0,
2013-01-17,3.0,
2013-01-18,4.0,
2013-01-19,3.0,1.0
2013-01-20,0.0,1.0
2013-01-21,3.0,1.0
2013-01-22,2.0,1.0
2013-01-23,3.0,1.0
2013-01-24,1.0,1.0
2013-01-25,2.0,1.0
2013-01-26,1.0,1.0
2013-01-27,2.0,1.0
2013-01-28,1.0,1.0
2013-01-29,3.0,1.0
2013-01-30,2.0,1.0
2013-01-31,1.0,1.0
2013-02-01,5.0,1.0
2013-02-02,1.0,1.0
2013-02-03,1.0,1.0
2013-02-04,1.0,1.0
2013-02-05,2.0,1.0
2013-02-06,2.0,1.0
2013-02-07,1.0,1.0
2013-02-08,4.0,1.0
2013-02-09,1.0,1.0
2013-02-10,3.0,1.0
2013-02-11,1.0,1.0
2013-02-12,2.0,1.0
2013-02-13,3.0,1.0
2013-02-14,3.0,1.0
2013-02-15,1.0,1.0
2013-02-16,1.0,1.0
2013-02-17,2.0,1.0
2013-02-18,3.0,1.0
2013-02-19,3.0,1.0
2013-02-20,3.0,1.0
2013-02-21,3.0,1.0
2013-02-22,3.0,1.0
2013-02-23,4.0,1.0
2013-02-24,1.0,1.0
2013-02-25,1.0,1.0
2013-02-26,1.0,1.0
2013-02-27,2.0,1.0
2013-02-28,2.0,1.0
2013-03-01,4.0,1.0
2013-03-02,2.0,1.0
2013-03-03,2.0,1.0
2013-03-04,2.0,1.0
2013-03-05,2.0,1.0
2013-03-06,4.0,1.0
2013-03-07,2.0,1.0
2013-03-08,3.0,1.0
2013-03-09,2.0,1.0
2013-03-10,0.0,1.0
2013-03-11,1.0,1.0
2013-03-12,5.0,1.0
2013-03-13,3.0,1.0
2013-03-14,1.0,1.0
2013-03-15,2.0,1.0
2013-03-16,1.0,1.0
2013-03-17,1.0,1.0
2013-03-18,3.0,1.0
2013-03-19,1.0,1.0
2013-03-20,2.0,1.0
2013-03-21,2.0,1.0
2013-03-22,3.0,1.0
2013-03-23,2.0,1.0
2013-03-24,1.0,1.0
2013-03-25,2.0,1.0
2013-03-26,3.0,1.0
2013-03-27,0.0,1.0
2013-03-28,2.0,1.0
2013-03-29,2.0,1.0
2013-03-30,2.0,1.0
2013-03-31,2.0,1.0
2013-04-01,1.0,1.0
2013-04-02,2.0,1.0
2013-04-03,2.0,1.0
2013-04-04,3.0,1.0
2013-04-05,3.0,1.0
2013-04-06,1.0,1.0
2013-04-07,3.0,1.0
2013-04-08,3.0,1.0
2013-04-09,4.0,1.0
2013-04-10,1.0,1.0
2013-04-11,3.0,1.0
2013-04-12,2.0,1.0
2013-04-13,2.0,1.0
2013-04-14,1.0,1.0
2013-04-15,1.0,1.0
2013-04-16,2.0,1.0
2013-04-17,1.0,1.0
2013-04-18,4.0,1.0
2013-04-19,3.0,1.0
2013-04-20,3.0,1.0
2013-04-21,2.0,1.0
2013-04-22,4.0,1.0
2013-04-23,2.0,1.0
2013-04-24,3.0,1.0
2013-04-25,1.0,1.0
2013-04-26,2.0,1.0
2013-04-27,1.0,1.0
2013-04-28,1.0,1.0
2013-04-29,2.0,1.0
2013-04-30,2.0,
2013-05-01,6.0,
2013-05-02,1.0,
2013-05-03,4.0,
2013-05-04,3.0,
2013-05-05,2.0,
2013-05-06,3.0,
2013-05-07,0.0,
2013-05-08,3.0,
2013-05-09,4.0,
2013-05-10,6.0,
2013-05-11,2.0,
2013-05-12,2.0,
2013-05-13,6.0,
2013-05-14,6.0,
2013-05-15,3.0,
2013-05-16,4.0,
2013-05-17,3.0,
2013-05-18,2.0,
2013-05-19,3.0,
2013-05-20,1.0,
2013-05-21,3.0,
2013-05-22,2.0,
2013-05-23,5.0,
2013-05-24,2.0,
2013-05-25,3.0,
2013-05-26,2.0,
2013-05-27,3.0,
2013-05-28,3.0,
2013-05-29,4.0,
2013-05-30,2.0,
2013-05-31,6.0,
2013-06-01,3.0,
2013-06-02,3.0,
2013-06-03,3.0,
2013-06-04,3.0,
2013-06-05,4.0,
2013-06-06,1.0,
2013-06-07,6.0,
2013-06-08,2.0,
2013-06-09,0.0,
2013-06-10,3.0,
2013-06-11,3.0,
2013-06-12,3.0,
2013-06-13,1.0,
2013-06-14,3.0,
2013-06-15,2.0,
2013-06-16,3.0,
2013-06-17,5.0,
2013-06-18,3.0,
2013-06-19,4.0,
2013-06-20,3.0,
2013-06-21,1.0,
2013-06-22,2.0,
2013-06-23,0.0,
2013-06-24,3.0,
2013-06-25,6.0,
2013-06-26,3.0,
2013-06-27,1.0,
2013-06-28,3.0,
2013-06-29,2.0,
2013-06-30,3.0,
2013-07-01,3.0,
2013-07-02,2.0,
2013-07-03,4.0,
2013-07-04,4.0,
2013-07-05,3.0,
2013-07-06,5.0,
2013-07-07,3.0,1.0
2013-07-08,3.0,1.0
2013-07-09,5.0,1.0
2013-07-10,3.0,1.0
2013-07-11,3.0,1.0
2013-07-12,5.0,1.0
2013-07-13,2.0,1.0
2013-07-14,1.0,1.0
2013-07-15,1.0,1.0
2013-07-16,4.0,1.0
2013-07-17,3.0,1.0
2013-07-18,1.0,1.0
2013-07-19,1.0,1.0
2013-07-20,2.0,1.0
2013-07-21,3.0,1.0
2013-07-22,1.0,1.0
2013-07-23,4.0,1.0
2013-07-24,3.0,1.0
2013-07-25,1.0,1.0
2013-07-26,2.0,1.0
2013-07-27,5.0,1.0
2013-07-28,4.0,1.0
2013-07-29,4.0,1.0
2013-07-30,3.0,1.0
2013-07-31,2.0,1.0
2013-08-01,6.0,1.0
2013-08-02,6.0,1.0
2013-08-03,2.0,1.0
2013-08-04,1.0,1.0
2013-08-05,4.0,1.0
2013-08-06,2.0,1.0
2013-08-07,5.0,1.0
2013-08-08,2.0,1.0
2013-08-09,3.0,1.0
2013-08-10,1.0,1.0
2013-08-11,2.0,1.0
2013-08-12,5.0,1.0
2013-08-13,2.0,1.0
2013-08-14,4.0,1.0
2013-08-15,0.0,1.0
2013-08-16,5.0,1.0
2013-08-17,3.0,1.0
2013-08-18,1.0,1.0
2013-08-19,3.0,1.0
2013-08-20,2.0,1.0
2013-08-21,2.0,1.0
2013-08-22,5.0,1.0
2013-08-23,3.0,1.0
2013-08-24,4.0,1.0
2013-08-25,2.0,1.0
2013-08-26,3.0,1.0
2013-08-27,1.0,1.0
2013-08-28,2.0,1.0
2013-08-29,4.0,1.0
2013-08-30,4.0,1.0
2013-08-31,1.0,1.0
2013-09-01,1.0,1.0
2013-09-02,4.0,1.0
2013-09-03,2.0,1.0
2013-09-04,5.0,1.0
2013-09-05,1.0,1.0
2013-09-06,1.0,1.0
2013-09-07,2.0,1.0
2013-09-08,2.0,1.0
2013-09-09,2.0,1.0
2013-09-10,4.0,1.0
2013-09-11,4.0,1.0
2013-09-12,3.0,1.0
2013-09-13,4.0,1.0
2013-09-14,4.0,1.0
2013-09-15,2.0,1.0
2013-09-16,3.0,1.0
2013-09-17,1.0,1.0
2013-09-18,1.0,1.0
2013-09-19,5.0,1.0
2013-09-20,2.0,1.0
2013-09-21,2.0,1.0
2013-09-22,3.0,1.0
2013-09-23,2.0,1.0
2013-09-24,4.0,1.0
2013-09-25,5.0,1.0
2013-09-26,3.0,1.0
2013-09-27,3.0,1.0
2013-09-28,2.0,1.0
2013-09-29,2.0,1.0
2013-09-30,3.0,1.0
2013-10-01,4.0,1.0
2013-10-02,2.0,1.0
2013-10-03,3.0,1.0
2013-10-04,3.0,1.0
2013-10-05,2.0,1.0
2013-10-06,2.0,1.0
2013-10-07,5.0,1.0
2013-10-08,1.0,1.0
2013-10-09,4.0,1.0
2013-10-10,3.0,1.0
2013-10-11,2.0,1.0
2013-10-12,0.0,1.0
2013-10-13,2.0,1.0
2013-10-14,2.0,1.0
2013-10-15,3.0,1.0
2013-10-16,3.0,
2013-10-17,1.0,
2013-10-18,0.0,
2013-10-19,0.0,
2013-10-20,0.0,
2013-10-21,4.0,
2013-10-22,3.0,
2013-10-23,4.0,
2013-10-24,1.0,
2013-10-25,1.0,
2013-10-26,0.0,
2013-10-27,2.0,
2013-10-28,3.0,
2013-10-29,10.0,
2013-10-30,1.0,
2013-10-31,1.0,
2013-11-01,5.0,
2013-11-02,2.0,
2013-11-03,3.0,
2013-11-04,1.0,
2013-11-05,3.0,
2013-11-06,4.0,
2013-11-07,0.0,
2013-11-08,6.0,
2013-11-09,2.0,
2013-11-10,2.0,
2013-11-11,3.0,
2013-11-12,4.0,
2013-11-13,7.0,
2013-11-14,3.0,
2013-11-15,1.0,
2013-11-16,0.0,
2013-11-17,0.0,
2013-11-18,5.0,
2013-11-19,7.0,
2013-11-20,0.0,
2013-11-21,0.0,
2013-11-22,4.0,
2013-11-23,2.0,
2013-11-24,2.0,
2013-11-25,3.0,
2013-11-26,3.0,
2013-11-27,3.0,
2013-11-28,1.0,
2013-11-29,1.0,
2013-11-30,2.0,
2013-12-01,0.0,
2013-12-02,3.0,
2013-12-03,5.0,
2013-12-04,7.0,
2013-12-05,3.0,
2013-12-06,0.0,
2013-12-07,2.0,
2013-12-08,3.0,
2013-12-09,5.0,
2013-12-10,1.0,
2013-12-11,3.0,
2013-12-12,8.0,
2013-12-13,1.0,
2013-12-14,2.0,
2013-12-15,2.0,
2013-12-16,5.0,
2013-12-17,3.0,
2013-12-18,0.0,
2013-12-19,3.0,
2013-12-20,3.0,
2013-12-21,2.0,
2013-12-22,2.0,
2013-12-23,3.0,1.0
2013-12-24,4.0,1.0
2013-12-25,4.0,1.0
2013-12-26,2.0,1.0
2013-12-27,2.0,1.0
2013-12-28,2.0,1.0
2013-12-29,1.0,1.0
2013-12-30,2.0,1.0
2013-12-31,3.0,1.0
2014-01-01,3.0,1.0
2014-01-02,2.0,1.0
2014-01-03,0.0,1.0
2014-01-04,2.0,1.0
2014-01-05,0.0,1.0
2014-01-06,1.0,1.0
2014-01-07,4.0,1.0
2014-01-08,2.0,1.0
2014-01-09,3.0,1.0
2014-01-10,4.0,1.0
2014-01-11,4.0,1.0
2014-01-12,2.0,1.0
2014-01-13,5.0,1.0
2014-01-14,4.0,1.0
2014-01-15,3.0,1.0
2014-01-16,3.0,1.0
2014-01-17,3.0,1.0
2014-01-18,2.0,1.0
2014-01-19,2.0,1.0
2014-01-20,2.0,1.0
2014-01-21,4.0,1.0
2014-01-22,5.0,1.0
2014-01-23,1.0,1.0
2014-01-24,3.0,1.0
2014-01-25,0.0,1.0
2014-01-26,1.0,1.0
2014-01-27,4.0,1.0
2014-01-28,3.0,1.0
2014-01-29,2.0,1.0
2014-01-30,3.0,1.0
2014-01-31,3.0,1.0
2014-02-01,1.0,1.0
2014-02-02,1.0,1.0
2014-02-03,1.0,1.0
2014-02-04,6.0,1.0
2014-02-05,6.0,1.0
2014-02-06,1.0,1.0
2014-02-07,4.0,1.0
2014-02-08,2.0,1.0
2014-02-09,3.0,1.0
2014-02-10,1.0,1.0
2014-02-11,4.0,1.0
2014-02-12,4.0,1.0
2014-02-13,3.0,1.0
2014-02-14,4.0,1.0
2014-02-15,2.0,1.0
2014-02-16,0.0,1.0
2014-02-17,3.0,1.0
2014-02-18,5.0,1.0
2014-02-19,4.0,1.0
2014-02-20,3.0,1.0
2014-02-21,4.0,1.0
2014-02-22,4.0,1.0
2014-02-23,1.0,1.0
2014-02-24,6.0,1.0
2014-02-25,7.0,1.0
2014-02-26,3.0,1.0
2014-02-27,2.0,1.0
2014-02-28,3.0,1.0
2014-03-01,2.0,1.0
2014-03-02,1.0,1.0
2014-03-03,3.0,1.0
2014-03-04,3.0,1.0
2014-03-05,1.0,1.0
2014-03-06,3.0,1.0
2014-03-07,3.0,1.0
2014-03-08,2.0,1.0
2014-03-09,0.0,1.0
2014-03-10,5.0,1.0
2014-03-11,4.0,1.0
2014-03-12,6.0,1.0
2014-03-13,3.0,1.0
2014-03-14,3.0,1.0
2014-03-15,3.0,1.0
2014-03-16,2.0,1.0
2014-03-17,1.0,1.0
2014-03-18,4.0,1.0
2014-03-19,6.0,1.0
2014-03-20,5.0,1.0
2014-03-21,5.0,1.0
2014-03-22,1.0,1.0
2014-03-23,1.0,1.0
2014-03-24,5.0,1.0
2014-03-25,1.0,1.0
2014-03-26,3.0,1.0
2014-03-27,5.0,1.0
2014-03-28,1.0,1.0
2014-03-29,4.0,1.0
2014-03-30,0.0,1.0
2014-03-31,2.0,1.0
2014-04-01,3.0,1.0
2014-04-02,7.0,1.0
2014-04-03,3.0,
2014-04-04,3.0,
2014-04-05,4.0,
2014-04-06,4.0,
2014-04-07,4.0,
2014-04-08,3.0,
2014-04-09,4.0,
2014-04-10,1.0,
2014-04-11,1.0,
2014-04-12,3.0,
2014-04-13,1.0,
2014-04-14,1.0,
2014-04-15,4.0,
2014-04-16,7.0,
2014-04-17,7.0,
2014-04-18,0.0,
2014-04-19,2.0,
2014-04-20,2.0,
2014-04-21,7.0,
2014-04-22,5.0,
2014-04-23,4.0,
2014-04-24,5.0,
2014-04-25,5.0,
2014-04-26,3.0,
2014-04-27,3.0,
2014-04-28,5.0,
2014-04-29,3.0,
2014-04-30,5.0,
2014-05-01,0.0,
2014-05-02,1.0,
2014-05-03,6.0,
2014-05-04,3.0,
2014-05-05,3.0,
2014-05-06,1.0,
2014-05-07,5.0,
2014-05-08,1.0,
2014-05-09,1.0,
2014-05-10,0.0,
2014-05-11,3.0,
2014-05-12,4.0,
2014-05-13,6.0,
2014-05-14,3.0,
2014-05-15,1.0,
2014-05-16,3.0,
2014-05-17,0.0,
2014-05-18,0.0,
2014-05-19,6.0,
2014-05-20,3.0,
2014-05-21,4.0,
2014-05-22,1.0,
2014-05-23,4.0,
2014-05-24,5.0,
2014-05-25,2.0,
2014-05-26,4.0,
2014-05-27,6.0,
2014-05-28,3.0,
2014-05-29,6.0,
2014-05-30,7.0,
2014-05-31,0.0,
2014-06-01,3.0,
2014-06-02,3.0,
2014-06-03,4.0,
2014-06-04,0.0,
2014-06-05,1.0,
2014-06-06,4.0,
2014-06-07,0.0,
2014-06-08,4.0,
2014-06-09,6.0,
2014-06-10,6.0,1.0
2014-06-11,2.0,1.0
2014-06-12,2.0,1.0
2014-06-13,3.0,1.0
2014-06-14,1.0,1.0
2014-06-15,3.0,1.0
2014-06-16,6.0,1.0
2014-06-17,3.0,1.0
2014-06-18,6.0,1.0
2014-06-19,4.0,1.0
2014-06-20,5.0,1.0
2014-06-21,1.0,1.0
2014-06-22,2.0,1.0
2014-06-23,5.0,1.0
2014-06-24,4.0,1.0
2014-06-25,4.0,1.0
2014-06-26,3.0,1.0
2014-06-27,6.0,1.0
2014-06-28,1.0,1.0
2014-06-29,3.0,1.0
2014-06-30,2.0,1.0
2014-07-01,3.0,1.0
2014-07-02,3.0,1.0
2014-07-03,3.0,1.0
2014-07-04,2.0,1.0
2014-07-05,3.0,1.0
2014-07-06,2.0,1.0
2014-07-07,2.0,1.0
2014-07-08,2.0,1.0
2014-07-09,1.0,1.0
2014-07-10,2.0,1.0
2014-07-11,6.0,1.0
2014-07-12,3.0,1.0
2014-07-13,3.0,1.0
2014-07-14,12.0,1.0
2014-07-15,6.0,1.0
2014-07-16,5.0,1.0
2014-07-17,1.0,1.0
2014-07-18,2.0,1.0
2014-07-19,3.0,1.0
2014-07-20,5.0,1.0
2014-07-21,4.0,1.0
2014-07-22,2.0,1.0
2014-07-23,5.0,1.0
2014-07-24,5.0,1.0
2014-07-25,5.0,1.0
2014-07-26,0.0,1.0
2014-07-27,1.0,1.0
2014-07-28,7.0,1.0
2014-07-29,6.0,1.0
2014-07-30,5.0,1.0
2014-07-31,3.0,1.0
2014-08-01,5.0,1.0
2014-08-02,3.0,1.0
2014-08-03,2.0,1.0
2014-08-04,2.0,1.0
2014-08-05,5.0,1.0
2014-08-06,7.0,1.0
2014-08-07,4.0,1.0
2014-08-08,4.0,1.0
2014-08-09,3.0,1.0
2014-08-10,2.0,1.0
2014-08-11,4.0,1.0
2014-08-12,5.0,1.0
2014-08-13,6.0,1.0
2014-08-14,1.0,1.0
2014-08-15,1.0,1.0
2014-08-16,3.0,1.0
2014-08-17,0.0,1.0
2014-08-18,4.0,1.0
2014-08-19,3.0,1.0
2014-08-20,6.0,1.0
2014-08-21,4.0,1.0
2014-08-22,6.0,1.0
2014-08-23,2.0,1.0
2014-08-24,4.0,1.0
2014-08-25,5.0,1.0
2014-08-26,6.0,1.0
2014-08-27,5.0,1.0
2014-08-28,3.0,1.0
2014-08-29,3.0,1.0
2014-08-30,6.0,1.0
2014-08-31,3.0,1.0
2014-09-01,5.0,1.0
2014-09-02,2.0,1.0
2014-09-03,4.0,1.0
2014-09-04,5.0,1.0
2014-09-05,2.0,1.0
2014-09-06,0.0,1.0
2014-09-07,2.0,1.0
2014-09-08,3.0,1.0
2014-09-09,4.0,1.0
2014-09-10,2.0,1.0
2014-09-11,3.0,1.0
2014-09-12,2.0,1.0
2014-09-13,4.0,1.0
2014-09-14,1.0,1.0
2014-09-15,6.0,1.0
2014-09-16,4.0,1.0
2014-09-17,6.0,1.0
2014-09-18,4.0,1.0
2014-09-19,6.0,
2014-09-20,3.0,
2014-09-21,2.0,
2014-09-22,0.0,
2014-09-23,6.0,
2014-09-24,3.0,
2014-09-25,7.0,
2014-09-26,8.0,
2014-09-27,3.0,
2014-09-28,2.0,
2014-09-29,5.0,
2014-09-30,5.0,
2014-10-01,3.0,
2014-10-02,6.0,
2014-10-03,5.0,
2014-10-04,7.0,
2014-10-05,4.0,
2014-10-06,4.0,
2014-10-07,6.0,
2014-10-08,5.0,
2014-10-09,2.0,
2014-10-10,4.0,
2014-10-11,4.0,
2014-10-12,4.0,
2014-10-13,5.0,
2014-10-14,4.0,
2014-10-15,3.0,
2014-10-16,4.0,
2014-10-17,2.0,
2014-10-18,3.0,
2014-10-19,3.0,
2014-10-20,5.0,
2014-10-21,4.0,
2014-10-22,3.0,
2014-10-23,4.0,
2014-10-24,3.0,
2014-10-25,2.0,
2014-10-26,5.0,
2014-10-27,4.0,
2014-10-28,7.0,
2014-10-29,4.0,
2014-10-30,5.0,
2014-10-31,2.0,
2014-11-01,2.0,
2014-11-02,2.0,
2014-11-03,4.0,
2014-11-04,3.0,
2014-11-05,9.0,
2014-11-06,4.0,
2014-11-07,7.0,
2014-11-08,2.0,
2014-11-09,2.0,
2014-11-10,4.0,
2014-11-11,4.0,
2014-11-12,1.0,
2014-11-13,3.0,
2014-11-14,6.0,
2014-11-15,4.0,
2014-11-16,2.0,
2014-11-17,10.0,
2014-11-18,6.0,
2014-11-19,10.0,
2014-11-20,15.0,
2014-11-21,7.0,
2014-11-22,5.0,
2014-11-23,0.0,
2014-11-24,7.0,
2014-11-25,11.0,
2014-11-26,7.0,1.0
2014-11-27,6.0,1.0
2014-11-28,9.0,1.0
2014-11-29,3.0,1.0
2014-11-30,2.0,1.0
2014-12-01,7.0,1.0
2014-12-02,11.0,1.0
2014-12-03,5.0,1.0
2014-12-04,7.0,1.0
2014-12-05,7.0,1.0
2014-12-06,4.0,1.0
2014-12-07,2.0,1.0
2014-12-08,8.0,1.0
2014-12-09,6.0,1.0
2014-12-10,7.0,1.0
2014-12-11,9.0,1.0
2014-12-12,7.0,1.0
2014-12-13,2.0,1.0
2014-12-14,1.0,1.0
2014-12-15,8.0,1.0
2014-12-16,8.0,1.0
2014-12-17,9.0,1.0
2014-12-18,9.0,1.0
2014-12-19,9.0,1.0
2014-12-20,4.0,1.0
2014-12-21,3.0,1.0
2014-12-22,8.0,1.0
2014-12-23,7.0,1.0
2014-12-24,5.0,1.0
2014-12-25,5.0,1.0
2014-12-26,7.0,1.0
2014-12-27,2.0,1.0
2014-12-28,4.0,1.0
2014-12-29,9.0,1.0
2014-12-30,3.0,1.0
2014-12-31,6.0,1.0
2015-01-01,5.0,1.0
2015-01-02,7.0,1.0
2015-01-03,4.0,1.0
2015-01-04,4.0,1.0
2015-01-05,6.0,1.0
2015-01-06,9.0,1.0
2015-01-07,8.0,1.0
2015-01-08,7.0,1.0
2015-01-09,7.0,1.0
2015-01-10,3.0,1.0
2015-01-11,5.0,1.0
2015-01-12,6.0,1.0
2015-01-13,7.0,1.0
2015-01-14,5.0,1.0
2015-01-15,7.0,1.0
2015-01-16,6.0,1.0
2015-01-17,4.0,1.0
2015-01-18,1.0,1.0
2015-01-19,8.0,1.0
2015-01-20,6.0,1.0
2015-01-21,7.0,1.0
2015-01-22,8.0,1.0
2015-01-23,8.0,1.0
2015-01-24,5.0,1.0
2015-01-25,0.0,1.0
2015-01-26,2.0,1.0
2015-01-27,9.0,1.0
2015-01-28,4.0,1.0
2015-01-29,5.0,1.0
2015-01-30,11.0,1.0
2015-01-31,3.0,1.0
2015-02-01,3.0,1.0
2015-02-02,5.0,1.0
2015-02-03,4.0,1.0
2015-02-04,9.0,1.0
2015-02-05,11.0,1.0
2015-02-06,6.0,1.0
2015-02-07,2.0,1.0
2015-02-08,3.0,1.0
2015-02-09,12.0,1.0
2015-02-10,7.0,1.0
2015-02-11,12.0,1.0
2015-02-12,8.0,1.0
2015-02-13,12.0,1.0
2015-02-14,2.0,1.0
2015-02-15,4.0,1.0
2015-02-16,13.0,1.0
2015-02-17,5.0,1.0
2015-02-18,9.0,1.0
2015-02-19,7.0,1.0
2015-02-20,7.0,1.0
2015-02-21,2.0,1.0
2015-02-22,2.0,1.0
2015-02-23,6.0,1.0
2015-02-24,7.0,1.0
2015-02-25,10.0,1.0
2015-02-26,9.0,1.0
2015-02-27,7.0,1.0
2015-02-28,6.0,1.0
2015-03-01,2.0,1.0
2015-03-02,6.0,1.0
2015-03-03,7.0,1.0
2015-03-04,11.0,1.0
2015-03-05,8.0,1.0
2015-03-06,2.0,1.0
2015-03-07,2.0,
2015-03-08,0.0,
2015-03-09,7.0,
2015-03-10,7.0,
2015-03-11,6.0,
2015-03-12,5.0,
2015-03-13,3.0,
2015-03-14,3.0,
2015-03-15,1.0,
2015-03-16,7.0,
2015-03-17,8.0,
2015-03-18,8.0,
2015-03-19,6.0,
2015-03-20,4.0,
2015-03-21,1.0,
2015-03-22,3.0,
2015-03-23,4.0,
2015-03-24,7.0,
2015-03-25,6.0,
2015-03-26,9.0,
2015-03-27,8.0,
2015-03-28,3.0,
2015-03-29,4.0,
2015-03-30,8.0,
2015-03-31,4.0,
2015-04-01,7.0,
2015-04-02,5.0,
2015-04-03,5.0,
2015-04-04,4.0,
2015-04-05,3.0,
2015-04-06,8.0,
2015-04-07,5.0,
2015-04-08,9.0,
2015-04-09,7.0,
2015-04-10,10.0,
2015-04-11,3.0,
2015-04-12,2.0,
2015-04-13,7.0,
2015-04-14,5.0,
2015-04-15,11.0,
2015-04-16,12.0,
2015-04-17,7.0,
2015-04-18,7.0,
2015-04-19,3.0,
2015-04-20,6.0,
2015-04-21,10.0,
2015-04-22,5.0,
2015-04-23,8.0,
2015-04-24,7.0,
2015-04-25,3.0,
2015-04-26,3.0,
2015-04-27,8.0,
2015-04-28,7.0,
2015-04-29,6.0,
2015-04-30,10.0,
2015-05-01,5.0,
2015-05-02,3.0,
2015-05-03,3.0,
2015-05-04,5.0,
2015-05-05,9.0,
2015-05-06,5.0,
2015-05-07,7.0,
2015-05-08,12.0,
2015-05-09,1.0,
2015-05-10,3.0,
2015-05-11,11.0,
2015-05-12,6.0,
2015-05-13,5.0,
2015-05-14,9.0,1.0
2015-05-15,4.0,1.0
2015-05-16,4.0,1.0
2015-05-17,2.0,1.0
2015-05-18,8.0,1.0
2015-05-19,7.0,1.0
2015-05-20,9.0,1.0
2015-05-21,8.0,1.0
2015-05-22,18.0,1.0
2015-05-23,4.0,1.0
2015-05-24,4.0,1.0
2015-05-25,9.0,1.0
2015-05-26,11.0,1.0
2015-05-27,5.0,1.0
2015-05-28,7.0,1.0
2015-05-29,10.0,1.0
2015-05-30,5.0,1.0
2015-05-31,1.0,1.0
2015-06-01,9.0,1.0
2015-06-02,11.0,1.0
2015-06-03,10.0,1.0
2015-06-04,11.0,1.0
2015-06-05,12.0,1.0
2015-06-06,4.0,1.0
2015-06-07,3.0,1.0
2015-06-08,10.0,1.0
2015-06-09,12.0,1.0
2015-06-10,8.0,1.0
2015-06-11,14.0,1.0
2015-06-12,8.0,1.0
2015-06-13,5.0,1.0
2015-06-14,1.0,1.0
2015-06-15,10.0,1.0
2015-06-16,8.0,1.0
2015-06-17,6.0,1.0
2015-06-18,12.0,1.0
2015-06-19,5.0,1.0
2015-06-20,4.0,1.0
2015-06-21,1.0,1.0
2015-06-22,10.0,1.0
2015-06-23,7.0,1.0
2015-06-24,12.0,1.0
2015-06-25,8.0,1.0
2015-06-26,9.0,1.0
2015-06-27,2.0,1.0
2015-06-28,3.0,1.0
2015-06-29,13.0,1.0
2015-06-30,7.0,1.0
2015-07-01,9.0,1.0
2015-07-02,9.0,1.0
2015-07-03,12.0,1.0
2015-07-04,3.0,1.0
2015-07-05,2.0,1.0
2015-07-06,8.0,1.0
2015-07-07,9.0,1.0
2015-07-08,7.0,1.0
2015-07-09,9.0,1.0
2015-07-10,7.0,1.0
2015-07-11,4.0,1.0
2015-07-12,2.0,1.0
2015-07-13,9.0,1.0
2015-07-14,8.0,1.0
2015-07-15,7.0,1.0
2015-07-16,5.0,1.0
2015-07-17,9.0,1.0
2015-07-18,5.0,1.0
2015-07-19,1.0,1.0
2015-07-20,8.0,1.0
2015-07-21,5.0,1.0
2015-07-22,10.0,1.0
2015-07-23,6.0,1.0
2015-07-24,8.0,1.0
2015-07-25,4.0,1.0
2015-07-26,3.0,1.0
2015-07-27,5.0,1.0
2015-07-28,8.0,1.0
2015-07-29,10.0,1.0
2015-07-30,8.0,1.0
2015-07-31,9.0,1.0
2015-08-01,6.0,1.0
2015-08-02,2.0,1.0
2015-08-03,7.0,1.0
2015-08-04,16.0,1.0
2015-08-05,10.0,1.0
2015-08-06,11.0,1.0
2015-08-07,11.0,1.0
2015-08-08,3.0,1.0
2015-08-09,4.0,1.0
2015-08-10,10.0,1.0
2015-08-11,13.0,1.0
2015-08-12,14.0,1.0
2015-08-13,14.0,1.0
2015-08-14,10.0,1.0
2015-08-15,2.0,1.0
2015-08-16,2.0,1.0
2015-08-17,17.0,1.0
2015-08-18,12.0,1.0
2015-08-19,12.0,1.0
2015-08-20,10.0,1.0
2015-08-21,13.0,1.0
2015-08-22,7.0,1.0
2015-08-23,2.0,
2015-08-24,12.0,
2015-08-25,14.0,
2015-08-26,9.0,
2015-08-27,8.0,
2015-08-28,15.0,
2015-08-29,5.0,
2015-08-30,5.0,
2015-08-31,14.0,
2015-09-01,11.0,
2015-09-02,17.0,
2015-09-03,17.0,
2015-09-04,16.0,
2015-09-05,3.0,
2015-09-06,4.0,
2015-09-07,12.0,
2015-09-08,18.0,
2015-09-09,13.0,
2015-09-10,18.0,
2015-09-11,14.0,
2015-09-12,4.0,
2015-09-13,2.0,
2015-09-14,8.0,
2015-09-15,13.0,
2015-09-16,11.0,
2015-09-17,5.0,
2015-09-18,18.0,
2015-09-19,6.0,
2015-09-20,3.0,
2015-09-21,12.0,
2015-09-22,10.0,
2015-09-23,9.0,
2015-09-24,9.0,
2015-09-25,5.0,
2015-09-26,2.0,
2015-09-27,6.0,
2015-09-28,9.0,
2015-09-29,11.0,
2015-09-30,13.0,
2015-10-01,13.0,
2015-10-02,5.0,
2015-10-03,0.0,
2015-10-04,5.0,
2015-10-05,8.0,
2015-10-06,11.0,
2015-10-07,10.0,
2015-10-08,9.0,
2015-10-09,14.0,
2015-10-10,7.0,
2015-10-11,3.0,
2015-10-12,9.0,
2015-10-13,7.0,
2015-10-14,13.0,
2015-10-15,13.0,
2015-10-16,7.0,
2015-10-17,3.0,
2015-10-18,3.0,
2015-10-19,12.0,
2015-10-20,7.0,
2015-10-21,13.0,
2015-10-22,3.0,
2015-10-23,5.0,
2015-10-24,0.0,
2015-10-25,3.0,
2015-10-26,8.0,
2015-10-27,5.0,
2015-10-28,7.0,
2015-10-29,13.0,
2015-10-30,11.0,1.0
2015-10-31,5.0,1.0
2015-11-01,3.0,1.0
2015-11-02,9.0,1.0
2015-11-03,9.0,1.0
2015-11-04,9.0,1.0
2015-11-05,9.0,1.0
2015-11-06,18.0,1.0
2015-11-07,7.0,1.0
2015-11-08,2.0,1.0
2015-11-09,10.0,1.0
2015-11-10,8.0,1.0
2015-11-11,2.0,1.0
2015-11-12,6.0,1.0
2015-11-13,8.0,1.0
2015-11-14,5.0,1.0
2015-11-15,3.0,1.0
2015-11-16,12.0,1.0
2015-11-17,15.0,1.0
2015-11-18,12.0,1.0
2015-11-19,10.0,1.0
2015-11-20,16.0,1.0
2015-11-21,4.0,1.0
2015-11-22,4.0,1.0
2015-11-23,14.0,1.0
2015-11-24,11.0,1.0
2015-11-25,5.0,1.0
2015-11-26,9.0,1.0
2015-11-27,13.0,1.0
2015-11-28,5.0,1.0
2015-11-29,3.0,1.0
2015-11-30,10.0,1.0
2015-12-01,11.0,1.0
2015-12-02,6.0,1.0
2015-12-03,10.0,1.0
2015-12-04,9.0,1.0
2015-12-05,4.0,1.0
2015-12-06,3.0,1.0
2015-12-07,11.0,1.0
2015-12-08,12.0,1.0
2015-12-09,9.0,1.0
2015-12-10,11.0,1.0
2015-12-11,13.0,1.0
2015-12-12,4.0,1.0
2015-12-13,4.0,1.0
2015-12-14,10.0,1.0
2015-12-15,15.0,1.0
2015-12-16,11.0,1.0
2015-12-17,7.0,1.0
2015-12-18,10.0,1.0
2015-12-19,4.0,1.0
2015-12-20,5.0,1.0
2015-12-21,8.0,1.0
2015-12-22,8.0,1.0
2015-12-23,6.0,1.0
2015-12-24,9.0,1.0
2015-12-25,3.0,1.0
2015-12-26,4.0,1.0
2015-12-27,2.0,1.0
2015-12-28,9.0,1.0
2015-12-29,10.0,1.0
2015-12-30,12.0,1.0
2015-12-31,6.0,1.0
2016-01-01,6.0,1.0
2016-01-02,3.0,1.0
2016-01-03,3.0,1.0
2016-01-04,9.0,1.0
2016-01-05,12.0,1.0
2016-01-06,12.0,1.0
2016-01-07,16.0,1.0
2016-01-08,17.0,1.0
2016-01-09,4.0,1.0
2016-01-10,4.0,1.0
2016-01-11,9.0,1.0
2016-01-12,15.0,1.0
2016-01-13,22.0,1.0
2016-01-14,14.0,1.0
2016-01-15,22.0,1.0
2016-01-16,6.0,1.0
2016-01-17,4.0,1.0
2016-01-18,14.0,1.0
2016-01-19,16.0,1.0
2016-01-20,17.0,1.0
2016-01-21,11.0,1.0
2016-01-22,17.0,1.0
2016-01-23,4.0,1.0
2016-01-24,4.0,1.0
2016-01-25,16.0,1.0
2016-01-26,2.0,1.0
2016-01-27,15.0,1.0
2016-01-28,10.0,1.0
2016-01-29,19.0,1.0
2016-01-30,6.0,1.0
2016-01-31,6.0,1.0
2016-02-01,17.0,1.0
2016-02-02,18.0,1.0
2016-02-03,27.0,1.0
2016-02-04,15.0,1.0
2016-02-05,16.0,1.0
2016-02-06,7.0,1.0
2016-02-07,5.0,1.0
2016-02-08,11.0,
2016-02-09,22.0,
2016-02-10,22.0,
2016-02-11,39.0,
2016-02-12,19.0,
2016-02-13,6.0,
2016-02-14,6.0,
2016-02-15,11.0,
2016-02-16,27.0,
2016-02-17,22.0,
2016-02-18,13.0,
2016-02-19,16.0,
2016-02-20,3.0,
2016-02-21,2.0,
2016-02-22,19.0,
2016-02-23,21.0,
2016-02-24,19.0,
2016-02-25,15.0,
2016-02-26,18.0,
2016-02-27,4.0,
2016-02-28,4.0,
2016-02-29,20.0,
2016-03-01,24.0,
2016-03-02,28.0,
2016-03-03,21.0,
2016-03-04,17.0,
2016-03-05,6.0,
2016-03-06,3.0,
2016-03-07,8.0,
2016-03-08,18.0,
2016-03-09,18.0,
2016-03-10,20.0,
2016-03-11,24.0,
2016-03-12,4.0,
2016-03-13,6.0,
2016-03-14,16.0,
2016-03-15,13.0,
2016-03-16,17.0,
2016-03-17,13.0,
2016-03-18,19.0,
2016-03-19,5.0,
2016-03-20,2.0,
2016-03-21,17.0,
2016-03-22,12.0,
2016-03-23,14.0,
2016-03-24,4.0,
2016-03-25,8.0,
2016-03-26,3.0,
2016-03-27,11.0,
2016-03-28,15.0,
2016-03-29,19.0,
2016-03-30,18.0,
2016-03-31,10.0,
2016-04-01,12.0,
2016-04-02,6.0,
2016-04-03,4.0,
2016-04-04,13.0,
2016-04-05,15.0,
2016-04-06,22.0,
2016-04-07,12.0,
2016-04-08,14.0,
2016-04-09,2.0,
2016-04-10,5.0,
2016-04-11,18.0,
2016-04-12,18.0,
2016-04-13,19.0,
2016-04-14,5.0,
2016-04-15,8.0,
2016-04-16,4.0,1.0
2016-04-17,3.0,1.0
2016-04-18,16.0,1.0
2016-04-19,6.0,1.0
2016-04-20,15.0,1.0
2016-04-21,20.0,1.0
2016-04-22,22.0,1.0
2016-04-23,4.0,1.0
2016-04-24,2.0,1.0
2016-04-25,17.0,1.0
2016-04-26,22.0,1.0
2016-04-27,23.0,1.0
2016-04-28,16.0,1.0
2016-04-29,19.0,1.0
2016-04-30,4.0,1.0
2016-05-01,4.0,1.0
2016-05-02,15.0,1.0
2016-05-03,21.0,1.0
2016-05-04,19.0,1.0
2016-05-05,13.0,1.0
2016-05-06,16.0,1.0
2016-05-07,6.0,1.0
2016-05-08,2.0,1.0
2016-05-09,15.0,1.0
2016-05-10,8.0,1.0
2016-05-11,14.0,1.0
2016-05-12,15.0,1.0
2016-05-13,15.0,1.0
2016-05-14,6.0,1.0
2016-05-15,6.0,1.0
2016-05-16,20.0,1.0
2016-05-17,21.0,1.0
2016-05-18,23.0,1.0
2016-05-19,18.0,1.0
2016-05-20,14.0,1.0
2016-05-21,4.0,1.0
2016-05-22,4.0,1.0
2016-05-23,21.0,1.0
2016-05-24,23.0,1.0
2016-05-25,15.0,1.0
2016-05-26,24.0,1.0
2016-05-27,30.0,1.0
2016-05-28,8.0,1.0
2016-05-29,4.0,1.0
2016-05-30,20.0,1.0
2016-05-31,21.0,1.0
2016-06-01,36.0,1.0
2016-06-02,22.0,1.0
2016-06-03,24.0,1.0
2016-06-04,8.0,1.0
2016-06-05,3.0,1.0
2016-06-06,22.0,1.0
2016-06-07,20.0,1.0
2016-06-08,28.0,1.0
2016-06-09,14.0,1.0
2016-06-10,24.0,1.0
2016-06-11,8.0,1.0
2016-06-12,2.0,1.0
2016-06-13,18.0,1.0
2016-06-14,22.0,1.0
2016-06-15,19.0,1.0
2016-06-16,28.0,1.0
2016-06-17,22.0,1.0
2016-06-18,6.0,1.0
2016-06-19,4.0,1.0
2016-06-20,33.0,1.0
2016-06-21,18.0,1.0
2016-06-22,21.0,1.0
2016-06-23,23.0,1.0
2016-06-24,28.0,1.0
2016-06-25,6.0,1.0
2016-06-26,3.0,1.0
2016-06-27,16.0,1.0
2016-06-28,25.0,1.0
2016-06-29,17.0,1.0
2016-06-30,21.0,1.0
2016-07-01,22.0,1.0
2016-07-02,6.0,1.0
2016-07-03,3.0,1.0
2016-07-04,30.0,1.0
2016-07-05,14.0,1.0
2016-07-06,11.0,1.0
2016-07-07,22.0,1.0
2016-07-08,17.0,1.0
2016-07-09,7.0,1.0
2016-07-10,4.0,1.0
2016-07-11,21.0,1.0
2016-07-12,21.0,1.0
2016-07-13,22.0,1.0
2016-07-14,19.0,1.0
2016-07-15,16.0,1.0
2016-07-16,7.0,1.0
2016-07-17,4.0,1.0
2016-07-18,17.0,1.0
2016-07-19,15.0,1.0
2016-07-20,22.0,1.0
2016-07-21,20.0,1.0
2016-07-22,15.0,1.0
2016-07-23,4.0,1.0
2016-07-24,5.0,1.0
2016-07-25,14.0,1.0
2016-07-26,15.0,
2016-07-27,13.0,
2016-07-28,21.0,
2016-07-29,16.0,
2016-07-30,3.0,
2016-07-31,6.0,
2016-08-01,15.0,
2016-08-02,21.0,
2016-08-03,10.0,
2016-08-04,19.0,
2016-08-05,13.0,
2016-08-06,5.0,
2016-08-07,0.0,
2016-08-08,16.0,
2016-08-09,14.0,
2016-08-10,17.0,
2016-08-11,13.0,
2016-08-12,32.0,
2016-08-13,9.0,
2016-08-14,5.0,
2016-08-15,5.0,
2016-08-16,17.0,
2016-08-17,15.0,
2016-08-18,16.0,
2016-08-19,21.0,
2016-08-20,8.0,
2016-08-21,2.0,
2016-08-22,15.0,
2016-08-23,21.0,
2016-08-24,21.0,
2016-08-25,17.0,
2016-08-26,22.0,
2016-08-27,6.0,
2016-08-28,4.0,
2016-08-29,20.0,
2016-08-30,12.0,
2016-08-31,23.0,
2016-09-01,12.0,
2016-09-02,14.0,
2016-09-03,8.0,
2016-09-04,2.0,
2016-09-05,6.0,
2016-09-06,16.0,
2016-09-07,24.0,
2016-09-08,18.0,
2016-09-09,15.0,
2016-09-10,3.0,
2016-09-11,4.0,
2016-09-12,13.0,
2016-09-13,5.0,
2016-09-14,18.0,
2016-09-15,20.0,
2016-09-16,13.0,
2016-09-17,2.0,
2016-09-18,3.0,
2016-09-19,14.0,
2016-09-20,11.0,
2016-09-21,18.0,
2016-09-22,18.0,
2016-09-23,11.0,
2016-09-24,8.0,
2016-09-25,2.0,
2016-09-26,15.0,
2016-09-27,12.0,
2016-09-28,18.0,
2016-09-29,15.0,
2016-09-30,11.0,
2016-10-01,5.0,
2016-10-02,3.0,1.0
2016-10-03,13.0,1.0
2016-10-04,13.0,1.0
2016-10-05,25.0,1.0
2016-10-06,13.0,1.0
2016-10-07,11.0,1.0
2016-10-08,3.0,1.0
2016-10-09,8.0,1.0
2016-10-10,14.0,1.0
2016-10-11,6.0,1.0
2016-10-12,6.0,1.0
2016-10-13,14.0,1.0
2016-10-14,16.0,1.0
2016-10-15,5.0,1.0
2016-10-16,5.0,1.0
2016-10-17,9.0,1.0
2016-10-18,9.0,1.0
2016-10-19,16.0,1.0
2016-10-20,14.0,1.0
2016-10-21,13.0,1.0
2016-10-22,3.0,1.0
2016-10-23,2.0,1.0
2016-10-24,14.0,1.0
2016-10-25,11.0,1.0
2016-10-26,17.0,1.0
2016-10-27,13.0,1.0
2016-10-28,7.0,1.0
2016-10-29,5.0,1.0
2016-10-30,9.0,1.0
2016-10-31,8.0,1.0
2016-11-01,11.0,1.0
2016-11-02,9.0,1.0
2016-11-03,10.0,1.0
2016-11-04,16.0,1.0
2016-11-05,5.0,1.0
2016-11-06,2.0,1.0
2016-11-07,15.0,1.0
2016-11-08,15.0,1.0
2016-11-09,23.0,1.0
2016-11-10,27.0,1.0
2016-11-11,30.0,1.0
2016-11-12,12.0,1.0
2016-11-13,4.0,1.0
2016-11-14,8.0,1.0
2016-11-15,21.0,1.0
2016-11-16,19.0,1.0
2016-11-17,16.0,1.0
2016-11-18,15.0,1.0
2016-11-19,9.0,1.0
2016-11-20,5.0,1.0
2016-11-21,20.0,1.0
2016-11-22,19.0,1.0
2016-11-23,15.0,1.0
2016-11-24,16.0,1.0
2016-11-25,17.0,1.0
2016-11-26,4.0,1.0
2016-11-27,4.0,1.0
2016-11-28,17.0,1.0
2016-11-29,14.0,1.0
2016-11-30,14.0,1.0
2016-12-01,18.0,1.0
2016-12-02,16.0,1.0
2016-12-03,6.0,1.0
2016-12-04,5.0,1.0
2016-12-05,11.0,1.0
2016-12-06,18.0,1.0
2016-12-07,17.0,1.0
2016-12-08,13.0,1.0
2016-12-09,13.0,1.0
2016-12-10,5.0,1.0
2016-12-11,4.0,1.0
2016-12-12,11.0,1.0
2016-12-13,10.0,1.0
2016-12-14,18.0,1.0
2016-12-15,14.0,1.0
2016-12-16,16.0,1.0
2016-12-17,9.0,1.0
2016-12-18,3.0,1.0
2016-12-19,13.0,1.0
2016-12-20,20.0,1.0
2016-12-21,14.0,1.0
2016-12-22,17.0,1.0
2016-12-23,14.0,1.0
2016-12-24,11.0,1.0
2016-12-25,5.0,1.0
2016-12-26,17.0,1.0
2016-12-27,23.0,1.0
2016-12-28,10.0,1.0
2016-12-29,16.0,1.0
2016-12-30,18.0,1.0
2016-12-31,9.0,1.0
2017-01-01,5.0,1.0
2017-01-02,16.0,1.0
2017-01-03,15.0,1.0
2017-01-04,14.0,1.0
2017-01-05,13.0,1.0
2017-01-06,18.0,1.0
2017-01-07,10.0,1.0
2017-01-08,2.0,1.0
2017-01-09,21.0,1.0
2017-01-10,12.0,1.0
2017-01-11,13.0,
2017-01-12,16.0,
2017-01-13,11.0,
2017-01-14,6.0,
2017-01-15,7.0,
2017-01-16,13.0,
2017-01-17,14.0,
2017-01-18,8.0,
2017-01-19,12.0,
2017-01-20,10.0,
2017-01-21,5.0,
2017-01-22,3.0,
2017-01-23,13.0,
2017-01-24,14.0,
2017-01-25,11.0,
2017-01-26,4.0,
2017-01-27,21.0,
2017-01-28,5.0,
2017-01-29,2.0,
2017-01-30,14.0,
2017-01-31,19.0,
2017-02-01,21.0,
2017-02-02,10.0,
2017-02-03,14.0,
2017-02-04,2.0,
2017-02-05,5.0,
2017-02-06,20.0,
2017-02-07,19.0,
2017-02-08,9.0,
2017-02-09,20.0,
2017-02-10,20.0,
2017-02-11,6.0,
2017-02-12,5.0,
2017-02-13,16.0,
2017-02-14,9.0,
2017-02-15,15.0,
2017-02-16,17.0,
2017-02-17,16.0,
2017-02-18,11.0,
2017-02-19,6.0,
2017-02-20,20.0,
2017-02-21,8.0,
2017-02-22,13.0,
2017-02-23,14.0,
2017-02-24,6.0,
2017-02-25,7.0,
2017-02-26,8.0,
2017-02-27,11.0,
2017-02-28,11.0,
2017-03-01,12.0,
2017-03-02,10.0,
2017-03-03,5.0,
2017-03-04,8.0,
2017-03-05,4.0,
2017-03-06,16.0,
2017-03-07,11.0,
2017-03-08,14.0,
2017-03-09,15.0,
2017-03-10,10.0,
2017-03-11,7.0,
2017-03-12,3.0,
2017-03-13,4.0,
2017-03-14,18.0,
2017-03-15,17.0,
2017-03-16,10.0,
2017-03-17,12.0,
2017-03-18,7.0,
2017-03-19,5.0,
2017-03-20,18.0,1.0
2017-03-21,10.0,1.0
2017-03-22,12.0,1.0
2017-03-23,10.0,1.0
2017-03-24,18.0,1.0
2017-03-25,6.0,1.0
2017-03-26,6.0,1.0
2017-03-27,13.0,1.0
2017-03-28,17.0,1.0
2017-03-29,15.0,1.0
2017-03-30,20.0,1.0
2017-03-31,17.0,1.0
2017-04-01,6.0,1.0
2017-04-02,5.0,1.0
2017-04-03,22.0,1.0
2017-04-04,12.0,1.0
2017-04-05,19.0,1.0
2017-04-06,18.0,1.0
2017-04-07,15.0,1.0
2017-04-08,8.0,1.0
2017-04-09,5.0,1.0
2017-04-10,12.0,1.0
2017-04-11,20.0,1.0
2017-04-12,15.0,1.0
2017-04-13,15.0,1.0
2017-04-14,9.0,1.0
2017-04-15,7.0,1.0
2017-04-16,2.0,1.0
2017-04-17,12.0,1.0
2017-04-18,17.0,1.0
2017-04-19,17.0,1.0
2017-04-20,18.0,1.0
2017-04-21,11.0,1.0
2017-04-22,5.0,1.0
2017-04-23,5.0,1.0
2017-04-24,15.0,1.0
2017-04-25,17.0,1.0
2017-04-26,15.0,1.0
2017-04-27,14.0,1.0
2017-04-28,13.0,1.0
2017-04-29,7.0,1.0
2017-04-30,5.0,1.0
2017-05-01,6.0,1.0
2017-05-02,15.0,1.0
2017-05-03,14.0,1.0
2017-05-04,22.0,1.0
2017-05-05,18.0,1.0
2017-05-06,7.0,1.0
2017-05-07,3.0,1.0
2017-05-08,18.0,1.0
2017-05-09,19.0,1.0
2017-05-10,12.0,1.0
2017-05-11,20.0,1.0
2017-05-12,13.0,1.0
2017-05-13,7.0,1.0
2017-05-14,3.0,1.0
2017-05-15,17.0,1.0
2017-05-16,24.0,1.0
2017-05-17,20.0,1.0
2017-05-18,17.0,1.0
2017-05-19,22.0,1.0
2017-05-20,12.0,1.0
2017-05-21,6.0,1.0
2017-05-22,23.0,1.0
2017-05-23,22.0,1.0
2017-05-24,24.0,1.0
2017-05-25,19.0,1.0
2017-05-26,22.0,1.0
2017-05-27,6.0,1.0
2017-05-28,5.0,1.0
2017-05-29,15.0,1.0
2017-05-30,10.0,1.0
2017-05-31,15.0,1.0
2017-06-01,10.0,1.0
2017-06-02,11.0,1.0
2017-06-03,7.0,1.0
2017-06-04,2.0,1.0
2017-06-05,15.0,1.0
2017-06-06,15.0,1.0
2017-06-07,14.0,1.0
2017-06-08,9.0,1.0
2017-06-09,15.0,1.0
2017-06-10,6.0,1.0
2017-06-11,6.0,1.0
2017-06-12,11.0,1.0
2017-06-13,15.0,1.0
2017-06-14,12.0,1.0
2017-06-15,11.0,1.0
2017-06-16,14.0,1.0
2017-06-17,6.0,1.0
2017-06-18,2.0,1.0
2017-06-19,10.0,1.0
2017-06-20,18.0,1.0
2017-06-21,14.0,1.0
2017-06-22,19.0,1.0
2017-06-23,18.0,1.0
2017-06-24,7.0,1.0
2017-06-25,3.0,1.0
2017-06-26,6.0,1.0
2017-06-27,22.0,1.0
2017-06-28,17.0,1.0
2017-06-29,19.0,
2017-06-30,16.0,
2017-07-01,3.0,
2017-07-02,4.0,
2017-07-03,25.0,
2017-07-04,19.0,
2017-07-05,17.0,
2017-07-06,10.0,
2017-07-07,15.0,
2017-07-08,9.0,
2017-07-09,5.0,
2017-07-10,28.0,
2017-07-11,19.0,
2017-07-12,17.0,
2017-07-13,10.0,
2017-07-14,17.0,
2017-07-15,16.0,
2017-07-16,4.0,
2017-07-17,22.0,
2017-07-18,20.0,
2017-07-19,12.0,
2017-07-20,14.0,
2017-07-21,13.0,
2017-07-22,6.0,
2017-07-23,3.0,
2017-07-24,21.0,
2017-07-25,15.0,
2017-07-26,15.0,
2017-07-27,18.0,
2017-07-28,21.0,
2017-07-29,7.0,
2017-07-30,6.0,
2017-07-31,26.0,
2017-08-01,35.0,
2017-08-02,17.0,
2017-08-03,20.0,
2017-08-04,22.0,
2017-08-05,6.0,
2017-08-06,6.0,
2017-08-07,16.0,
2017-08-08,14.0,
2017-08-09,19.0,
2017-08-10,24.0,
2017-08-11,35.0,
2017-08-12,7.0,
2017-08-13,4.0,
2017-08-14,19.0,
2017-08-15,5.0,
2017-08-16,14.0,
2017-08-17,20.0,
2017-08-18,20.0,
2017-08-19,5.0,
2017-08-20,5.0,
2017-08-21,23.0,
2017-08-22,17.0,
2017-08-23,19.0,
2017-08-24,18.0,
2017-08-25,10.0,
2017-08-26,7.0,
2017-08-27,7.0,
2017-08-28,19.0,
2017-08-29,14.0,
2017-08-30,7.0,
2017-08-31,20.0,
2017-09-01,14.0,
2017-09-02,7.0,
2017-09-03,4.0,
2017-09-04,8.0,
2017-09-05,14.0,1.0
2017-09-06,17.0,1.0
2017-09-07,16.0,1.0
2017-09-08,14.0,1.0
2017-09-09,10.0,1.0
2017-09-10,6.0,1.0
2017-09-11,17.0,1.0
2017-09-12,14.0,1.0
2017-09-13,15.0,1.0
2017-09-14,14.0,1.0
2017-09-15,12.0,1.0
2017-09-16,6.0,1.0
2017-09-17,3.0,1.0
2017-09-18,16.0,1.0
2017-09-19,23.0,1.0
2017-09-20,17.0,1.0
2017-09-21,19.0,1.0
2017-09-22,11.0,1.0
2017-09-23,10.0,1.0
2017-09-24,8.0,1.0
2017-09-25,21.0,1.0
2017-09-26,15.0,1.0
2017-09-27,18.0,1.0
2017-09-28,16.0,1.0
2017-09-29,15.0,1.0
2017-09-30,5.0,1.0
2017-10-01,8.0,1.0
2017-10-02,7.0,1.0
2017-10-03,22.0,1.0
2017-10-04,18.0,1.0
2017-10-05,13.0,1.0
2017-10-06,18.0,1.0
2017-10-07,7.0,1.0
2017-10-08,7.0,1.0
2017-10-09,17.0,1.0
2017-10-10,19.0,1.0
2017-10-11,14.0,1.0
2017-10-12,16.0,1.0
2017-10-13,19.0,1.0
2017-10-14,6.0,1.0
2017-10-15,7.0,1.0
2017-10-16,19.0,1.0
2017-10-17,14.0,1.0
2017-10-18,13.0,1.0
2017-10-19,10.0,1.0
2017-10-20,12.0,1.0
2017-10-21,3.0,1.0
2017-10-22,5.0,1.0
2017-10-23,17.0,1.0
2017-10-24,27.0,1.0
2017-10-25,60.0,1.0
2017-10-26,53.0,1.0
2017-10-27,32.0,1.0
2017-10-28,11.0,1.0
2017-10-29,5.0,1.0
2017-10-30,24.0,1.0
2017-10-31,21.0,1.0
2017-11-01,27.0,1.0
2017-11-02,25.0,1.0
2017-11-03,23.0,1.0
2017-11-04,10.0,1.0
2017-11-05,6.0,1.0
2017-11-06,30.0,1.0
2017-11-07,22.0,1.0
2017-11-08,23.0,1.0
2017-11-09,26.0,1.0
2017-11-10,40.0,1.0
2017-11-11,16.0,1.0
2017-11-12,8.0,1.0
2017-11-13,34.0,1.0
2017-11-14,25.0,1.0
2017-11-15,26.0,1.0
2017-11-16,27.0,1.0
2017-11-17,30.0,1.0
2017-11-18,7.0,1.0
2017-11-19,8.0,1.0
2017-11-20,28.0,1.0
2017-11-21,20.0,1.0
2017-11-22,20.0,1.0
2017-11-23,16.0,1.0
2017-11-24,16.0,1.0
2017-11-25,5.0,1.0
2017-11-26,6.0,1.0
2017-11-27,16.0,1.0
2017-11-28,14.0,1.0
2017-11-29,15.0,1.0
2017-11-30,18.0,1.0
2017-12-01,15.0,1.0
2017-12-02,11.0,1.0
2017-12-03,5.0,1.0
2017-12-04,17.0,1.0
2017-12-05,22.0,1.0
2017-12-06,17.0,1.0
2017-12-07,15.0,1.0
2017-12-08,23.0,1.0
2017-12-09,6.0,1.0
2017-12-10,4.0,1.0
2017-12-11,19.0,1.0
2017-12-12,19.0,1.0
2017-12-13,14.0,1.0
2017-12-14,19.0,1.0
2017-12-15,29.0,
2017-12-16,6.0,
2017-12-17,13.0,
2017-12-18,29.0,
2017-12-19,13.0,
2017-12-20,21.0,
2017-12-21,17.0,
2017-12-22,20.0,
2017-12-23,8.0,
2017-12-24,7.0,
2017-12-25,3.0,
2017-12-26,25.0,
2017-12-27,22.0,
2017-12-28,23.0,
2017-12-29,18.0,
2017-12-30,10.0,
2017-12-31,8.0,
2018-01-01,23.0,
2018-01-02,25.0,
2018-01-03,18.0,
2018-01-04,23.0,
2018-01-05,18.0,
2018-01-06,7.0,
2018-01-07,7.0,
2018-01-08,22.0,
2018-01-09,21.0,
2018-01-10,15.0,
2018-01-11,16.0,
2018-01-12,25.0,
2018-01-13,7.0,
2018-01-14,3.0,
2018-01-15,14.0,
2018-01-16,20.0,
2018-01-17,22.0,
2018-01-18,33.0,
2018-01-19,20.0,
2018-01-20,7.0,
2018-01-21,5.0,
2018-01-22,18.0,
2018-01-23,15.0,
2018-01-24,27.0,
2018-01-25,29.0,
2018-01-26,8.0,
2018-01-27,7.0,
2018-01-28,8.0,
2018-01-29,24.0,
2018-01-30,19.0,
2018-01-31,28.0,
2018-02-01,29.0,
2018-02-02,17.0,
2018-02-03,8.0,
2018-02-04,7.0,
2018-02-05,25.0,
2018-02-06,23.0,
2018-02-07,22.0,
2018-02-08,23.0,
2018-02-09,38.0,
2018-02-10,8.0,
2018-02-11,8.0,
2018-02-12,34.0,
2018-02-13,14.0,
2018-02-14,31.0,
2018-02-15,32.0,
2018-02-16,22.0,
2018-02-17,11.0,
2018-02-18,5.0,
2018-02-19,35.0,
2018-02-20,32.0,
2018-02-21,23.0,1.0
2018-02-22,25.0,1.0
2018-02-23,23.0,1.0
2018-02-24,10.0,1.0
2018-02-25,9.0,1.0
2018-02-26,30.0,1.0
2018-02-27,25.0,1.0
2018-02-28,25.0,1.0
2018-03-01,22.0,1.0
2018-03-02,11.0,1.0
2018-03-03,14.0,1.0
2018-03-04,12.0,1.0
2018-03-05,24.0,1.0
2018-03-06,25.0,1.0
2018-03-07,30.0,1.0
2018-03-08,31.0,1.0
2018-03-09,29.0,1.0
2018-03-10,14.0,1.0
2018-03-11,10.0,1.0
2018-03-12,29.0,1.0
2018-03-13,31.0,1.0
2018-03-14,30.0,1.0
2018-03-15,22.0,1.0
2018-03-16,23.0,1.0
2018-03-17,10.0,1.0
2018-03-18,9.0,1.0
2018-03-19,19.0,1.0
2018-03-20,26.0,1.0
2018-03-21,29.0,1.0
2018-03-22,34.0,1.0
2018-03-23,34.0,1.0
2018-03-24,16.0,1.0
2018-03-25,7.0,1.0
2018-03-26,34.0,1.0
2018-03-27,32.0,1.0
2018-03-28,43.0,1.0
2018-03-29,23.0,1.0
2018-03-30,28.0,1.0
2018-03-31,12.0,1.0
2018-04-01,8.0,1.0
2018-04-02,29.0,1.0
2018-04-03,20.0,1.0
2018-04-04,25.0,1.0
2018-04-05,26.0,1.0
2018-04-06,20.0,1.0
2018-04-07,15.0,1.0
2018-04-08,4.0,1.0
2018-04-09,30.0,1.0
2018-04-10,23.0,1.0
2018-04-11,31.0,1.0
2018-04-12,29.0,1.0
2018-04-13,25.0,1.0
2018-04-14,11.0,1.0
2018-04-15,10.0,1.0
2018-04-16,28.0,1.0
2018-04-17,25.0,1.0
2018-04-18,24.0,1.0
2018-04-19,25.0,1.0
2018-04-20,25.0,1.0
2018-04-21,9.0,1.0
2018-04-22,6.0,1.0
2018-04-23,21.0,1.0
2018-04-24,25.0,1.0
2018-04-25,20.0,1.0
2018-04-26,23.0,1.0
2018-04-27,30.0,1.0
2018-04-28,11.0,1.0
2018-04-29,10.0,1.0
2018-04-30,33.0,1.0
2018-05-01,14.0,1.0
2018-05-02,34.0,1.0
2018-05-03,30.0,1.0
2018-05-04,23.0,1.0
2018-05-05,13.0,1.0
2018-05-06,9.0,1.0
2018-05-07,27.0,1.0
2018-05-08,27.0,1.0
2018-05-09,19.0,1.0
2018-05-10,21.0,1.0
2018-05-11,24.0,1.0
2018-05-12,6.0,1.0
2018-05-13,6.0,1.0
2018-05-14,15.0,1.0
2018-05-15,26.0,1.0
2018-05-16,22.0,1.0
2018-05-17,17.0,1.0
2018-05-18,24.0,1.0
2018-05-19,7.0,1.0
2018-05-20,10.0,1.0
2018-05-21,28.0,1.0
2018-05-22,43.0,1.0
2018-05-23,43.0,1.0
2018-05-24,37.0,1.0
2018-05-25,40.0,1.0
2018-05-26,17.0,1.0
2018-05-27,7.0,1.0
2018-05-28,24.0,1.0
2018-05-29,29.0,1.0
2018-05-30,24.0,1.0
2018-05-31,24.0,1.0
2018-06-01,23.0,1.0
2018-06-02,14.0,
2018-06-03,9.0,
2018-06-04,27.0,
2018-06-05,27.0,
2018-06-06,24.0,
2018-06-07,38.0,
2018-06-08,32.0,
2018-06-09,5.0,
2018-06-10,6.0,
2018-06-11,24.0,
2018-06-12,34.0,
2018-06-13,38.0,
2018-06-14,32.0,
2018-06-15,25.0,
2018-06-16,7.0,
2018-06-17,10.0,
2018-06-18,25.0,
2018-06-19,29.0,
2018-06-20,25.0,
2018-06-21,28.0,
2018-06-22,25.0,
2018-06-23,11.0,
2018-06-24,5.0,
2018-06-25,25.0,
2018-06-26,19.0,
2018-06-27,30.0,
2018-06-28,32.0,
2018-06-29,46.0,
2018-06-30,17.0,
2018-07-01,8.0,
2018-07-02,26.0,
2018-07-03,28.0,
2018-07-04,24.0,
2018-07-05,26.0,
2018-07-06,22.0,
2018-07-07,12.0,
2018-07-08,10.0,
2018-07-09,32.0,
2018-07-10,22.0,
2018-07-11,22.0,
2018-07-12,29.0,
2018-07-13,31.0,
2018-07-14,8.0,
2018-07-15,4.0,
2018-07-16,22.0,
2018-07-17,19.0,
2018-07-18,26.0,
2018-07-19,32.0,
2018-07-20,22.0,
2018-07-21,17.0,
2018-07-22,9.0,
2018-07-23,26.0,
2018-07-24,26.0,
2018-07-25,29.0,
2018-07-26,38.0,
2018-07-27,36.0,
2018-07-28,9.0,
2018-07-29,8.0,
2018-07-30,37.0,
2018-07-31,56.0,
2018-08-01,38.0,
2018-08-02,37.0,
2018-08-03,35.0,
2018-08-04,14.0,
2018-08-05,9.0,
2018-08-06,58.0,
2018-08-07,45.0,
2018-08-08,30.0,
2018-08-09,56.0,1.0
2018-08-10,75.0,1.0
2018-08-11,14.0,1.0
2018-08-12,11.0,1.0
2018-08-13,47.0,1.0
2018-08-14,36.0,1.0
2018-08-15,9.0,1.0
2018-08-16,46.0,1.0
2018-08-17,49.0,1.0
2018-08-18,11.0,1.0
2018-08-19,9.0,1.0
2018-08-20,39.0,1.0
2018-08-21,33.0,1.0
2018-08-22,12.0,1.0
2018-08-23,36.0,1.0
2018-08-24,30.0,1.0
2018-08-25,6.0,1.0
2018-08-26,7.0,1.0
2018-08-27,32.0,1.0
2018-08-28,25.0,1.0
2018-08-29,31.0,1.0
2018-08-30,32.0,1.0
2018-08-31,31.0,1.0
2018-09-01,11.0,1.0
2018-09-02,9.0,1.0
2018-09-03,31.0,1.0
2018-09-04,34.0,1.0
2018-09-05,27.0,1.0
2018-09-06,27.0,1.0
2018-09-07,24.0,1.0
2018-09-08,11.0,1.0
2018-09-09,11.0,1.0
2018-09-10,28.0,1.0
2018-09-11,27.0,1.0
2018-09-12,27.0,1.0
2018-09-13,7.0,1.0
2018-09-14,24.0,1.0
2018-09-15,8.0,1.0
2018-09-16,8.0,1.0
2018-09-17,26.0,1.0
2018-09-18,27.0,1.0
2018-09-19,28.0,1.0
2018-09-20,15.0,1.0
2018-09-21,26.0,1.0
2018-09-22,9.0,1.0
2018-09-23,9.0,1.0
2018-09-24,22.0,1.0
2018-09-25,34.0,1.0
2018-09-26,23.0,1.0
2018-09-27,29.0,1.0
2018-09-28,21.0,1.0
2018-09-29,9.0,1.0
2018-09-30,10.0,1.0
2018-10-01,21.0,1.0
2018-10-02,11.0,1.0
2018-10-03,29.0,1.0
2018-10-04,26.0,1.0
2018-10-05,30.0,1.0
2018-10-06,9.0,1.0
2018-10-07,9.0,1.0
2018-10-08,20.0,1.0
2018-10-09,34.0,1.0
2018-10-10,29.0,1.0
2018-10-11,40.0,1.0
2018-10-12,34.0,1.0
2018-10-13,9.0,1.0
2018-10-14,6.0,1.0
2018-10-15,30.0,1.0
2018-10-16,29.0,1.0
2018-10-17,27.0,1.0
2018-10-18,12.0,1.0
2018-10-19,26.0,1.0
2018-10-20,14.0,1.0
2018-10-21,7.0,1.0
2018-10-22,31.0,1.0
2018-10-23,22.0,1.0
2018-10-24,22.0,1.0
2018-10-25,38.0,1.0
2018-10-26,31.0,1.0
2018-10-27,11.0,1.0
2018-10-28,5.0,1.0
2018-10-29,47.0,1.0
2018-10-30,33.0,1.0
2018-10-31,41.0,1.0
2018-11-01,31.0,1.0
2018-11-02,40.0,1.0
2018-11-03,14.0,1.0
2018-11-04,6.0,1.0
2018-11-05,42.0,1.0
2018-11-06,39.0,1.0
2018-11-07,14.0,1.0
2018-11-08,14.0,1.0
2018-11-09,20.0,1.0
2018-11-10,10.0,1.0
2018-11-11,3.0,1.0
2018-11-12,34.0,1.0
2018-11-13,29.0,1.0
2018-11-14,32.0,1.0
2018-11-15,32.0,1.0
2018-11-16,27.0,1.0
2018-11-17,12.0,1.0
2018-11-18,11.0,
2018-11-19,33.0,
2018-11-20,26.0,
2018-11-21,25.0,
2018-11-22,28.0,
2018-11-23,11.0,
2018-11-24,7.0,
2018-11-25,5.0,
2018-11-26,26.0,
2018-11-27,27.0,
2018-11-28,25.0,
2018-11-29,35.0,
2018-11-30,29.0,
2018-12-01,14.0,
2018-12-02,11.0,
2018-12-03,29.0,
2018-12-04,23.0,
2018-12-05,28.0,
2018-12-06,30.0,
2018-12-07,27.0,
2018-12-08,5.0,
2018-12-09,9.0,
2018-12-10,29.0,
2018-12-11,35.0,
2018-12-12,42.0,
2018-12-13,30.0,
2018-12-14,31.0,
2018-12-15,13.0,
2018-12-16,8.0,
2018-12-17,36.0,
2018-12-18,31.0,
2018-12-19,36.0,
2018-12-20,31.0,
2018-12-21,32.0,
2018-12-22,8.0,
2018-12-23,7.0,
2018-12-24,29.0,
2018-12-25,14.0,
2018-12-26,31.0,
2018-12-27,29.0,
2018-12-28,26.0,
2018-12-29,11.0,
2018-12-30,12.0,
2018-12-31,32.0,
2019-01-01,31.0,
2019-01-02,34.0,
2019-01-03,36.0,
2019-01-04,28.0,
2019-01-05,13.0,
2019-01-06,8.0,
2019-01-07,34.0,
2019-01-08,36.0,
2019-01-09,32.0,
2019-01-10,37.0,
2019-01-11,33.0,
2019-01-12,8.0,
2019-01-13,9.0,
2019-01-14,30.0,
2019-01-15,35.0,
2019-01-16,32.0,
2019-01-17,29.0,
2019-01-18,34.0,
2019-01-19,11.0,
2019-01-20,12.0,
2019-01-21,26.0,
2019-01-22,28.0,
2019-01-23,21.0,
2019-01-24,20.0,
2019-01-25,24.0,1.0
2019-01-26,6.0,1.0
2019-01-27,10.0,1.0
2019-01-28,26.0,1.0
2019-01-29,33.0,1.0
2019-01-30,30.0,1.0
2019-01-31,42.0,1.0
2019-02-01,52.0,1.0
2019-02-02,19.0,1.0
2019-02-03,9.0,1.0
2019-02-04,46.0,1.0
2019-02-05,39.0,1.0
2019-02-06,40.0,1.0
2019-02-07,43.0,1.0
2019-02-08,28.0,1.0
2019-02-09,12.0,1.0
2019-02-10,9.0,1.0
2019-02-11,37.0,1.0
2019-02-12,36.0,1.0
2019-02-13,34.0,1.0
2019-02-14,37.0,1.0
2019-02-15,44.0,1.0
2019-02-16,15.0,1.0
2019-02-17,7.0,1.0
2019-02-18,39.0,1.0
2019-02-19,39.0,1.0
2019-02-20,33.0,1.0
2019-02-21,41.0,1.0
2019-02-22,37.0,1.0
2019-02-23,14.0,1.0
2019-02-24,8.0,1.0
2019-02-25,32.0,1.0
2019-02-26,32.0,1.0
2019-02-27,27.0,1.0
2019-02-28,33.0,1.0
2019-03-01,35.0,1.0
2019-03-02,17.0,1.0
2019-03-03,9.0,1.0
2019-03-04,10.0,1.0
2019-03-05,40.0,1.0
2019-03-06,33.0,1.0
2019-03-07,31.0,1.0
2019-03-08,32.0,1.0
2019-03-09,9.0,1.0
2019-03-10,6.0,1.0
2019-03-11,35.0,1.0
2019-03-12,40.0,1.0
2019-03-13,40.0,1.0
2019-03-14,38.0,1.0
2019-03-15,48.0,1.0
2019-03-16,12.0,1.0
2019-03-17,8.0,1.0
2019-03-18,39.0,1.0
2019-03-19,42.0,1.0
2019-03-20,33.0,1.0
2019-03-21,16.0,1.0
2019-03-22,38.0,1.0
2019-03-23,17.0,1.0
2019-03-24,13.0,1.0
2019-03-25,34.0,1.0
2019-03-26,43.0,1.0
2019-03-27,45.0,1.0
2019-03-28,51.0,1.0
2019-03-29,56.0,1.0
2019-03-30,15.0,1.0
2019-03-31,11.0,1.0
2019-04-01,41.0,1.0
2019-04-02,51.0,1.0
2019-04-03,52.0,1.0
2019-04-04,53.0,1.0
2019-04-05,41.0,1.0
2019-04-06,14.0,1.0
2019-04-07,10.0,1.0
2019-04-08,30.0,1.0
2019-04-09,42.0,1.0
2019-04-10,37.0,1.0
2019-04-11,33.0,1.0
2019-04-12,41.0,1.0
2019-04-13,9.0,1.0
2019-04-14,9.0,1.0
2019-04-15,34.0,1.0
2019-04-16,35.0,1.0
2019-04-17,19.0,1.0
2019-04-18,37.0,1.0
2019-04-19,17.0,1.0
2019-04-20,16.0,1.0
2019-04-21,8.0,1.0
2019-04-22,34.0,1.0
2019-04-23,31.0,1.0
2019-04-24,35.0,1.0
2019-04-25,29.0,1.0
2019-04-26,27.0,1.0
2019-04-27,5.0,1.0
2019-04-28,8.0,1.0
2019-04-29,26.0,1.0
2019-04-30,30.0,1.0
2019-05-01,18.0,1.0
2019-05-02,32.0,1.0
2019-05-03,35.0,1.0
2019-05-04,11.0,1.0
2019-05-05,5.0,1.0
2019-05-06,44.0,
2019-05-07,41.0,
2019-05-08,32.0,
2019-05-09,32.0,
2019-05-10,60.0,
2019-05-11,12.0,
2019-05-12,9.0,
2019-05-13,49.0,
2019-05-14,33.0,
2019-05-15,42.0,
2019-05-16,41.0,
2019-05-17,41.0,
2019-05-18,8.0,
2019-05-19,9.0,
2019-05-20,71.0,
2019-05-21,59.0,
2019-05-22,49.0,
2019-05-23,67.0,
2019-05-24,57.0,
2019-05-25,17.0,
2019-05-26,7.0,
2019-05-27,56.0,
2019-05-28,39.0,
2019-05-29,49.0,
2019-05-30,45.0,
2019-05-31,50.0,
2019-06-01,19.0,
2019-06-02,8.0,
2019-06-03,45.0,
2019-06-04,31.0,
2019-06-05,16.0,
2019-06-06,51.0,
2019-06-07,39.0,
2019-06-08,6.0,
2019-06-09,9.0,
2019-06-10,39.0,
2019-06-11,31.0,
2019-06-12,31.0,
2019-06-13,31.0,
2019-06-14,29.0,
2019-06-15,18.0,
2019-06-16,11.0,
2019-06-17,36.0,
2019-06-18,30.0,
2019-06-19,35.0,
2019-06-20,38.0,
2019-06-21,33.0,
2019-06-22,9.0,
2019-06-23,9.0,
2019-06-24,48.0,
2019-06-25,44.0,
2019-06-26,36.0,
2019-06-27,42.0,
2019-06-28,47.0,
2019-06-29,15.0,
2019-06-30,7.0,
2019-07-01,31.0,
2019-07-02,44.0,
2019-07-03,42.0,
2019-07-04,38.0,
2019-07-05,57.0,
2019-07-06,15.0,
2019-07-07,5.0,
2019-07-08,61.0,
2019-07-09,36.0,
2019-07-10,41.0,
2019-07-11,32.0,
2019-07-12,21.0,
2019-07-13,14.0,1.0
2019-07-14,9.0,1.0
2019-07-15,41.0,1.0
2019-07-16,44.0,1.0
2019-07-17,38.0,1.0
2019-07-18,38.0,1.0
2019-07-19,41.0,1.0
2019-07-20,12.0,1.0
2019-07-21,10.0,1.0
2019-07-22,35.0,1.0
2019-07-23,41.0,1.0
2019-07-24,37.0,1.0
2019-07-25,40.0,1.0
2019-07-26,26.0,1.0
2019-07-27,11.0,1.0
2019-07-28,6.0,1.0
2019-07-29,42.0,1.0
2019-07-30,39.0,1.0
2019-07-31,41.0,1.0
2019-08-01,50.0,1.0
2019-08-02,57.0,1.0
2019-08-03,18.0,1.0
2019-08-04,8.0,1.0
2019-08-05,64.0,1.0
2019-08-06,37.0,1.0
2019-08-07,53.0,1.0
2019-08-08,52.0,1.0
2019-08-09,50.0,1.0
2019-08-10,14.0,1.0
2019-08-11,11.0,1.0
2019-08-12,14.0,1.0
2019-08-13,40.0,1.0
2019-08-14,38.0,1.0
2019-08-15,12.0,1.0
2019-08-16,39.0,1.0
2019-08-17,12.0,1.0
2019-08-18,13.0,1.0
2019-08-19,35.0,1.0
2019-08-20,37.0,1.0
2019-08-21,36.0,1.0
2019-08-22,48.0,1.0
2019-08-23,49.0,1.0
2019-08-24,8.0,1.0
2019-08-25,9.0,1.0
2019-08-26,60.0,1.0
2019-08-27,59.0,1.0
2019-08-28,38.0,1.0
2019-08-29,39.0,1.0
2019-08-30,48.0,1.0
2019-08-31,13.0,1.0
2019-09-01,8.0,1.0
2019-09-02,14.0,1.0
2019-09-03,46.0,1.0
2019-09-04,45.0,1.0
2019-09-05,35.0,1.0
2019-09-06,32.0,1.0
2019-09-07,20.0,1.0
2019-09-08,7.0,1.0
2019-09-09,31.0,1.0
2019-09-10,15.0,1.0
2019-09-11,36.0,1.0
2019-09-12,30.0,1.0
2019-09-13,40.0,1.0
2019-09-14,10.0,1.0
2019-09-15,12.0,1.0
2019-09-16,30.0,1.0
2019-09-17,34.0,1.0
2019-09-18,32.0,1.0
2019-09-19,37.0,1.0
2019-09-20,57.0,1.0
2019-09-21,11.0,1.0
2019-09-22,7.0,1.0
2019-09-23,53.0,1.0
2019-09-24,39.0,1.0
2019-09-25,49.0,1.0
2019-09-26,53.0,1.0
2019-09-27,52.0,1.0
2019-09-28,11.0,1.0
2019-09-29,7.0,1.0
2019-09-30,44.0,1.0
2019-10-01,56.0,1.0
2019-10-02,18.0,1.0
2019-10-03,50.0,1.0
2019-10-04,53.0,1.0
2019-10-05,20.0,1.0
2019-10-06,14.0,1.0
2019-10-07,38.0,1.0
2019-10-08,12.0,1.0
2019-10-09,55.0,1.0
2019-10-10,42.0,1.0
2019-10-11,43.0,1.0
2019-10-12,13.0,1.0
2019-10-13,14.0,1.0
2019-10-14,42.0,1.0
2019-10-15,40.0,1.0
2019-10-16,44.0,1.0
2019-10-17,35.0,1.0
2019-10-18,42.0,1.0
2019-10-19,15.0,1.0
2019-10-20,11.0,1.0
2019-10-21,18.0,1.0
2019-10-22,41.0,
2019-10-23,45.0,
2019-10-24,41.0,
2019-10-25,61.0,
2019-10-26,18.0,
2019-10-27,23.0,
2019-10-28,17.0,
2019-10-29,46.0,
2019-10-30,59.0,
2019-10-31,61.0,
2019-11-01,56.0,
2019-11-02,11.0,
2019-11-03,13.0,
2019-11-04,50.0,
2019-11-05,50.0,
2019-11-06,59.0,
2019-11-07,33.0,
2019-11-08,46.0,
2019-11-09,18.0,
2019-11-10,5.0,
2019-11-11,36.0,
2019-11-12,20.0,
2019-11-13,34.0,
2019-11-14,36.0,
2019-11-15,55.0,
2019-11-16,15.0,
2019-11-17,16.0,
2019-11-18,45.0,
2019-11-19,32.0,
2019-11-20,38.0,
2019-11-21,37.0,
2019-11-22,38.0,
2019-11-23,10.0,
2019-11-24,10.0,
2019-11-25,44.0,
2019-11-26,46.0,
2019-11-27,37.0,
2019-11-28,44.0,
2019-11-29,39.0,
2019-11-30,12.0,
2019-12-01,17.0,
2019-12-02,43.0,
2019-12-03,54.0,
2019-12-04,32.0,
2019-12-05,44.0,
2019-12-06,43.0,
2019-12-07,14.0,
2019-12-08,10.0,
2019-12-09,48.0,
2019-12-10,47.0,
2019-12-11,48.0,
2019-12-12,48.0,
2019-12-13,52.0,
2019-12-14,18.0,
2019-12-15,9.0,
2019-12-16,46.0,
2019-12-17,39.0,
2019-12-18,37.0,
2019-12-19,34.0,
2019-12-20,43.0,
2019-12-21,11.0,
2019-12-22,12.0,
2019-12-23,41.0,
2019-12-24,45.0,
2019-12-25,17.0,
2019-12-26,30.0,
2019-12-27,57.0,
2019-12-28,11.0,
2019-12-29,9.0,
2019-12-30,35.0,
2019-12-31,38.0,
2020-01-01,29.0,
2020-01-02,32.0,
2020-01-03,35.0,
2020-01-04,18.0,
2020-01-05,12.0,
2020-01-06,32.0,
2020-01-07,52.0,
2020-01-08,52.0,
2020-01-09,54.0,
2020-01-10,51.0,
2020-01-11,17.0,
2020-01-12,9.0,
2020-01-13,41.0,
2020-01-14,35.0,
2020-01-15,39.0,
2020-01-16,39.0,
2020-01-17,34.0,
2020-01-18,17.0,
2020-01-19,10.0,
2020-01-20,38.0,
2020-01-21,39.0,
2020-01-22,34.0,
2020-01-23,45.0,
2020-01-24,39.0,
2020-01-25,10.0,
2020-01-26,8.0,
2020-01-27,43.0,
2020-01-28,46.0,
2020-01-29,30.0,
2020-01-30,43.0,
2020-01-31,57.0,
2020-02-01,37.0,
2020-02-02,15.0,
2020-02-03,49.0,
2020-02-04,48.0,
2020-02-05,47.0,
2020-02-06,62.0,
2020-02-07,52.0,
2020-02-08,12.0,
2020-02-09,16.0,
2020-02-10,32.0,
2020-02-11,34.0,
2020-02-12,46.0,
2020-02-13,52.0,
2020-02-14,39.0,
2020-02-15,19.0,
2020-02-16,9.0,
2020-02-17,46.0,
2020-02-18,36.0,
2020-02-19,42.0,
2020-02-20,36.0,
2020-02-21,19.0,
2020-02-22,6.0,
2020-02-23,5.0,
2020-02-24,37.0,
2020-02-25,44.0,
2020-02-26,43.0,
2020-02-27,36.0,
2020-02-28,41.0,
2020-02-29,23.0,
2020-03-01,11.0,
2020-03-02,57.0,
2020-03-03,47.0,
2020-03-04,59.0,
2020-03-05,63.0,
2020-03-06,72.0,
2020-03-07,20.0,
2020-03-08,12.0,
2020-03-09,71.0,
2020-03-10,21.0,
2020-03-11,50.0,
2020-03-12,80.0,
2020-03-13,100.0,
2020-03-14,20.0,
2020-03-15,15.0,
2020-03-16,78.0,
2020-03-17,74.0,
2020-03-18,72.0,
2020-03-19,80.0,
2020-03-20,63.0,
2020-03-21,15.0,
2020-03-22,10.0,
2020-03-23,72.0,
2020-03-24,67.0,
2020-03-25,66.0,
2020-03-26,67.0,
2020-03-27,58.0,
2020-03-28,15.0,
2020-03-29,16.0,
2020-03-30,53.0,
2020-03-31,50.0,
2020-04-01,56.0,
2020-04-02,20.0,
2020-04-03,51.0,
2020-04-04,14.0,
2020-04-05,18.0,
2020-04-06,26.0,
2020-04-07,56.0,
