date,TCS,overlap
2010-01-04,29.0,1.0
2010-01-05,25.0,1.0
2010-01-06,24.0,1.0
2010-01-07,29.0,1.0
2010-01-08,30.0,1.0
2010-01-09,20.0,1.0
2010-01-10,18.0,1.0
2010-01-11,24.0,1.0
2010-01-12,28.0,1.0
2010-01-13,30.0,1.0
2010-01-14,24.0,1.0
2010-01-15,34.0,1.0
2010-01-16,23.0,1.0
2010-01-17,20.0,1.0
2010-01-18,28.0,1.0
2010-01-19,33.0,1.0
2010-01-20,28.0,1.0
2010-01-21,26.0,1.0
2010-01-22,26.0,1.0
2010-01-23,20.0,1.0
2010-01-24,17.0,1.0
2010-01-25,28.0,1.0
2010-01-26,19.0,1.0
2010-01-27,26.0,1.0
2010-01-28,29.0,1.0
2010-01-29,28.0,1.0
2010-01-30,21.0,1.0
2010-01-31,17.0,1.0
2010-02-01,26.0,1.0
2010-02-02,23.0,
2010-02-03,29.0,
2010-02-04,24.0,
2010-02-05,28.0,
2010-02-06,20.0,
2010-02-07,23.0,
2010-02-08,32.0,
2010-02-09,29.0,
2010-02-10,32.0,
2010-02-11,27.0,
2010-02-12,27.0,
2010-02-13,17.0,
2010-02-14,18.0,
2010-02-15,29.0,
2010-02-16,23.0,
2010-02-17,30.0,
2010-02-18,27.0,
2010-02-19,26.0,
2010-02-20,19.0,
2010-02-21,16.0,
2010-02-22,22.0,
2010-02-23,24.0,
2010-02-24,22.0,
2010-02-25,24.0,
2010-02-26,23.0,
2010-02-27,14.0,
2010-02-28,17.0,
2010-03-01,22.0,
2010-03-02,25.0,
2010-03-03,26.0,
2010-03-04,25.0,
2010-03-05,23.0,
2010-03-06,22.0,
2010-03-07,15.0,
2010-03-08,29.0,
2010-03-09,27.0,
2010-03-10,24.0,
2010-03-11,22.0,
2010-03-12,29.0,
2010-03-13,18.0,
2010-03-14,18.0,
2010-03-15,25.0,
2010-03-16,25.0,
2010-03-17,26.0,
2010-03-18,28.0,
2010-03-19,28.0,
2010-03-20,17.0,
2010-03-21,20.0,
2010-03-22,22.0,
2010-03-23,25.0,
2010-03-24,22.0,
2010-03-25,21.0,
2010-03-26,29.0,
2010-03-27,21.0,
2010-03-28,15.0,
2010-03-29,22.0,
2010-03-30,28.0,
2010-03-31,21.0,
2010-04-01,27.0,
2010-04-02,21.0,
2010-04-03,17.0,
2010-04-04,21.0,
2010-04-05,26.0,
2010-04-06,25.0,
2010-04-07,26.0,
2010-04-08,23.0,
2010-04-09,22.0,
2010-04-10,20.0,
2010-04-11,18.0,1.0
2010-04-12,27.0,1.0
2010-04-13,27.0,1.0
2010-04-14,24.0,1.0
2010-04-15,25.0,1.0
2010-04-16,25.0,1.0
2010-04-17,22.0,1.0
2010-04-18,16.0,1.0
2010-04-19,55.0,1.0
2010-04-20,38.0,1.0
2010-04-21,29.0,1.0
2010-04-22,28.0,1.0
2010-04-23,29.0,1.0
2010-04-24,20.0,1.0
2010-04-25,14.0,1.0
2010-04-26,28.0,1.0
2010-04-27,29.0,1.0
2010-04-28,27.0,1.0
2010-04-29,27.0,1.0
2010-04-30,28.0,1.0
2010-05-01,23.0,1.0
2010-05-02,19.0,1.0
2010-05-03,27.0,1.0
2010-05-04,22.0,1.0
2010-05-05,26.0,1.0
2010-05-06,29.0,1.0
2010-05-07,26.0,1.0
2010-05-08,25.0,1.0
2010-05-09,15.0,1.0
2010-05-10,26.0,1.0
2010-05-11,27.0,1.0
2010-05-12,26.0,1.0
2010-05-13,23.0,1.0
2010-05-14,27.0,1.0
2010-05-15,22.0,1.0
2010-05-16,18.0,1.0
2010-05-17,22.0,1.0
2010-05-18,28.0,1.0
2010-05-19,28.0,1.0
2010-05-20,28.0,1.0
2010-05-21,27.0,1.0
2010-05-22,20.0,1.0
2010-05-23,21.0,1.0
2010-05-24,24.0,1.0
2010-05-25,26.0,1.0
2010-05-26,22.0,1.0
2010-05-27,22.0,1.0
2010-05-28,24.0,1.0
2010-05-29,19.0,1.0
2010-05-30,22.0,1.0
2010-05-31,27.0,1.0
2010-06-01,25.0,1.0
2010-06-02,25.0,1.0
2010-06-03,27.0,1.0
2010-06-04,24.0,1.0
2010-06-05,20.0,1.0
2010-06-06,19.0,1.0
2010-06-07,28.0,1.0
2010-06-08,24.0,1.0
2010-06-09,25.0,1.0
2010-06-10,23.0,1.0
2010-06-11,28.0,1.0
2010-06-12,21.0,1.0
2010-06-13,17.0,1.0
2010-06-14,29.0,1.0
2010-06-15,28.0,1.0
2010-06-16,26.0,1.0
2010-06-17,28.0,1.0
2010-06-18,26.0,1.0
2010-06-19,26.0,1.0
2010-06-20,20.0,1.0
2010-06-21,27.0,1.0
2010-06-22,24.0,1.0
2010-06-23,24.0,1.0
2010-06-24,26.0,1.0
2010-06-25,26.0,1.0
2010-06-26,20.0,1.0
2010-06-27,19.0,1.0
2010-06-28,33.0,1.0
2010-06-29,29.0,1.0
2010-06-30,24.0,1.0
2010-07-01,29.0,1.0
2010-07-02,30.0,1.0
2010-07-03,23.0,1.0
2010-07-04,21.0,1.0
2010-07-05,27.0,1.0
2010-07-06,26.0,1.0
2010-07-07,30.0,1.0
2010-07-08,27.0,1.0
2010-07-09,33.0,1.0
2010-07-10,29.0,1.0
2010-07-11,22.0,1.0
2010-07-12,26.0,1.0
2010-07-13,31.0,1.0
2010-07-14,31.0,1.0
2010-07-15,38.0,1.0
2010-07-16,37.0,1.0
2010-07-17,34.0,1.0
2010-07-18,24.0,1.0
2010-07-19,30.0,1.0
2010-07-20,27.0,1.0
2010-07-21,29.0,
2010-07-22,27.0,
2010-07-23,27.0,
2010-07-24,26.0,
2010-07-25,21.0,
2010-07-26,32.0,
2010-07-27,27.0,
2010-07-28,23.0,
2010-07-29,32.0,
2010-07-30,35.0,
2010-07-31,28.0,
2010-08-01,19.0,
2010-08-02,36.0,
2010-08-03,39.0,
2010-08-04,37.0,
2010-08-05,37.0,
2010-08-06,35.0,
2010-08-07,31.0,
2010-08-08,31.0,
2010-08-09,42.0,
2010-08-10,39.0,
2010-08-11,34.0,
2010-08-12,41.0,
2010-08-13,43.0,
2010-08-14,34.0,
2010-08-15,28.0,
2010-08-16,37.0,
2010-08-17,39.0,
2010-08-18,39.0,
2010-08-19,49.0,
2010-08-20,55.0,
2010-08-21,44.0,
2010-08-22,32.0,
2010-08-23,35.0,
2010-08-24,34.0,
2010-08-25,44.0,
2010-08-26,41.0,
2010-08-27,48.0,
2010-08-28,42.0,
2010-08-29,30.0,
2010-08-30,34.0,
2010-08-31,31.0,
2010-09-01,28.0,
2010-09-02,22.0,
2010-09-03,32.0,
2010-09-04,22.0,
2010-09-05,24.0,
2010-09-06,40.0,
2010-09-07,36.0,
2010-09-08,34.0,
2010-09-09,29.0,
2010-09-10,15.0,
2010-09-11,15.0,
2010-09-12,17.0,
2010-09-13,37.0,
2010-09-14,36.0,
2010-09-15,25.0,
2010-09-16,33.0,
2010-09-17,36.0,
2010-09-18,20.0,
2010-09-19,26.0,
2010-09-20,31.0,
2010-09-21,34.0,
2010-09-22,33.0,
2010-09-23,28.0,
2010-09-24,32.0,
2010-09-25,26.0,
2010-09-26,22.0,
2010-09-27,29.0,1.0
2010-09-28,36.0,1.0
2010-09-29,30.0,1.0
2010-09-30,26.0,1.0
2010-10-01,31.0,1.0
2010-10-02,16.0,1.0
2010-10-03,18.0,1.0
2010-10-04,28.0,1.0
2010-10-05,28.0,1.0
2010-10-06,30.0,1.0
2010-10-07,24.0,1.0
2010-10-08,25.0,1.0
2010-10-09,23.0,1.0
2010-10-10,23.0,1.0
2010-10-11,32.0,1.0
2010-10-12,34.0,1.0
2010-10-13,28.0,1.0
2010-10-14,30.0,1.0
2010-10-15,30.0,1.0
2010-10-16,22.0,1.0
2010-10-17,19.0,1.0
2010-10-18,35.0,1.0
2010-10-19,32.0,1.0
2010-10-20,25.0,1.0
2010-10-21,41.0,1.0
2010-10-22,38.0,1.0
2010-10-23,31.0,1.0
2010-10-24,23.0,1.0
2010-10-25,34.0,1.0
2010-10-26,30.0,1.0
2010-10-27,29.0,1.0
2010-10-28,32.0,1.0
2010-10-29,31.0,1.0
2010-10-30,26.0,1.0
2010-10-31,17.0,1.0
2010-11-01,27.0,1.0
2010-11-02,28.0,1.0
2010-11-03,25.0,1.0
2010-11-04,26.0,1.0
2010-11-05,17.0,1.0
2010-11-06,18.0,1.0
2010-11-07,20.0,1.0
2010-11-08,25.0,1.0
2010-11-09,28.0,1.0
2010-11-10,26.0,1.0
2010-11-11,29.0,1.0
2010-11-12,27.0,1.0
2010-11-13,30.0,1.0
2010-11-14,19.0,1.0
2010-11-15,32.0,1.0
2010-11-16,35.0,1.0
2010-11-17,29.0,1.0
2010-11-18,36.0,1.0
2010-11-19,28.0,1.0
2010-11-20,29.0,1.0
2010-11-21,20.0,1.0
2010-11-22,27.0,1.0
2010-11-23,36.0,1.0
2010-11-24,30.0,1.0
2010-11-25,30.0,1.0
2010-11-26,36.0,1.0
2010-11-27,30.0,1.0
2010-11-28,24.0,1.0
2010-11-29,31.0,1.0
2010-11-30,34.0,1.0
2010-12-01,34.0,1.0
2010-12-02,30.0,1.0
2010-12-03,35.0,1.0
2010-12-04,30.0,1.0
2010-12-05,22.0,1.0
2010-12-06,28.0,1.0
2010-12-07,33.0,1.0
2010-12-08,37.0,1.0
2010-12-09,33.0,1.0
2010-12-10,32.0,1.0
2010-12-11,28.0,1.0
2010-12-12,18.0,1.0
2010-12-13,31.0,1.0
2010-12-14,29.0,1.0
2010-12-15,34.0,1.0
2010-12-16,32.0,1.0
2010-12-17,35.0,1.0
2010-12-18,28.0,1.0
2010-12-19,27.0,1.0
2010-12-20,29.0,1.0
2010-12-21,29.0,1.0
2010-12-22,27.0,1.0
2010-12-23,35.0,1.0
2010-12-24,33.0,1.0
2010-12-25,31.0,1.0
2010-12-26,23.0,1.0
2010-12-27,39.0,1.0
2010-12-28,36.0,1.0
2010-12-29,34.0,1.0
2010-12-30,36.0,1.0
2010-12-31,29.0,1.0
2011-01-01,31.0,1.0
2011-01-02,29.0,1.0
2011-01-03,41.0,1.0
2011-01-04,33.0,1.0
2011-01-05,32.0,1.0
2011-01-06,37.0,
2011-01-07,28.0,
2011-01-08,22.0,
2011-01-09,22.0,
2011-01-10,34.0,
2011-01-11,32.0,
2011-01-12,30.0,
2011-01-13,35.0,
2011-01-14,29.0,
2011-01-15,26.0,
2011-01-16,23.0,
2011-01-17,48.0,
2011-01-18,39.0,
2011-01-19,34.0,
2011-01-20,31.0,
2011-01-21,38.0,
2011-01-22,22.0,
2011-01-23,20.0,
2011-01-24,37.0,
2011-01-25,33.0,
2011-01-26,28.0,
2011-01-27,35.0,
2011-01-28,28.0,
2011-01-29,32.0,
2011-01-30,21.0,
2011-01-31,30.0,
2011-02-01,35.0,
2011-02-02,27.0,
2011-02-03,33.0,
2011-02-04,28.0,
2011-02-05,24.0,
2011-02-06,20.0,
2011-02-07,34.0,
2011-02-08,36.0,
2011-02-09,31.0,
2011-02-10,28.0,
2011-02-11,35.0,
2011-02-12,33.0,
2011-02-13,22.0,
2011-02-14,29.0,
2011-02-15,29.0,
2011-02-16,27.0,
2011-02-17,27.0,
2011-02-18,25.0,
2011-02-19,19.0,
2011-02-20,22.0,
2011-02-21,27.0,
2011-02-22,32.0,
2011-02-23,33.0,
2011-02-24,25.0,
2011-02-25,31.0,
2011-02-26,20.0,
2011-02-27,18.0,
2011-02-28,33.0,
2011-03-01,26.0,
2011-03-02,24.0,
2011-03-03,25.0,
2011-03-04,28.0,
2011-03-05,22.0,
2011-03-06,22.0,
2011-03-07,30.0,
2011-03-08,30.0,
2011-03-09,32.0,
2011-03-10,26.0,
2011-03-11,29.0,
2011-03-12,21.0,
2011-03-13,16.0,
2011-03-14,30.0,
2011-03-15,29.0,1.0
2011-03-16,27.0,1.0
2011-03-17,28.0,1.0
2011-03-18,26.0,1.0
2011-03-19,17.0,1.0
2011-03-20,17.0,1.0
2011-03-21,28.0,1.0
2011-03-22,30.0,1.0
2011-03-23,26.0,1.0
2011-03-24,25.0,1.0
2011-03-25,24.0,1.0
2011-03-26,22.0,1.0
2011-03-27,19.0,1.0
2011-03-28,28.0,1.0
2011-03-29,26.0,1.0
2011-03-30,22.0,1.0
2011-03-31,23.0,1.0
2011-04-01,28.0,1.0
2011-04-02,16.0,1.0
2011-04-03,17.0,1.0
2011-04-04,22.0,1.0
2011-04-05,25.0,1.0
2011-04-06,26.0,1.0
2011-04-07,27.0,1.0
2011-04-08,25.0,1.0
2011-04-09,21.0,1.0
2011-04-10,20.0,1.0
2011-04-11,28.0,1.0
2011-04-12,27.0,1.0
2011-04-13,26.0,1.0
2011-04-14,27.0,1.0
2011-04-15,28.0,1.0
2011-04-16,21.0,1.0
2011-04-17,19.0,1.0
2011-04-18,30.0,1.0
2011-04-19,30.0,1.0
2011-04-20,33.0,1.0
2011-04-21,49.0,1.0
2011-04-22,26.0,1.0
2011-04-23,27.0,1.0
2011-04-24,22.0,1.0
2011-04-25,36.0,1.0
2011-04-26,30.0,1.0
2011-04-27,27.0,1.0
2011-04-28,25.0,1.0
2011-04-29,26.0,1.0
2011-04-30,24.0,1.0
2011-05-01,20.0,1.0
2011-05-02,25.0,1.0
2011-05-03,26.0,1.0
2011-05-04,24.0,1.0
2011-05-05,29.0,1.0
2011-05-06,27.0,1.0
2011-05-07,20.0,1.0
2011-05-08,21.0,1.0
2011-05-09,27.0,1.0
2011-05-10,27.0,1.0
2011-05-11,26.0,1.0
2011-05-12,22.0,1.0
2011-05-13,23.0,1.0
2011-05-14,18.0,1.0
2011-05-15,20.0,1.0
2011-05-16,24.0,1.0
2011-05-17,27.0,1.0
2011-05-18,23.0,1.0
2011-05-19,26.0,1.0
2011-05-20,23.0,1.0
2011-05-21,20.0,1.0
2011-05-22,21.0,1.0
2011-05-23,27.0,1.0
2011-05-24,28.0,1.0
2011-05-25,25.0,1.0
2011-05-26,26.0,1.0
2011-05-27,27.0,1.0
2011-05-28,21.0,1.0
2011-05-29,20.0,1.0
2011-05-30,24.0,1.0
2011-05-31,28.0,1.0
2011-06-01,27.0,1.0
2011-06-02,28.0,1.0
2011-06-03,25.0,1.0
2011-06-04,25.0,1.0
2011-06-05,25.0,1.0
2011-06-06,26.0,1.0
2011-06-07,27.0,1.0
2011-06-08,26.0,1.0
2011-06-09,26.0,1.0
2011-06-10,24.0,1.0
2011-06-11,24.0,1.0
2011-06-12,18.0,1.0
2011-06-13,24.0,1.0
2011-06-14,27.0,1.0
2011-06-15,28.0,1.0
2011-06-16,24.0,1.0
2011-06-17,29.0,1.0
2011-06-18,23.0,1.0
2011-06-19,24.0,1.0
2011-06-20,26.0,1.0
2011-06-21,26.0,1.0
2011-06-22,29.0,1.0
2011-06-23,34.0,1.0
2011-06-24,29.0,
2011-06-25,22.0,
2011-06-26,22.0,
2011-06-27,28.0,
2011-06-28,28.0,
2011-06-29,30.0,
2011-06-30,28.0,
2011-07-01,32.0,
2011-07-02,24.0,
2011-07-03,23.0,
2011-07-04,28.0,
2011-07-05,29.0,
2011-07-06,30.0,
2011-07-07,29.0,
2011-07-08,26.0,
2011-07-09,24.0,
2011-07-10,21.0,
2011-07-11,30.0,
2011-07-12,32.0,
2011-07-13,31.0,
2011-07-14,36.0,
2011-07-15,36.0,
2011-07-16,24.0,
2011-07-17,21.0,
2011-07-18,32.0,
2011-07-19,32.0,
2011-07-20,31.0,
2011-07-21,31.0,
2011-07-22,29.0,
2011-07-23,28.0,
2011-07-24,22.0,
2011-07-25,29.0,
2011-07-26,29.0,
2011-07-27,32.0,
2011-07-28,32.0,
2011-07-29,30.0,
2011-07-30,27.0,
2011-07-31,22.0,
2011-08-01,32.0,
2011-08-02,29.0,
2011-08-03,33.0,
2011-08-04,32.0,
2011-08-05,34.0,
2011-08-06,29.0,
2011-08-07,31.0,
2011-08-08,40.0,
2011-08-09,30.0,
2011-08-10,34.0,
2011-08-11,30.0,
2011-08-12,32.0,
2011-08-13,28.0,
2011-08-14,25.0,
2011-08-15,23.0,
2011-08-16,27.0,
2011-08-17,28.0,
2011-08-18,36.0,
2011-08-19,37.0,
2011-08-20,35.0,
2011-08-21,31.0,
2011-08-22,30.0,
2011-08-23,35.0,
2011-08-24,36.0,
2011-08-25,34.0,
2011-08-26,35.0,
2011-08-27,34.0,
2011-08-28,30.0,
2011-08-29,34.0,
2011-08-30,35.0,
2011-08-31,27.0,1.0
2011-09-01,30.0,1.0
2011-09-02,32.0,1.0
2011-09-03,26.0,1.0
2011-09-04,26.0,1.0
2011-09-05,35.0,1.0
2011-09-06,32.0,1.0
2011-09-07,32.0,1.0
2011-09-08,34.0,1.0
2011-09-09,36.0,1.0
2011-09-10,30.0,1.0
2011-09-11,27.0,1.0
2011-09-12,34.0,1.0
2011-09-13,32.0,1.0
2011-09-14,34.0,1.0
2011-09-15,36.0,1.0
2011-09-16,36.0,1.0
2011-09-17,30.0,1.0
2011-09-18,29.0,1.0
2011-09-19,34.0,1.0
2011-09-20,31.0,1.0
2011-09-21,31.0,1.0
2011-09-22,30.0,1.0
2011-09-23,29.0,1.0
2011-09-24,30.0,1.0
2011-09-25,19.0,1.0
2011-09-26,28.0,1.0
2011-09-27,29.0,1.0
2011-09-28,30.0,1.0
2011-09-29,24.0,1.0
2011-09-30,29.0,1.0
2011-10-01,22.0,1.0
2011-10-02,19.0,1.0
2011-10-03,28.0,1.0
2011-10-04,25.0,1.0
2011-10-05,22.0,1.0
2011-10-06,22.0,1.0
2011-10-07,27.0,1.0
2011-10-08,26.0,1.0
2011-10-09,20.0,1.0
2011-10-10,30.0,1.0
2011-10-11,27.0,1.0
2011-10-12,28.0,1.0
2011-10-13,30.0,1.0
2011-10-14,26.0,1.0
2011-10-15,23.0,1.0
2011-10-16,25.0,1.0
2011-10-17,38.0,1.0
2011-10-18,30.0,1.0
2011-10-19,27.0,1.0
2011-10-20,27.0,1.0
2011-10-21,22.0,1.0
2011-10-22,20.0,1.0
2011-10-23,16.0,1.0
2011-10-24,21.0,1.0
2011-10-25,18.0,1.0
2011-10-26,17.0,1.0
2011-10-27,21.0,1.0
2011-10-28,19.0,1.0
2011-10-29,19.0,1.0
2011-10-30,14.0,1.0
2011-10-31,24.0,1.0
2011-11-01,26.0,1.0
2011-11-02,24.0,1.0
2011-11-03,25.0,1.0
2011-11-04,26.0,1.0
2011-11-05,18.0,1.0
2011-11-06,17.0,1.0
2011-11-07,23.0,1.0
2011-11-08,21.0,1.0
2011-11-09,23.0,1.0
2011-11-10,25.0,1.0
2011-11-11,21.0,1.0
2011-11-12,18.0,1.0
2011-11-13,18.0,1.0
2011-11-14,25.0,1.0
2011-11-15,27.0,1.0
2011-11-16,22.0,1.0
2011-11-17,22.0,1.0
2011-11-18,20.0,1.0
2011-11-19,20.0,1.0
2011-11-20,16.0,1.0
2011-11-21,23.0,1.0
2011-11-22,24.0,1.0
2011-11-23,23.0,1.0
2011-11-24,26.0,1.0
2011-11-25,23.0,1.0
2011-11-26,19.0,1.0
2011-11-27,17.0,1.0
2011-11-28,22.0,1.0
2011-11-29,22.0,1.0
2011-11-30,26.0,1.0
2011-12-01,21.0,1.0
2011-12-02,21.0,1.0
2011-12-03,19.0,1.0
2011-12-04,15.0,1.0
2011-12-05,21.0,1.0
2011-12-06,21.0,1.0
2011-12-07,24.0,1.0
2011-12-08,24.0,1.0
2011-12-09,21.0,1.0
2011-12-10,18.0,
2011-12-11,12.0,
2011-12-12,19.0,
2011-12-13,19.0,
2011-12-14,19.0,
2011-12-15,23.0,
2011-12-16,25.0,
2011-12-17,16.0,
2011-12-18,18.0,
2011-12-19,23.0,
2011-12-20,24.0,
2011-12-21,23.0,
2011-12-22,17.0,
2011-12-23,21.0,
2011-12-24,14.0,
2011-12-25,13.0,
2011-12-26,17.0,
2011-12-27,19.0,
2011-12-28,23.0,
2011-12-29,25.0,
2011-12-30,22.0,
2011-12-31,21.0,
2012-01-01,12.0,
2012-01-02,25.0,
2012-01-03,23.0,
2012-01-04,25.0,
2012-01-05,17.0,
2012-01-06,26.0,
2012-01-07,19.0,
2012-01-08,15.0,
2012-01-09,23.0,
2012-01-10,23.0,
2012-01-11,22.0,
2012-01-12,20.0,
2012-01-13,20.0,
2012-01-14,16.0,
2012-01-15,12.0,
2012-01-16,23.0,
2012-01-17,38.0,
2012-01-18,25.0,
2012-01-19,25.0,
2012-01-20,24.0,
2012-01-21,17.0,
2012-01-22,17.0,
2012-01-23,22.0,
2012-01-24,20.0,
2012-01-25,25.0,
2012-01-26,20.0,
2012-01-27,22.0,
2012-01-28,14.0,
2012-01-29,14.0,
2012-01-30,22.0,
2012-01-31,22.0,
2012-02-01,20.0,
2012-02-02,24.0,
2012-02-03,23.0,
2012-02-04,22.0,
2012-02-05,20.0,
2012-02-06,26.0,
2012-02-07,22.0,
2012-02-08,23.0,
2012-02-09,25.0,
2012-02-10,23.0,
2012-02-11,19.0,
2012-02-12,16.0,
2012-02-13,25.0,
2012-02-14,25.0,
2012-02-15,26.0,
2012-02-16,23.0,1.0
2012-02-17,22.0,1.0
2012-02-18,16.0,1.0
2012-02-19,14.0,1.0
2012-02-20,21.0,1.0
2012-02-21,22.0,1.0
2012-02-22,22.0,1.0
2012-02-23,23.0,1.0
2012-02-24,21.0,1.0
2012-02-25,18.0,1.0
2012-02-26,17.0,1.0
2012-02-27,23.0,1.0
2012-02-28,21.0,1.0
2012-02-29,21.0,1.0
2012-03-01,22.0,1.0
2012-03-02,24.0,1.0
2012-03-03,18.0,1.0
2012-03-04,15.0,1.0
2012-03-05,23.0,1.0
2012-03-06,21.0,1.0
2012-03-07,19.0,1.0
2012-03-08,19.0,1.0
2012-03-09,21.0,1.0
2012-03-10,16.0,1.0
2012-03-11,14.0,1.0
2012-03-12,26.0,1.0
2012-03-13,23.0,1.0
2012-03-14,24.0,1.0
2012-03-15,22.0,1.0
2012-03-16,23.0,1.0
2012-03-17,14.0,1.0
2012-03-18,14.0,1.0
2012-03-19,22.0,1.0
2012-03-20,21.0,1.0
2012-03-21,22.0,1.0
2012-03-22,20.0,1.0
2012-03-23,20.0,1.0
2012-03-24,16.0,1.0
2012-03-25,18.0,1.0
2012-03-26,23.0,1.0
2012-03-27,22.0,1.0
2012-03-28,22.0,1.0
2012-03-29,24.0,1.0
2012-03-30,24.0,1.0
2012-03-31,17.0,1.0
2012-04-01,18.0,1.0
2012-04-02,23.0,1.0
2012-04-03,22.0,1.0
2012-04-04,26.0,1.0
2012-04-05,25.0,1.0
2012-04-06,20.0,1.0
2012-04-07,20.0,1.0
2012-04-08,15.0,1.0
2012-04-09,25.0,1.0
2012-04-10,23.0,1.0
2012-04-11,21.0,1.0
2012-04-12,20.0,1.0
2012-04-13,23.0,1.0
2012-04-14,16.0,1.0
2012-04-15,12.0,1.0
2012-04-16,23.0,1.0
2012-04-17,23.0,1.0
2012-04-18,23.0,1.0
2012-04-19,25.0,1.0
2012-04-20,22.0,1.0
2012-04-21,18.0,1.0
2012-04-22,15.0,1.0
2012-04-23,40.0,1.0
2012-04-24,33.0,1.0
2012-04-25,25.0,1.0
2012-04-26,22.0,1.0
2012-04-27,25.0,1.0
2012-04-28,18.0,1.0
2012-04-29,17.0,1.0
2012-04-30,21.0,1.0
2012-05-01,20.0,1.0
2012-05-02,23.0,1.0
2012-05-03,22.0,1.0
2012-05-04,23.0,1.0
2012-05-05,19.0,1.0
2012-05-06,15.0,1.0
2012-05-07,23.0,1.0
2012-05-08,22.0,1.0
2012-05-09,28.0,1.0
2012-05-10,25.0,1.0
2012-05-11,27.0,1.0
2012-05-12,22.0,1.0
2012-05-13,17.0,1.0
2012-05-14,24.0,1.0
2012-05-15,22.0,1.0
2012-05-16,25.0,1.0
2012-05-17,24.0,1.0
2012-05-18,22.0,1.0
2012-05-19,18.0,1.0
2012-05-20,18.0,1.0
2012-05-21,25.0,1.0
2012-05-22,23.0,1.0
2012-05-23,23.0,1.0
2012-05-24,22.0,1.0
2012-05-25,26.0,1.0
2012-05-26,18.0,1.0
2012-05-27,18.0,
2012-05-28,24.0,
2012-05-29,24.0,
2012-05-30,23.0,
2012-05-31,23.0,
2012-06-01,19.0,
2012-06-02,17.0,
2012-06-03,17.0,
2012-06-04,23.0,
2012-06-05,21.0,
2012-06-06,20.0,
2012-06-07,21.0,
2012-06-08,21.0,
2012-06-09,19.0,
2012-06-10,15.0,
2012-06-11,20.0,
2012-06-12,22.0,
2012-06-13,23.0,
2012-06-14,21.0,
2012-06-15,21.0,
2012-06-16,17.0,
2012-06-17,16.0,
2012-06-18,25.0,
2012-06-19,23.0,
2012-06-20,23.0,
2012-06-21,21.0,
2012-06-22,21.0,
2012-06-23,17.0,
2012-06-24,18.0,
2012-06-25,24.0,
2012-06-26,28.0,
2012-06-27,26.0,
2012-06-28,21.0,
2012-06-29,25.0,
2012-06-30,18.0,
2012-07-01,22.0,
2012-07-02,28.0,
2012-07-03,27.0,
2012-07-04,26.0,
2012-07-05,27.0,
2012-07-06,27.0,
2012-07-07,21.0,
2012-07-08,21.0,
2012-07-09,25.0,
2012-07-10,29.0,
2012-07-11,31.0,
2012-07-12,36.0,
2012-07-13,29.0,
2012-07-14,23.0,
2012-07-15,27.0,
2012-07-16,32.0,
2012-07-17,27.0,
2012-07-18,31.0,
2012-07-19,26.0,
2012-07-20,27.0,
2012-07-21,22.0,
2012-07-22,19.0,
2012-07-23,30.0,
2012-07-24,26.0,
2012-07-25,24.0,
2012-07-26,24.0,
2012-07-27,25.0,
2012-07-28,23.0,
2012-07-29,17.0,
2012-07-30,28.0,
2012-07-31,25.0,
2012-08-01,23.0,
2012-08-02,21.0,
2012-08-03,26.0,1.0
2012-08-04,23.0,1.0
2012-08-05,17.0,1.0
2012-08-06,26.0,1.0
2012-08-07,26.0,1.0
2012-08-08,25.0,1.0
2012-08-09,25.0,1.0
2012-08-10,24.0,1.0
2012-08-11,20.0,1.0
2012-08-12,16.0,1.0
2012-08-13,27.0,1.0
2012-08-14,22.0,1.0
2012-08-15,20.0,1.0
2012-08-16,27.0,1.0
2012-08-17,27.0,1.0
2012-08-18,25.0,1.0
2012-08-19,19.0,1.0
2012-08-20,25.0,1.0
2012-08-21,23.0,1.0
2012-08-22,21.0,1.0
2012-08-23,29.0,1.0
2012-08-24,27.0,1.0
2012-08-25,23.0,1.0
2012-08-26,18.0,1.0
2012-08-27,27.0,1.0
2012-08-28,27.0,1.0
2012-08-29,25.0,1.0
2012-08-30,31.0,1.0
2012-08-31,26.0,1.0
2012-09-01,24.0,1.0
2012-09-02,19.0,1.0
2012-09-03,26.0,1.0
2012-09-04,28.0,1.0
2012-09-05,28.0,1.0
2012-09-06,28.0,1.0
2012-09-07,31.0,1.0
2012-09-08,26.0,1.0
2012-09-09,21.0,1.0
2012-09-10,32.0,1.0
2012-09-11,30.0,1.0
2012-09-12,30.0,1.0
2012-09-13,27.0,1.0
2012-09-14,30.0,1.0
2012-09-15,23.0,1.0
2012-09-16,22.0,1.0
2012-09-17,31.0,1.0
2012-09-18,29.0,1.0
2012-09-19,24.0,1.0
2012-09-20,29.0,1.0
2012-09-21,27.0,1.0
2012-09-22,24.0,1.0
2012-09-23,21.0,1.0
2012-09-24,27.0,1.0
2012-09-25,29.0,1.0
2012-09-26,32.0,1.0
2012-09-27,33.0,1.0
2012-09-28,31.0,1.0
2012-09-29,26.0,1.0
2012-09-30,21.0,1.0
2012-10-01,29.0,1.0
2012-10-02,22.0,1.0
2012-10-03,30.0,1.0
2012-10-04,30.0,1.0
2012-10-05,29.0,1.0
2012-10-06,27.0,1.0
2012-10-07,23.0,1.0
2012-10-08,27.0,1.0
2012-10-09,30.0,1.0
2012-10-10,27.0,1.0
2012-10-11,28.0,1.0
2012-10-12,28.0,1.0
2012-10-13,24.0,1.0
2012-10-14,20.0,1.0
2012-10-15,27.0,1.0
2012-10-16,25.0,1.0
2012-10-17,27.0,1.0
2012-10-18,26.0,1.0
2012-10-19,31.0,1.0
2012-10-20,24.0,1.0
2012-10-21,21.0,1.0
2012-10-22,26.0,1.0
2012-10-23,24.0,1.0
2012-10-24,22.0,1.0
2012-10-25,26.0,1.0
2012-10-26,23.0,1.0
2012-10-27,20.0,1.0
2012-10-28,20.0,1.0
2012-10-29,23.0,1.0
2012-10-30,22.0,1.0
2012-10-31,23.0,1.0
2012-11-01,21.0,1.0
2012-11-02,22.0,1.0
2012-11-03,17.0,1.0
2012-11-04,16.0,1.0
2012-11-05,21.0,1.0
2012-11-06,21.0,1.0
2012-11-07,20.0,1.0
2012-11-08,20.0,1.0
2012-11-09,17.0,1.0
2012-11-10,16.0,1.0
2012-11-11,14.0,1.0
2012-11-12,18.0,
2012-11-13,15.0,
2012-11-14,19.0,
2012-11-15,20.0,
2012-11-16,20.0,
2012-11-17,18.0,
2012-11-18,15.0,
2012-11-19,24.0,
2012-11-20,22.0,
2012-11-21,22.0,
2012-11-22,22.0,
2012-11-23,19.0,
2012-11-24,15.0,
2012-11-25,12.0,
2012-11-26,21.0,
2012-11-27,23.0,
2012-11-28,21.0,
2012-11-29,25.0,
2012-11-30,26.0,
2012-12-01,18.0,
2012-12-02,18.0,
2012-12-03,20.0,
2012-12-04,24.0,
2012-12-05,20.0,
2012-12-06,25.0,
2012-12-07,29.0,
2012-12-08,18.0,
2012-12-09,16.0,
2012-12-10,23.0,
2012-12-11,23.0,
2012-12-12,21.0,
2012-12-13,23.0,
2012-12-14,23.0,
2012-12-15,17.0,
2012-12-16,16.0,
2012-12-17,24.0,
2012-12-18,22.0,
2012-12-19,21.0,
2012-12-20,19.0,
2012-12-21,22.0,
2012-12-22,17.0,
2012-12-23,13.0,
2012-12-24,17.0,
2012-12-25,16.0,
2012-12-26,19.0,
2012-12-27,24.0,
2012-12-28,23.0,
2012-12-29,18.0,
2012-12-30,14.0,
2012-12-31,21.0,
2013-01-01,20.0,
2013-01-02,23.0,
2013-01-03,21.0,
2013-01-04,29.0,
2013-01-05,20.0,
2013-01-06,22.0,
2013-01-07,23.0,
2013-01-08,22.0,
2013-01-09,23.0,
2013-01-10,21.0,
2013-01-11,22.0,
2013-01-12,17.0,
2013-01-13,14.0,
2013-01-14,26.0,
2013-01-15,26.0,
2013-01-16,26.0,
2013-01-17,24.0,
2013-01-18,23.0,
2013-01-19,17.0,1.0
2013-01-20,16.0,1.0
2013-01-21,21.0,1.0
2013-01-22,20.0,1.0
2013-01-23,21.0,1.0
2013-01-24,20.0,1.0
2013-01-25,17.0,1.0
2013-01-26,14.0,1.0
2013-01-27,14.0,1.0
2013-01-28,22.0,1.0
2013-01-29,22.0,1.0
2013-01-30,20.0,1.0
2013-01-31,21.0,1.0
2013-02-01,21.0,1.0
2013-02-02,16.0,1.0
2013-02-03,15.0,1.0
2013-02-04,22.0,1.0
2013-02-05,22.0,1.0
2013-02-06,23.0,1.0
2013-02-07,26.0,1.0
2013-02-08,24.0,1.0
2013-02-09,20.0,1.0
2013-02-10,18.0,1.0
2013-02-11,24.0,1.0
2013-02-12,28.0,1.0
2013-02-13,27.0,1.0
2013-02-14,24.0,1.0
2013-02-15,26.0,1.0
2013-02-16,18.0,1.0
2013-02-17,18.0,1.0
2013-02-18,26.0,1.0
2013-02-19,29.0,1.0
2013-02-20,32.0,1.0
2013-02-21,35.0,1.0
2013-02-22,26.0,1.0
2013-02-23,23.0,1.0
2013-02-24,21.0,1.0
2013-02-25,25.0,1.0
2013-02-26,24.0,1.0
2013-02-27,31.0,1.0
2013-02-28,25.0,1.0
2013-03-01,24.0,1.0
2013-03-02,18.0,1.0
2013-03-03,16.0,1.0
2013-03-04,22.0,1.0
2013-03-05,23.0,1.0
2013-03-06,25.0,1.0
2013-03-07,22.0,1.0
2013-03-08,22.0,1.0
2013-03-09,15.0,1.0
2013-03-10,15.0,1.0
2013-03-11,22.0,1.0
2013-03-12,22.0,1.0
2013-03-13,21.0,1.0
2013-03-14,22.0,1.0
2013-03-15,20.0,1.0
2013-03-16,16.0,1.0
2013-03-17,14.0,1.0
2013-03-18,21.0,1.0
2013-03-19,22.0,1.0
2013-03-20,22.0,1.0
2013-03-21,21.0,1.0
2013-03-22,23.0,1.0
2013-03-23,17.0,1.0
2013-03-24,15.0,1.0
2013-03-25,24.0,1.0
2013-03-26,22.0,1.0
2013-03-27,19.0,1.0
2013-03-28,23.0,1.0
2013-03-29,22.0,1.0
2013-03-30,18.0,1.0
2013-03-31,15.0,1.0
2013-04-01,23.0,1.0
2013-04-02,21.0,1.0
2013-04-03,23.0,1.0
2013-04-04,25.0,1.0
2013-04-05,23.0,1.0
2013-04-06,19.0,1.0
2013-04-07,16.0,1.0
2013-04-08,23.0,1.0
2013-04-09,22.0,1.0
2013-04-10,23.0,1.0
2013-04-11,22.0,1.0
2013-04-12,23.0,1.0
2013-04-13,17.0,1.0
2013-04-14,17.0,1.0
2013-04-15,24.0,1.0
2013-04-16,26.0,1.0
2013-04-17,37.0,1.0
2013-04-18,28.0,1.0
2013-04-19,24.0,1.0
2013-04-20,20.0,1.0
2013-04-21,17.0,1.0
2013-04-22,22.0,1.0
2013-04-23,24.0,1.0
2013-04-24,22.0,1.0
2013-04-25,21.0,1.0
2013-04-26,22.0,1.0
2013-04-27,17.0,1.0
2013-04-28,15.0,1.0
2013-04-29,24.0,1.0
2013-04-30,23.0,
2013-05-01,18.0,
2013-05-02,22.0,
2013-05-03,19.0,
2013-05-04,17.0,
2013-05-05,15.0,
2013-05-06,19.0,
2013-05-07,26.0,
2013-05-08,25.0,
2013-05-09,21.0,
2013-05-10,21.0,
2013-05-11,16.0,
2013-05-12,15.0,
2013-05-13,23.0,
2013-05-14,22.0,
2013-05-15,22.0,
2013-05-16,18.0,
2013-05-17,20.0,
2013-05-18,20.0,
2013-05-19,18.0,
2013-05-20,25.0,
2013-05-21,22.0,
2013-05-22,23.0,
2013-05-23,20.0,
2013-05-24,21.0,
2013-05-25,18.0,
2013-05-26,15.0,
2013-05-27,18.0,
2013-05-28,20.0,
2013-05-29,21.0,
2013-05-30,24.0,
2013-05-31,23.0,
2013-06-01,19.0,
2013-06-02,17.0,
2013-06-03,23.0,
2013-06-04,23.0,
2013-06-05,24.0,
2013-06-06,23.0,
2013-06-07,22.0,
2013-06-08,21.0,
2013-06-09,18.0,
2013-06-10,22.0,
2013-06-11,21.0,
2013-06-12,22.0,
2013-06-13,24.0,
2013-06-14,25.0,
2013-06-15,18.0,
2013-06-16,15.0,
2013-06-17,26.0,
2013-06-18,23.0,
2013-06-19,23.0,
2013-06-20,25.0,
2013-06-21,23.0,
2013-06-22,18.0,
2013-06-23,18.0,
2013-06-24,23.0,
2013-06-25,24.0,
2013-06-26,24.0,
2013-06-27,23.0,
2013-06-28,23.0,
2013-06-29,19.0,
2013-06-30,18.0,
2013-07-01,25.0,
2013-07-02,24.0,
2013-07-03,23.0,
2013-07-04,24.0,
2013-07-05,27.0,
2013-07-06,18.0,
2013-07-07,18.0,1.0
2013-07-08,25.0,1.0
2013-07-09,25.0,1.0
2013-07-10,24.0,1.0
2013-07-11,27.0,1.0
2013-07-12,27.0,1.0
2013-07-13,22.0,1.0
2013-07-14,19.0,1.0
2013-07-15,29.0,1.0
2013-07-16,27.0,1.0
2013-07-17,28.0,1.0
2013-07-18,33.0,1.0
2013-07-19,35.0,1.0
2013-07-20,22.0,1.0
2013-07-21,20.0,1.0
2013-07-22,26.0,1.0
2013-07-23,28.0,1.0
2013-07-24,29.0,1.0
2013-07-25,31.0,1.0
2013-07-26,29.0,1.0
2013-07-27,24.0,1.0
2013-07-28,20.0,1.0
2013-07-29,36.0,1.0
2013-07-30,31.0,1.0
2013-07-31,30.0,1.0
2013-08-01,32.0,1.0
2013-08-02,30.0,1.0
2013-08-03,25.0,1.0
2013-08-04,21.0,1.0
2013-08-05,34.0,1.0
2013-08-06,34.0,1.0
2013-08-07,35.0,1.0
2013-08-08,37.0,1.0
2013-08-09,30.0,1.0
2013-08-10,31.0,1.0
2013-08-11,24.0,1.0
2013-08-12,36.0,1.0
2013-08-13,39.0,1.0
2013-08-14,37.0,1.0
2013-08-15,21.0,1.0
2013-08-16,28.0,1.0
2013-08-17,25.0,1.0
2013-08-18,21.0,1.0
2013-08-19,27.0,1.0
2013-08-20,26.0,1.0
2013-08-21,25.0,1.0
2013-08-22,29.0,1.0
2013-08-23,27.0,1.0
2013-08-24,22.0,1.0
2013-08-25,19.0,1.0
2013-08-26,26.0,1.0
2013-08-27,26.0,1.0
2013-08-28,25.0,1.0
2013-08-29,28.0,1.0
2013-08-30,30.0,1.0
2013-08-31,24.0,1.0
2013-09-01,20.0,1.0
2013-09-02,28.0,1.0
2013-09-03,27.0,1.0
2013-09-04,28.0,1.0
2013-09-05,28.0,1.0
2013-09-06,32.0,1.0
2013-09-07,23.0,1.0
2013-09-08,19.0,1.0
2013-09-09,22.0,1.0
2013-09-10,29.0,1.0
2013-09-11,27.0,1.0
2013-09-12,27.0,1.0
2013-09-13,27.0,1.0
2013-09-14,25.0,1.0
2013-09-15,22.0,1.0
2013-09-16,30.0,1.0
2013-09-17,29.0,1.0
2013-09-18,30.0,1.0
2013-09-19,30.0,1.0
2013-09-20,30.0,1.0
2013-09-21,28.0,1.0
2013-09-22,23.0,1.0
2013-09-23,31.0,1.0
2013-09-24,32.0,1.0
2013-09-25,32.0,1.0
2013-09-26,32.0,1.0
2013-09-27,31.0,1.0
2013-09-28,27.0,1.0
2013-09-29,25.0,1.0
2013-09-30,31.0,1.0
2013-10-01,28.0,1.0
2013-10-02,24.0,1.0
2013-10-03,31.0,1.0
2013-10-04,28.0,1.0
2013-10-05,26.0,1.0
2013-10-06,20.0,1.0
2013-10-07,31.0,1.0
2013-10-08,27.0,1.0
2013-10-09,29.0,1.0
2013-10-10,28.0,1.0
2013-10-11,30.0,1.0
2013-10-12,23.0,1.0
2013-10-13,19.0,1.0
2013-10-14,30.0,1.0
2013-10-15,34.0,1.0
2013-10-16,29.0,
2013-10-17,30.0,
2013-10-18,31.0,
2013-10-19,23.0,
2013-10-20,24.0,
2013-10-21,33.0,
2013-10-22,27.0,
2013-10-23,29.0,
2013-10-24,29.0,
2013-10-25,26.0,
2013-10-26,23.0,
2013-10-27,18.0,
2013-10-28,28.0,
2013-10-29,24.0,
2013-10-30,25.0,
2013-10-31,24.0,
2013-11-01,22.0,
2013-11-02,14.0,
2013-11-03,15.0,
2013-11-04,23.0,
2013-11-05,23.0,
2013-11-06,25.0,
2013-11-07,24.0,
2013-11-08,25.0,
2013-11-09,20.0,
2013-11-10,15.0,
2013-11-11,28.0,
2013-11-12,29.0,
2013-11-13,24.0,
2013-11-14,23.0,
2013-11-15,24.0,
2013-11-16,20.0,
2013-11-17,17.0,
2013-11-18,27.0,
2013-11-19,24.0,
2013-11-20,27.0,
2013-11-21,25.0,
2013-11-22,25.0,
2013-11-23,21.0,
2013-11-24,17.0,
2013-11-25,28.0,
2013-11-26,28.0,
2013-11-27,23.0,
2013-11-28,26.0,
2013-11-29,27.0,
2013-11-30,21.0,
2013-12-01,18.0,
2013-12-02,30.0,
2013-12-03,27.0,
2013-12-04,25.0,
2013-12-05,24.0,
2013-12-06,22.0,
2013-12-07,18.0,
2013-12-08,16.0,
2013-12-09,25.0,
2013-12-10,24.0,
2013-12-11,21.0,
2013-12-12,23.0,
2013-12-13,24.0,
2013-12-14,17.0,
2013-12-15,15.0,
2013-12-16,24.0,
2013-12-17,24.0,
2013-12-18,26.0,
2013-12-19,25.0,
2013-12-20,23.0,
2013-12-21,17.0,
2013-12-22,17.0,
2013-12-23,27.0,1.0
2013-12-24,23.0,1.0
2013-12-25,23.0,1.0
2013-12-26,29.0,1.0
2013-12-27,26.0,1.0
2013-12-28,23.0,1.0
2013-12-29,21.0,1.0
2013-12-30,26.0,1.0
2013-12-31,23.0,1.0
2014-01-01,23.0,1.0
2014-01-02,23.0,1.0
2014-01-03,24.0,1.0
2014-01-04,27.0,1.0
2014-01-05,23.0,1.0
2014-01-06,31.0,1.0
2014-01-07,29.0,1.0
2014-01-08,26.0,1.0
2014-01-09,25.0,1.0
2014-01-10,26.0,1.0
2014-01-11,19.0,1.0
2014-01-12,18.0,1.0
2014-01-13,28.0,1.0
2014-01-14,22.0,1.0
2014-01-15,27.0,1.0
2014-01-16,36.0,1.0
2014-01-17,36.0,1.0
2014-01-18,28.0,1.0
2014-01-19,20.0,1.0
2014-01-20,30.0,1.0
2014-01-21,30.0,1.0
2014-01-22,29.0,1.0
2014-01-23,28.0,1.0
2014-01-24,28.0,1.0
2014-01-25,22.0,1.0
2014-01-26,19.0,1.0
2014-01-27,29.0,1.0
2014-01-28,27.0,1.0
2014-01-29,29.0,1.0
2014-01-30,30.0,1.0
2014-01-31,30.0,1.0
2014-02-01,20.0,1.0
2014-02-02,20.0,1.0
2014-02-03,29.0,1.0
2014-02-04,29.0,1.0
2014-02-05,29.0,1.0
2014-02-06,24.0,1.0
2014-02-07,34.0,1.0
2014-02-08,29.0,1.0
2014-02-09,23.0,1.0
2014-02-10,54.0,1.0
2014-02-11,74.0,1.0
2014-02-12,45.0,1.0
2014-02-13,45.0,1.0
2014-02-14,42.0,1.0
2014-02-15,23.0,1.0
2014-02-16,19.0,1.0
2014-02-17,28.0,1.0
2014-02-18,28.0,1.0
2014-02-19,27.0,1.0
2014-02-20,30.0,1.0
2014-02-21,29.0,1.0
2014-02-22,32.0,1.0
2014-02-23,28.0,1.0
2014-02-24,43.0,1.0
2014-02-25,43.0,1.0
2014-02-26,42.0,1.0
2014-02-27,35.0,1.0
2014-02-28,35.0,1.0
2014-03-01,24.0,1.0
2014-03-02,22.0,1.0
2014-03-03,38.0,1.0
2014-03-04,39.0,1.0
2014-03-05,45.0,1.0
2014-03-06,46.0,1.0
2014-03-07,77.0,1.0
2014-03-08,38.0,1.0
2014-03-09,25.0,1.0
2014-03-10,36.0,1.0
2014-03-11,35.0,1.0
2014-03-12,33.0,1.0
2014-03-13,33.0,1.0
2014-03-14,28.0,1.0
2014-03-15,21.0,1.0
2014-03-16,18.0,1.0
2014-03-17,22.0,1.0
2014-03-18,27.0,1.0
2014-03-19,30.0,1.0
2014-03-20,26.0,1.0
2014-03-21,26.0,1.0
2014-03-22,20.0,1.0
2014-03-23,16.0,1.0
2014-03-24,26.0,1.0
2014-03-25,27.0,1.0
2014-03-26,30.0,1.0
2014-03-27,30.0,1.0
2014-03-28,28.0,1.0
2014-03-29,20.0,1.0
2014-03-30,18.0,1.0
2014-03-31,25.0,1.0
2014-04-01,26.0,1.0
2014-04-02,26.0,1.0
2014-04-03,27.0,
2014-04-04,31.0,
2014-04-05,22.0,
2014-04-06,18.0,
2014-04-07,26.0,
2014-04-08,26.0,
2014-04-09,28.0,
2014-04-10,26.0,
2014-04-11,28.0,
2014-04-12,18.0,
2014-04-13,18.0,
2014-04-14,24.0,
2014-04-15,29.0,
2014-04-16,38.0,
2014-04-17,35.0,
2014-04-18,25.0,
2014-04-19,24.0,
2014-04-20,19.0,
2014-04-21,29.0,
2014-04-22,31.0,
2014-04-23,29.0,
2014-04-24,24.0,
2014-04-25,27.0,
2014-04-26,21.0,
2014-04-27,19.0,
2014-04-28,29.0,
2014-04-29,23.0,
2014-04-30,24.0,
2014-05-01,21.0,
2014-05-02,26.0,
2014-05-03,19.0,
2014-05-04,18.0,
2014-05-05,26.0,
2014-05-06,26.0,
2014-05-07,24.0,
2014-05-08,27.0,
2014-05-09,24.0,
2014-05-10,18.0,
2014-05-11,18.0,
2014-05-12,28.0,
2014-05-13,27.0,
2014-05-14,28.0,
2014-05-15,25.0,
2014-05-16,22.0,
2014-05-17,27.0,
2014-05-18,23.0,
2014-05-19,30.0,
2014-05-20,28.0,
2014-05-21,25.0,
2014-05-22,27.0,
2014-05-23,28.0,
2014-05-24,19.0,
2014-05-25,18.0,
2014-05-26,26.0,
2014-05-27,28.0,
2014-05-28,28.0,
2014-05-29,28.0,
2014-05-30,25.0,
2014-05-31,21.0,
2014-06-01,20.0,
2014-06-02,28.0,
2014-06-03,27.0,
2014-06-04,26.0,
2014-06-05,31.0,
2014-06-06,31.0,
2014-06-07,27.0,
2014-06-08,18.0,
2014-06-09,30.0,
2014-06-10,26.0,1.0
2014-06-11,32.0,1.0
2014-06-12,34.0,1.0
2014-06-13,31.0,1.0
2014-06-14,25.0,1.0
2014-06-15,22.0,1.0
2014-06-16,33.0,1.0
2014-06-17,31.0,1.0
2014-06-18,30.0,1.0
2014-06-19,28.0,1.0
2014-06-20,30.0,1.0
2014-06-21,22.0,1.0
2014-06-22,21.0,1.0
2014-06-23,31.0,1.0
2014-06-24,33.0,1.0
2014-06-25,29.0,1.0
2014-06-26,28.0,1.0
2014-06-27,31.0,1.0
2014-06-28,26.0,1.0
2014-06-29,20.0,1.0
2014-06-30,34.0,1.0
2014-07-01,30.0,1.0
2014-07-02,33.0,1.0
2014-07-03,35.0,1.0
2014-07-04,36.0,1.0
2014-07-05,26.0,1.0
2014-07-06,22.0,1.0
2014-07-07,34.0,1.0
2014-07-08,38.0,1.0
2014-07-09,33.0,1.0
2014-07-10,35.0,1.0
2014-07-11,34.0,1.0
2014-07-12,27.0,1.0
2014-07-13,21.0,1.0
2014-07-14,34.0,1.0
2014-07-15,32.0,1.0
2014-07-16,38.0,1.0
2014-07-17,43.0,1.0
2014-07-18,39.0,1.0
2014-07-19,33.0,1.0
2014-07-20,23.0,1.0
2014-07-21,36.0,1.0
2014-07-22,39.0,1.0
2014-07-23,39.0,1.0
2014-07-24,46.0,1.0
2014-07-25,45.0,1.0
2014-07-26,38.0,1.0
2014-07-27,27.0,1.0
2014-07-28,38.0,1.0
2014-07-29,29.0,1.0
2014-07-30,37.0,1.0
2014-07-31,42.0,1.0
2014-08-01,37.0,1.0
2014-08-02,28.0,1.0
2014-08-03,26.0,1.0
2014-08-04,37.0,1.0
2014-08-05,43.0,1.0
2014-08-06,43.0,1.0
2014-08-07,44.0,1.0
2014-08-08,48.0,1.0
2014-08-09,33.0,1.0
2014-08-10,26.0,1.0
2014-08-11,39.0,1.0
2014-08-12,33.0,1.0
2014-08-13,40.0,1.0
2014-08-14,40.0,1.0
2014-08-15,25.0,1.0
2014-08-16,24.0,1.0
2014-08-17,23.0,1.0
2014-08-18,33.0,1.0
2014-08-19,38.0,1.0
2014-08-20,36.0,1.0
2014-08-21,41.0,1.0
2014-08-22,39.0,1.0
2014-08-23,31.0,1.0
2014-08-24,26.0,1.0
2014-08-25,40.0,1.0
2014-08-26,36.0,1.0
2014-08-27,38.0,1.0
2014-08-28,39.0,1.0
2014-08-29,29.0,1.0
2014-08-30,31.0,1.0
2014-08-31,28.0,1.0
2014-09-01,38.0,1.0
2014-09-02,42.0,1.0
2014-09-03,44.0,1.0
2014-09-04,41.0,1.0
2014-09-05,43.0,1.0
2014-09-06,37.0,1.0
2014-09-07,31.0,1.0
2014-09-08,43.0,1.0
2014-09-09,44.0,1.0
2014-09-10,42.0,1.0
2014-09-11,45.0,1.0
2014-09-12,45.0,1.0
2014-09-13,37.0,1.0
2014-09-14,34.0,1.0
2014-09-15,45.0,1.0
2014-09-16,49.0,1.0
2014-09-17,44.0,1.0
2014-09-18,44.0,1.0
2014-09-19,41.0,
2014-09-20,39.0,
2014-09-21,33.0,
2014-09-22,42.0,
2014-09-23,42.0,
2014-09-24,40.0,
2014-09-25,39.0,
2014-09-26,39.0,
2014-09-27,34.0,
2014-09-28,30.0,
2014-09-29,34.0,
2014-09-30,34.0,
2014-10-01,31.0,
2014-10-02,25.0,
2014-10-03,26.0,
2014-10-04,26.0,
2014-10-05,22.0,
2014-10-06,29.0,
2014-10-07,34.0,
2014-10-08,35.0,
2014-10-09,38.0,
2014-10-10,34.0,
2014-10-11,30.0,
2014-10-12,30.0,
2014-10-13,39.0,
2014-10-14,34.0,
2014-10-15,41.0,
2014-10-16,44.0,
2014-10-17,43.0,
2014-10-18,29.0,
2014-10-19,29.0,
2014-10-20,39.0,
2014-10-21,35.0,
2014-10-22,27.0,
2014-10-23,24.0,
2014-10-24,29.0,
2014-10-25,23.0,
2014-10-26,24.0,
2014-10-27,31.0,
2014-10-28,33.0,
2014-10-29,33.0,
2014-10-30,37.0,
2014-10-31,38.0,
2014-11-01,25.0,
2014-11-02,40.0,
2014-11-03,38.0,
2014-11-04,34.0,
2014-11-05,34.0,
2014-11-06,31.0,
2014-11-07,33.0,
2014-11-08,21.0,
2014-11-09,20.0,
2014-11-10,32.0,
2014-11-11,36.0,
2014-11-12,31.0,
2014-11-13,33.0,
2014-11-14,31.0,
2014-11-15,23.0,
2014-11-16,21.0,
2014-11-17,29.0,
2014-11-18,34.0,
2014-11-19,30.0,
2014-11-20,34.0,
2014-11-21,31.0,
2014-11-22,24.0,
2014-11-23,20.0,
2014-11-24,31.0,
2014-11-25,32.0,
2014-11-26,28.0,1.0
2014-11-27,30.0,1.0
2014-11-28,31.0,1.0
2014-11-29,21.0,1.0
2014-11-30,17.0,1.0
2014-12-01,28.0,1.0
2014-12-02,28.0,1.0
2014-12-03,29.0,1.0
2014-12-04,31.0,1.0
2014-12-05,29.0,1.0
2014-12-06,19.0,1.0
2014-12-07,19.0,1.0
2014-12-08,30.0,1.0
2014-12-09,30.0,1.0
2014-12-10,32.0,1.0
2014-12-11,36.0,1.0
2014-12-12,39.0,1.0
2014-12-13,25.0,1.0
2014-12-14,22.0,1.0
2014-12-15,35.0,1.0
2014-12-16,36.0,1.0
2014-12-17,34.0,1.0
2014-12-18,38.0,1.0
2014-12-19,41.0,1.0
2014-12-20,27.0,1.0
2014-12-21,22.0,1.0
2014-12-22,41.0,1.0
2014-12-23,42.0,1.0
2014-12-24,44.0,1.0
2014-12-25,28.0,1.0
2014-12-26,38.0,1.0
2014-12-27,31.0,1.0
2014-12-28,26.0,1.0
2014-12-29,48.0,1.0
2014-12-30,47.0,1.0
2014-12-31,36.0,1.0
2015-01-01,33.0,1.0
2015-01-02,41.0,1.0
2015-01-03,32.0,1.0
2015-01-04,31.0,1.0
2015-01-05,50.0,1.0
2015-01-06,49.0,1.0
2015-01-07,43.0,1.0
2015-01-08,38.0,1.0
2015-01-09,40.0,1.0
2015-01-10,32.0,1.0
2015-01-11,32.0,1.0
2015-01-12,53.0,1.0
2015-01-13,54.0,1.0
2015-01-14,47.0,1.0
2015-01-15,51.0,1.0
2015-01-16,42.0,1.0
2015-01-17,30.0,1.0
2015-01-18,24.0,1.0
2015-01-19,39.0,1.0
2015-01-20,45.0,1.0
2015-01-21,42.0,1.0
2015-01-22,42.0,1.0
2015-01-23,38.0,1.0
2015-01-24,30.0,1.0
2015-01-25,23.0,1.0
2015-01-26,25.0,1.0
2015-01-27,38.0,1.0
2015-01-28,41.0,1.0
2015-01-29,46.0,1.0
2015-01-30,43.0,1.0
2015-01-31,31.0,1.0
2015-02-01,29.0,1.0
2015-02-02,49.0,1.0
2015-02-03,55.0,1.0
2015-02-04,62.0,1.0
2015-02-05,71.0,1.0
2015-02-06,100.0,1.0
2015-02-07,36.0,1.0
2015-02-08,31.0,1.0
2015-02-09,47.0,1.0
2015-02-10,41.0,1.0
2015-02-11,48.0,1.0
2015-02-12,52.0,1.0
2015-02-13,48.0,1.0
2015-02-14,38.0,1.0
2015-02-15,36.0,1.0
2015-02-16,48.0,1.0
2015-02-17,51.0,1.0
2015-02-18,58.0,1.0
2015-02-19,80.0,1.0
2015-02-20,45.0,1.0
2015-02-21,31.0,1.0
2015-02-22,22.0,1.0
2015-02-23,36.0,1.0
2015-02-24,44.0,1.0
2015-02-25,72.0,1.0
2015-02-26,48.0,1.0
2015-02-27,40.0,1.0
2015-02-28,29.0,1.0
2015-03-01,28.0,1.0
2015-03-02,36.0,1.0
2015-03-03,34.0,1.0
2015-03-04,34.0,1.0
2015-03-05,29.0,1.0
2015-03-06,26.0,1.0
2015-03-07,23.0,
2015-03-08,21.0,
2015-03-09,32.0,
2015-03-10,31.0,
2015-03-11,29.0,
2015-03-12,29.0,
2015-03-13,31.0,
2015-03-14,24.0,
2015-03-15,21.0,
2015-03-16,29.0,
2015-03-17,33.0,
2015-03-18,32.0,
2015-03-19,29.0,
2015-03-20,29.0,
2015-03-21,25.0,
2015-03-22,20.0,
2015-03-23,28.0,
2015-03-24,28.0,
2015-03-25,30.0,
2015-03-26,26.0,
2015-03-27,29.0,
2015-03-28,24.0,
2015-03-29,21.0,
2015-03-30,32.0,
2015-03-31,35.0,
2015-04-01,33.0,
2015-04-02,35.0,
2015-04-03,32.0,
2015-04-04,28.0,
2015-04-05,23.0,
2015-04-06,33.0,
2015-04-07,33.0,
2015-04-08,30.0,
2015-04-09,30.0,
2015-04-10,34.0,
2015-04-11,24.0,
2015-04-12,19.0,
2015-04-13,32.0,
2015-04-14,31.0,
2015-04-15,32.0,
2015-04-16,62.0,
2015-04-17,53.0,
2015-04-18,29.0,
2015-04-19,25.0,
2015-04-20,36.0,
2015-04-21,33.0,
2015-04-22,32.0,
2015-04-23,33.0,
2015-04-24,31.0,
2015-04-25,22.0,
2015-04-26,19.0,
2015-04-27,31.0,
2015-04-28,28.0,
2015-04-29,32.0,
2015-04-30,30.0,
2015-05-01,23.0,
2015-05-02,21.0,
2015-05-03,18.0,
2015-05-04,32.0,
2015-05-05,31.0,
2015-05-06,31.0,
2015-05-07,35.0,
2015-05-08,29.0,
2015-05-09,24.0,
2015-05-10,19.0,
2015-05-11,34.0,
2015-05-12,30.0,
2015-05-13,32.0,
2015-05-14,34.0,1.0
2015-05-15,32.0,1.0
2015-05-16,25.0,1.0
2015-05-17,24.0,1.0
2015-05-18,32.0,1.0
2015-05-19,30.0,1.0
2015-05-20,31.0,1.0
2015-05-21,33.0,1.0
2015-05-22,35.0,1.0
2015-05-23,23.0,1.0
2015-05-24,18.0,1.0
2015-05-25,33.0,1.0
2015-05-26,31.0,1.0
2015-05-27,32.0,1.0
2015-05-28,33.0,1.0
2015-05-29,35.0,1.0
2015-05-30,23.0,1.0
2015-05-31,21.0,1.0
2015-06-01,33.0,1.0
2015-06-02,32.0,1.0
2015-06-03,32.0,1.0
2015-06-04,34.0,1.0
2015-06-05,33.0,1.0
2015-06-06,26.0,1.0
2015-06-07,21.0,1.0
2015-06-08,32.0,1.0
2015-06-09,32.0,1.0
2015-06-10,32.0,1.0
2015-06-11,31.0,1.0
2015-06-12,36.0,1.0
2015-06-13,22.0,1.0
2015-06-14,22.0,1.0
2015-06-15,34.0,1.0
2015-06-16,32.0,1.0
2015-06-17,36.0,1.0
2015-06-18,34.0,1.0
2015-06-19,35.0,1.0
2015-06-20,29.0,1.0
2015-06-21,21.0,1.0
2015-06-22,35.0,1.0
2015-06-23,33.0,1.0
2015-06-24,34.0,1.0
2015-06-25,34.0,1.0
2015-06-26,35.0,1.0
2015-06-27,27.0,1.0
2015-06-28,24.0,1.0
2015-06-29,37.0,1.0
2015-06-30,39.0,1.0
2015-07-01,36.0,1.0
2015-07-02,38.0,1.0
2015-07-03,38.0,1.0
2015-07-04,25.0,1.0
2015-07-05,24.0,1.0
2015-07-06,38.0,1.0
2015-07-07,38.0,1.0
2015-07-08,40.0,1.0
2015-07-09,48.0,1.0
2015-07-10,44.0,1.0
2015-07-11,33.0,1.0
2015-07-12,26.0,1.0
2015-07-13,41.0,1.0
2015-07-14,42.0,1.0
2015-07-15,45.0,1.0
2015-07-16,47.0,1.0
2015-07-17,42.0,1.0
2015-07-18,31.0,1.0
2015-07-19,26.0,1.0
2015-07-20,36.0,1.0
2015-07-21,36.0,1.0
2015-07-22,40.0,1.0
2015-07-23,51.0,1.0
2015-07-24,43.0,1.0
2015-07-25,30.0,1.0
2015-07-26,26.0,1.0
2015-07-27,42.0,1.0
2015-07-28,37.0,1.0
2015-07-29,41.0,1.0
2015-07-30,43.0,1.0
2015-07-31,46.0,1.0
2015-08-01,34.0,1.0
2015-08-02,27.0,1.0
2015-08-03,59.0,1.0
2015-08-04,54.0,1.0
2015-08-05,69.0,1.0
2015-08-06,48.0,1.0
2015-08-07,51.0,1.0
2015-08-08,43.0,1.0
2015-08-09,24.0,1.0
2015-08-10,36.0,1.0
2015-08-11,39.0,1.0
2015-08-12,41.0,1.0
2015-08-13,43.0,1.0
2015-08-14,35.0,1.0
2015-08-15,28.0,1.0
2015-08-16,28.0,1.0
2015-08-17,41.0,1.0
2015-08-18,44.0,1.0
2015-08-19,46.0,1.0
2015-08-20,47.0,1.0
2015-08-21,44.0,1.0
2015-08-22,36.0,1.0
2015-08-23,28.0,
2015-08-24,48.0,
2015-08-25,50.0,
2015-08-26,50.0,
2015-08-27,46.0,
2015-08-28,41.0,
2015-08-29,31.0,
2015-08-30,34.0,
2015-08-31,51.0,
2015-09-01,44.0,
2015-09-02,48.0,
2015-09-03,48.0,
2015-09-04,48.0,
2015-09-05,35.0,
2015-09-06,30.0,
2015-09-07,48.0,
2015-09-08,45.0,
2015-09-09,43.0,
2015-09-10,46.0,
2015-09-11,46.0,
2015-09-12,36.0,
2015-09-13,31.0,
2015-09-14,47.0,
2015-09-15,44.0,
2015-09-16,42.0,
2015-09-17,38.0,
2015-09-18,41.0,
2015-09-19,34.0,
2015-09-20,29.0,
2015-09-21,43.0,
2015-09-22,49.0,
2015-09-23,48.0,
2015-09-24,41.0,
2015-09-25,37.0,
2015-09-26,30.0,
2015-09-27,32.0,
2015-09-28,43.0,
2015-09-29,43.0,
2015-09-30,47.0,
2015-10-01,39.0,
2015-10-02,31.0,
2015-10-03,33.0,
2015-10-04,29.0,
2015-10-05,42.0,
2015-10-06,44.0,
2015-10-07,41.0,
2015-10-08,42.0,
2015-10-09,44.0,
2015-10-10,34.0,
2015-10-11,30.0,
2015-10-12,49.0,
2015-10-13,56.0,
2015-10-14,49.0,
2015-10-15,44.0,
2015-10-16,46.0,
2015-10-17,35.0,
2015-10-18,29.0,
2015-10-19,44.0,
2015-10-20,41.0,
2015-10-21,37.0,
2015-10-22,30.0,
2015-10-23,38.0,
2015-10-24,26.0,
2015-10-25,23.0,
2015-10-26,37.0,
2015-10-27,41.0,
2015-10-28,37.0,
2015-10-29,39.0,
2015-10-30,43.0,1.0
2015-10-31,31.0,1.0
2015-11-01,41.0,1.0
2015-11-02,50.0,1.0
2015-11-03,43.0,1.0
2015-11-04,45.0,1.0
2015-11-05,47.0,1.0
2015-11-06,41.0,1.0
2015-11-07,33.0,1.0
2015-11-08,29.0,1.0
2015-11-09,33.0,1.0
2015-11-10,28.0,1.0
2015-11-11,24.0,1.0
2015-11-12,32.0,1.0
2015-11-13,32.0,1.0
2015-11-14,23.0,1.0
2015-11-15,20.0,1.0
2015-11-16,35.0,1.0
2015-11-17,34.0,1.0
2015-11-18,37.0,1.0
2015-11-19,36.0,1.0
2015-11-20,36.0,1.0
2015-11-21,24.0,1.0
2015-11-22,21.0,1.0
2015-11-23,38.0,1.0
2015-11-24,43.0,1.0
2015-11-25,38.0,1.0
2015-11-26,41.0,1.0
2015-11-27,37.0,1.0
2015-11-28,29.0,1.0
2015-11-29,29.0,1.0
2015-11-30,45.0,1.0
2015-12-01,44.0,1.0
2015-12-02,40.0,1.0
2015-12-03,36.0,1.0
2015-12-04,36.0,1.0
2015-12-05,26.0,1.0
2015-12-06,22.0,1.0
2015-12-07,36.0,1.0
2015-12-08,43.0,1.0
2015-12-09,38.0,1.0
2015-12-10,39.0,1.0
2015-12-11,37.0,1.0
2015-12-12,25.0,1.0
2015-12-13,24.0,1.0
2015-12-14,38.0,1.0
2015-12-15,36.0,1.0
2015-12-16,40.0,1.0
2015-12-17,37.0,1.0
2015-12-18,37.0,1.0
2015-12-19,24.0,1.0
2015-12-20,20.0,1.0
2015-12-21,34.0,1.0
2015-12-22,35.0,1.0
2015-12-23,33.0,1.0
2015-12-24,34.0,1.0
2015-12-25,22.0,1.0
2015-12-26,22.0,1.0
2015-12-27,22.0,1.0
2015-12-28,36.0,1.0
2015-12-29,36.0,1.0
2015-12-30,39.0,1.0
2015-12-31,36.0,1.0
2016-01-01,26.0,1.0
2016-01-02,24.0,1.0
2016-01-03,19.0,1.0
2016-01-04,36.0,1.0
2016-01-05,37.0,1.0
2016-01-06,39.0,1.0
2016-01-07,37.0,1.0
2016-01-08,32.0,1.0
2016-01-09,23.0,1.0
2016-01-10,19.0,1.0
2016-01-11,32.0,1.0
2016-01-12,37.0,1.0
2016-01-13,38.0,1.0
2016-01-14,32.0,1.0
2016-01-15,27.0,1.0
2016-01-16,22.0,1.0
2016-01-17,18.0,1.0
2016-01-18,35.0,1.0
2016-01-19,39.0,1.0
2016-01-20,40.0,1.0
2016-01-21,47.0,1.0
2016-01-22,42.0,1.0
2016-01-23,33.0,1.0
2016-01-24,28.0,1.0
2016-01-25,42.0,1.0
2016-01-26,26.0,1.0
2016-01-27,40.0,1.0
2016-01-28,40.0,1.0
2016-01-29,43.0,1.0
2016-01-30,29.0,1.0
2016-01-31,24.0,1.0
2016-02-01,43.0,1.0
2016-02-02,44.0,1.0
2016-02-03,45.0,1.0
2016-02-04,53.0,1.0
2016-02-05,51.0,1.0
2016-02-06,40.0,1.0
2016-02-07,37.0,1.0
2016-02-08,80.0,
2016-02-09,46.0,
2016-02-10,58.0,
2016-02-11,43.0,
2016-02-12,40.0,
2016-02-13,27.0,
2016-02-14,21.0,
2016-02-15,38.0,
2016-02-16,39.0,
2016-02-17,43.0,
2016-02-18,41.0,
2016-02-19,39.0,
2016-02-20,26.0,
2016-02-21,21.0,
2016-02-22,41.0,
2016-02-23,35.0,
2016-02-24,36.0,
2016-02-25,44.0,
2016-02-26,51.0,
2016-02-27,35.0,
2016-02-28,31.0,
2016-02-29,57.0,
2016-03-01,67.0,
2016-03-02,46.0,
2016-03-03,40.0,
2016-03-04,39.0,
2016-03-05,27.0,
2016-03-06,20.0,
2016-03-07,34.0,
2016-03-08,35.0,
2016-03-09,39.0,
2016-03-10,40.0,
2016-03-11,39.0,
2016-03-12,25.0,
2016-03-13,21.0,
2016-03-14,40.0,
2016-03-15,35.0,
2016-03-16,37.0,
2016-03-17,35.0,
2016-03-18,34.0,
2016-03-19,23.0,
2016-03-20,20.0,
2016-03-21,36.0,
2016-03-22,31.0,
2016-03-23,31.0,
2016-03-24,31.0,
2016-03-25,27.0,
2016-03-26,19.0,
2016-03-27,16.0,
2016-03-28,35.0,
2016-03-29,37.0,
2016-03-30,39.0,
2016-03-31,35.0,
2016-04-01,36.0,
2016-04-02,23.0,
2016-04-03,22.0,
2016-04-04,42.0,
2016-04-05,34.0,
2016-04-06,34.0,
2016-04-07,36.0,
2016-04-08,32.0,
2016-04-09,25.0,
2016-04-10,23.0,
2016-04-11,39.0,
2016-04-12,35.0,
2016-04-13,38.0,
2016-04-14,33.0,
2016-04-15,36.0,
2016-04-16,40.0,1.0
2016-04-17,29.0,1.0
2016-04-18,68.0,1.0
2016-04-19,45.0,1.0
2016-04-20,41.0,1.0
2016-04-21,37.0,1.0
2016-04-22,36.0,1.0
2016-04-23,24.0,1.0
2016-04-24,19.0,1.0
2016-04-25,35.0,1.0
2016-04-26,33.0,1.0
2016-04-27,34.0,1.0
2016-04-28,38.0,1.0
2016-04-29,38.0,1.0
2016-04-30,23.0,1.0
2016-05-01,20.0,1.0
2016-05-02,30.0,1.0
2016-05-03,33.0,1.0
2016-05-04,33.0,1.0
2016-05-05,37.0,1.0
2016-05-06,36.0,1.0
2016-05-07,23.0,1.0
2016-05-08,21.0,1.0
2016-05-09,34.0,1.0
2016-05-10,34.0,1.0
2016-05-11,33.0,1.0
2016-05-12,35.0,1.0
2016-05-13,35.0,1.0
2016-05-14,25.0,1.0
2016-05-15,23.0,1.0
2016-05-16,36.0,1.0
2016-05-17,34.0,1.0
2016-05-18,33.0,1.0
2016-05-19,30.0,1.0
2016-05-20,34.0,1.0
2016-05-21,22.0,1.0
2016-05-22,19.0,1.0
2016-05-23,32.0,1.0
2016-05-24,36.0,1.0
2016-05-25,36.0,1.0
2016-05-26,35.0,1.0
2016-05-27,36.0,1.0
2016-05-28,24.0,1.0
2016-05-29,18.0,1.0
2016-05-30,39.0,1.0
2016-05-31,39.0,1.0
2016-06-01,37.0,1.0
2016-06-02,37.0,1.0
2016-06-03,38.0,1.0
2016-06-04,26.0,1.0
2016-06-05,23.0,1.0
2016-06-06,38.0,1.0
2016-06-07,35.0,1.0
2016-06-08,38.0,1.0
2016-06-09,35.0,1.0
2016-06-10,33.0,1.0
2016-06-11,23.0,1.0
2016-06-12,21.0,1.0
2016-06-13,33.0,1.0
2016-06-14,34.0,1.0
2016-06-15,38.0,1.0
2016-06-16,37.0,1.0
2016-06-17,35.0,1.0
2016-06-18,24.0,1.0
2016-06-19,24.0,1.0
2016-06-20,40.0,1.0
2016-06-21,40.0,1.0
2016-06-22,46.0,1.0
2016-06-23,39.0,1.0
2016-06-24,40.0,1.0
2016-06-25,26.0,1.0
2016-06-26,21.0,1.0
2016-06-27,40.0,1.0
2016-06-28,40.0,1.0
2016-06-29,42.0,1.0
2016-06-30,39.0,1.0
2016-07-01,36.0,1.0
2016-07-02,27.0,1.0
2016-07-03,23.0,1.0
2016-07-04,37.0,1.0
2016-07-05,38.0,1.0
2016-07-06,33.0,1.0
2016-07-07,35.0,1.0
2016-07-08,37.0,1.0
2016-07-09,25.0,1.0
2016-07-10,22.0,1.0
2016-07-11,37.0,1.0
2016-07-12,42.0,1.0
2016-07-13,43.0,1.0
2016-07-14,49.0,1.0
2016-07-15,47.0,1.0
2016-07-16,30.0,1.0
2016-07-17,25.0,1.0
2016-07-18,50.0,1.0
2016-07-19,52.0,1.0
2016-07-20,46.0,1.0
2016-07-21,48.0,1.0
2016-07-22,46.0,1.0
2016-07-23,39.0,1.0
2016-07-24,29.0,1.0
2016-07-25,50.0,1.0
2016-07-26,55.0,
2016-07-27,44.0,
2016-07-28,51.0,
2016-07-29,63.0,
2016-07-30,45.0,
2016-07-31,21.0,
2016-08-01,38.0,
2016-08-02,42.0,
2016-08-03,40.0,
2016-08-04,38.0,
2016-08-05,41.0,
2016-08-06,27.0,
2016-08-07,21.0,
2016-08-08,36.0,
2016-08-09,39.0,
2016-08-10,38.0,
2016-08-11,37.0,
2016-08-12,37.0,
2016-08-13,24.0,
2016-08-14,17.0,
2016-08-15,23.0,
2016-08-16,36.0,
2016-08-17,36.0,
2016-08-18,31.0,
2016-08-19,40.0,
2016-08-20,27.0,
2016-08-21,22.0,
2016-08-22,39.0,
2016-08-23,38.0,
2016-08-24,38.0,
2016-08-25,31.0,
2016-08-26,38.0,
2016-08-27,28.0,
2016-08-28,24.0,
2016-08-29,44.0,
2016-08-30,47.0,
2016-08-31,47.0,
2016-09-01,45.0,
2016-09-02,40.0,
2016-09-03,32.0,
2016-09-04,27.0,
2016-09-05,26.0,
2016-09-06,44.0,
2016-09-07,42.0,
2016-09-08,45.0,
2016-09-09,42.0,
2016-09-10,29.0,
2016-09-11,28.0,
2016-09-12,39.0,
2016-09-13,37.0,
2016-09-14,40.0,
2016-09-15,37.0,
2016-09-16,40.0,
2016-09-17,29.0,
2016-09-18,24.0,
2016-09-19,38.0,
2016-09-20,41.0,
2016-09-21,40.0,
2016-09-22,40.0,
2016-09-23,43.0,
2016-09-24,29.0,
2016-09-25,25.0,
2016-09-26,37.0,
2016-09-27,38.0,
2016-09-28,38.0,
2016-09-29,38.0,
2016-09-30,36.0,
2016-10-01,25.0,
2016-10-02,20.0,1.0
2016-10-03,36.0,1.0
2016-10-04,37.0,1.0
2016-10-05,37.0,1.0
2016-10-06,32.0,1.0
2016-10-07,33.0,1.0
2016-10-08,19.0,1.0
2016-10-09,16.0,1.0
2016-10-10,27.0,1.0
2016-10-11,22.0,1.0
2016-10-12,30.0,1.0
2016-10-13,42.0,1.0
2016-10-14,41.0,1.0
2016-10-15,26.0,1.0
2016-10-16,24.0,1.0
2016-10-17,35.0,1.0
2016-10-18,32.0,1.0
2016-10-19,32.0,1.0
2016-10-20,32.0,1.0
2016-10-21,31.0,1.0
2016-10-22,22.0,1.0
2016-10-23,18.0,1.0
2016-10-24,32.0,1.0
2016-10-25,35.0,1.0
2016-10-26,32.0,1.0
2016-10-27,31.0,1.0
2016-10-28,28.0,1.0
2016-10-29,17.0,1.0
2016-10-30,14.0,1.0
2016-10-31,22.0,1.0
2016-11-01,27.0,1.0
2016-11-02,28.0,1.0
2016-11-03,30.0,1.0
2016-11-04,31.0,1.0
2016-11-05,24.0,1.0
2016-11-06,27.0,1.0
2016-11-07,32.0,1.0
2016-11-08,31.0,1.0
2016-11-09,29.0,1.0
2016-11-10,38.0,1.0
2016-11-11,33.0,1.0
2016-11-12,19.0,1.0
2016-11-13,16.0,1.0
2016-11-14,29.0,1.0
2016-11-15,30.0,1.0
2016-11-16,30.0,1.0
2016-11-17,30.0,1.0
2016-11-18,27.0,1.0
2016-11-19,19.0,1.0
2016-11-20,14.0,1.0
2016-11-21,27.0,1.0
2016-11-22,32.0,1.0
2016-11-23,28.0,1.0
2016-11-24,30.0,1.0
2016-11-25,29.0,1.0
2016-11-26,19.0,1.0
2016-11-27,15.0,1.0
2016-11-28,28.0,1.0
2016-11-29,31.0,1.0
2016-11-30,33.0,1.0
2016-12-01,28.0,1.0
2016-12-02,30.0,1.0
2016-12-03,21.0,1.0
2016-12-04,17.0,1.0
2016-12-05,27.0,1.0
2016-12-06,28.0,1.0
2016-12-07,29.0,1.0
2016-12-08,30.0,1.0
2016-12-09,27.0,1.0
2016-12-10,20.0,1.0
2016-12-11,17.0,1.0
2016-12-12,25.0,1.0
2016-12-13,30.0,1.0
2016-12-14,29.0,1.0
2016-12-15,29.0,1.0
2016-12-16,29.0,1.0
2016-12-17,20.0,1.0
2016-12-18,14.0,1.0
2016-12-19,28.0,1.0
2016-12-20,29.0,1.0
2016-12-21,28.0,1.0
2016-12-22,28.0,1.0
2016-12-23,27.0,1.0
2016-12-24,18.0,1.0
2016-12-25,15.0,1.0
2016-12-26,25.0,1.0
2016-12-27,29.0,1.0
2016-12-28,27.0,1.0
2016-12-29,32.0,1.0
2016-12-30,35.0,1.0
2016-12-31,19.0,1.0
2017-01-01,22.0,1.0
2017-01-02,31.0,1.0
2017-01-03,34.0,1.0
2017-01-04,45.0,1.0
2017-01-05,37.0,1.0
2017-01-06,45.0,1.0
2017-01-07,26.0,1.0
2017-01-08,16.0,1.0
2017-01-09,29.0,1.0
2017-01-10,32.0,1.0
2017-01-11,29.0,
2017-01-12,49.0,
2017-01-13,38.0,
2017-01-14,21.0,
2017-01-15,17.0,
2017-01-16,33.0,
2017-01-17,31.0,
2017-01-18,33.0,
2017-01-19,28.0,
2017-01-20,31.0,
2017-01-21,20.0,
2017-01-22,15.0,
2017-01-23,31.0,
2017-01-24,27.0,
2017-01-25,28.0,
2017-01-26,22.0,
2017-01-27,27.0,
2017-01-28,20.0,
2017-01-29,17.0,
2017-01-30,30.0,
2017-01-31,35.0,
2017-02-01,32.0,
2017-02-02,31.0,
2017-02-03,34.0,
2017-02-04,22.0,
2017-02-05,17.0,
2017-02-06,30.0,
2017-02-07,29.0,
2017-02-08,28.0,
2017-02-09,31.0,
2017-02-10,31.0,
2017-02-11,20.0,
2017-02-12,16.0,
2017-02-13,29.0,
2017-02-14,27.0,
2017-02-15,32.0,
2017-02-16,31.0,
2017-02-17,29.0,
2017-02-18,20.0,
2017-02-19,15.0,
2017-02-20,39.0,
2017-02-21,35.0,
2017-02-22,37.0,
2017-02-23,32.0,
2017-02-24,29.0,
2017-02-25,21.0,
2017-02-26,18.0,
2017-02-27,35.0,
2017-02-28,35.0,
2017-03-01,32.0,
2017-03-02,31.0,
2017-03-03,27.0,
2017-03-04,21.0,
2017-03-05,18.0,
2017-03-06,29.0,
2017-03-07,29.0,
2017-03-08,28.0,
2017-03-09,32.0,
2017-03-10,28.0,
2017-03-11,20.0,
2017-03-12,15.0,
2017-03-13,22.0,
2017-03-14,31.0,
2017-03-15,31.0,
2017-03-16,34.0,
2017-03-17,29.0,
2017-03-18,22.0,
2017-03-19,16.0,
2017-03-20,30.0,1.0
2017-03-21,29.0,1.0
2017-03-22,29.0,1.0
2017-03-23,27.0,1.0
2017-03-24,30.0,1.0
2017-03-25,19.0,1.0
2017-03-26,16.0,1.0
2017-03-27,28.0,1.0
2017-03-28,27.0,1.0
2017-03-29,27.0,1.0
2017-03-30,31.0,1.0
2017-03-31,30.0,1.0
2017-04-01,20.0,1.0
2017-04-02,16.0,1.0
2017-04-03,30.0,1.0
2017-04-04,31.0,1.0
2017-04-05,30.0,1.0
2017-04-06,31.0,1.0
2017-04-07,31.0,1.0
2017-04-08,23.0,1.0
2017-04-09,19.0,1.0
2017-04-10,31.0,1.0
2017-04-11,33.0,1.0
2017-04-12,32.0,1.0
2017-04-13,34.0,1.0
2017-04-14,30.0,1.0
2017-04-15,20.0,1.0
2017-04-16,21.0,1.0
2017-04-17,38.0,1.0
2017-04-18,61.0,1.0
2017-04-19,45.0,1.0
2017-04-20,35.0,1.0
2017-04-21,31.0,1.0
2017-04-22,19.0,1.0
2017-04-23,18.0,1.0
2017-04-24,30.0,1.0
2017-04-25,29.0,1.0
2017-04-26,30.0,1.0
2017-04-27,31.0,1.0
2017-04-28,29.0,1.0
2017-04-29,18.0,1.0
2017-04-30,16.0,1.0
2017-05-01,20.0,1.0
2017-05-02,28.0,1.0
2017-05-03,29.0,1.0
2017-05-04,29.0,1.0
2017-05-05,30.0,1.0
2017-05-06,19.0,1.0
2017-05-07,17.0,1.0
2017-05-08,31.0,1.0
2017-05-09,28.0,1.0
2017-05-10,29.0,1.0
2017-05-11,31.0,1.0
2017-05-12,31.0,1.0
2017-05-13,20.0,1.0
2017-05-14,16.0,1.0
2017-05-15,31.0,1.0
2017-05-16,32.0,1.0
2017-05-17,34.0,1.0
2017-05-18,31.0,1.0
2017-05-19,31.0,1.0
2017-05-20,23.0,1.0
2017-05-21,19.0,1.0
2017-05-22,33.0,1.0
2017-05-23,27.0,1.0
2017-05-24,32.0,1.0
2017-05-25,31.0,1.0
2017-05-26,31.0,1.0
2017-05-27,23.0,1.0
2017-05-28,20.0,1.0
2017-05-29,28.0,1.0
2017-05-30,33.0,1.0
2017-05-31,34.0,1.0
2017-06-01,29.0,1.0
2017-06-02,27.0,1.0
2017-06-03,20.0,1.0
2017-06-04,17.0,1.0
2017-06-05,31.0,1.0
2017-06-06,33.0,1.0
2017-06-07,32.0,1.0
2017-06-08,29.0,1.0
2017-06-09,29.0,1.0
2017-06-10,20.0,1.0
2017-06-11,16.0,1.0
2017-06-12,32.0,1.0
2017-06-13,29.0,1.0
2017-06-14,32.0,1.0
2017-06-15,31.0,1.0
2017-06-16,31.0,1.0
2017-06-17,23.0,1.0
2017-06-18,19.0,1.0
2017-06-19,32.0,1.0
2017-06-20,32.0,1.0
2017-06-21,31.0,1.0
2017-06-22,39.0,1.0
2017-06-23,33.0,1.0
2017-06-24,24.0,1.0
2017-06-25,17.0,1.0
2017-06-26,23.0,1.0
2017-06-27,33.0,1.0
2017-06-28,31.0,1.0
2017-06-29,32.0,
2017-06-30,35.0,
2017-07-01,21.0,
2017-07-02,17.0,
2017-07-03,32.0,
2017-07-04,28.0,
2017-07-05,30.0,
2017-07-06,35.0,
2017-07-07,32.0,
2017-07-08,22.0,
2017-07-09,17.0,
2017-07-10,31.0,
2017-07-11,29.0,
2017-07-12,32.0,
2017-07-13,49.0,
2017-07-14,44.0,
2017-07-15,27.0,
2017-07-16,20.0,
2017-07-17,34.0,
2017-07-18,36.0,
2017-07-19,35.0,
2017-07-20,34.0,
2017-07-21,38.0,
2017-07-22,27.0,
2017-07-23,19.0,
2017-07-24,31.0,
2017-07-25,33.0,
2017-07-26,33.0,
2017-07-27,34.0,
2017-07-28,38.0,
2017-07-29,31.0,
2017-07-30,21.0,
2017-07-31,37.0,
2017-08-01,32.0,
2017-08-02,31.0,
2017-08-03,29.0,
2017-08-04,29.0,
2017-08-05,21.0,
2017-08-06,18.0,
2017-08-07,27.0,
2017-08-08,29.0,
2017-08-09,29.0,
2017-08-10,29.0,
2017-08-11,29.0,
2017-08-12,23.0,
2017-08-13,18.0,
2017-08-14,26.0,
2017-08-15,21.0,
2017-08-16,31.0,
2017-08-17,32.0,
2017-08-18,32.0,
2017-08-19,26.0,
2017-08-20,19.0,
2017-08-21,29.0,
2017-08-22,30.0,
2017-08-23,32.0,
2017-08-24,31.0,
2017-08-25,21.0,
2017-08-26,18.0,
2017-08-27,15.0,
2017-08-28,29.0,
2017-08-29,29.0,
2017-08-30,35.0,
2017-08-31,32.0,
2017-09-01,26.0,
2017-09-02,15.0,
2017-09-03,15.0,
2017-09-04,27.0,
2017-09-05,26.0,1.0
2017-09-06,29.0,1.0
2017-09-07,32.0,1.0
2017-09-08,30.0,1.0
2017-09-09,21.0,1.0
2017-09-10,18.0,1.0
2017-09-11,31.0,1.0
2017-09-12,33.0,1.0
2017-09-13,33.0,1.0
2017-09-14,34.0,1.0
2017-09-15,30.0,1.0
2017-09-16,25.0,1.0
2017-09-17,20.0,1.0
2017-09-18,31.0,1.0
2017-09-19,36.0,1.0
2017-09-20,33.0,1.0
2017-09-21,31.0,1.0
2017-09-22,33.0,1.0
2017-09-23,23.0,1.0
2017-09-24,19.0,1.0
2017-09-25,31.0,1.0
2017-09-26,29.0,1.0
2017-09-27,32.0,1.0
2017-09-28,30.0,1.0
2017-09-29,26.0,1.0
2017-09-30,16.0,1.0
2017-10-01,16.0,1.0
2017-10-02,22.0,1.0
2017-10-03,30.0,1.0
2017-10-04,31.0,1.0
2017-10-05,29.0,1.0
2017-10-06,31.0,1.0
2017-10-07,23.0,1.0
2017-10-08,19.0,1.0
2017-10-09,31.0,1.0
2017-10-10,31.0,1.0
2017-10-11,33.0,1.0
2017-10-12,41.0,1.0
2017-10-13,33.0,1.0
2017-10-14,20.0,1.0
2017-10-15,21.0,1.0
2017-10-16,32.0,1.0
2017-10-17,26.0,1.0
2017-10-18,23.0,1.0
2017-10-19,20.0,1.0
2017-10-20,22.0,1.0
2017-10-21,19.0,1.0
2017-10-22,18.0,1.0
2017-10-23,29.0,1.0
2017-10-24,32.0,1.0
2017-10-25,28.0,1.0
2017-10-26,30.0,1.0
2017-10-27,30.0,1.0
2017-10-28,21.0,1.0
2017-10-29,18.0,1.0
2017-10-30,30.0,1.0
2017-10-31,33.0,1.0
2017-11-01,30.0,1.0
2017-11-02,33.0,1.0
2017-11-03,32.0,1.0
2017-11-04,22.0,1.0
2017-11-05,29.0,1.0
2017-11-06,32.0,1.0
2017-11-07,35.0,1.0
2017-11-08,37.0,1.0
2017-11-09,36.0,1.0
2017-11-10,40.0,1.0
2017-11-11,23.0,1.0
2017-11-12,18.0,1.0
2017-11-13,32.0,1.0
2017-11-14,26.0,1.0
2017-11-15,30.0,1.0
2017-11-16,29.0,1.0
2017-11-17,26.0,1.0
2017-11-18,23.0,1.0
2017-11-19,19.0,1.0
2017-11-20,27.0,1.0
2017-11-21,26.0,1.0
2017-11-22,27.0,1.0
2017-11-23,25.0,1.0
2017-11-24,27.0,1.0
2017-11-25,22.0,1.0
2017-11-26,17.0,1.0
2017-11-27,26.0,1.0
2017-11-28,29.0,1.0
2017-11-29,27.0,1.0
2017-11-30,29.0,1.0
2017-12-01,25.0,1.0
2017-12-02,19.0,1.0
2017-12-03,17.0,1.0
2017-12-04,28.0,1.0
2017-12-05,26.0,1.0
2017-12-06,26.0,1.0
2017-12-07,24.0,1.0
2017-12-08,28.0,1.0
2017-12-09,21.0,1.0
2017-12-10,17.0,1.0
2017-12-11,27.0,1.0
2017-12-12,24.0,1.0
2017-12-13,24.0,1.0
2017-12-14,26.0,1.0
2017-12-15,26.0,
2017-12-16,17.0,
2017-12-17,15.0,
2017-12-18,26.0,
2017-12-19,26.0,
2017-12-20,24.0,
2017-12-21,26.0,
2017-12-22,34.0,
2017-12-23,19.0,
2017-12-24,13.0,
2017-12-25,19.0,
2017-12-26,28.0,
2017-12-27,26.0,
2017-12-28,28.0,
2017-12-29,29.0,
2017-12-30,22.0,
2017-12-31,17.0,
2018-01-01,33.0,
2018-01-02,31.0,
2018-01-03,34.0,
2018-01-04,48.0,
2018-01-05,35.0,
2018-01-06,39.0,
2018-01-07,17.0,
2018-01-08,27.0,
2018-01-09,27.0,
2018-01-10,29.0,
2018-01-11,41.0,
2018-01-12,35.0,
2018-01-13,24.0,
2018-01-14,18.0,
2018-01-15,32.0,
2018-01-16,38.0,
2018-01-17,42.0,
2018-01-18,41.0,
2018-01-19,40.0,
2018-01-20,31.0,
2018-01-21,31.0,
2018-01-22,36.0,
2018-01-23,36.0,
2018-01-24,36.0,
2018-01-25,34.0,
2018-01-26,26.0,
2018-01-27,22.0,
2018-01-28,23.0,
2018-01-29,36.0,
2018-01-30,42.0,
2018-01-31,35.0,
2018-02-01,31.0,
2018-02-02,34.0,
2018-02-03,23.0,
2018-02-04,19.0,
2018-02-05,27.0,
2018-02-06,32.0,
2018-02-07,30.0,
2018-02-08,28.0,
2018-02-09,27.0,
2018-02-10,22.0,
2018-02-11,17.0,
2018-02-12,29.0,
2018-02-13,28.0,
2018-02-14,28.0,
2018-02-15,27.0,
2018-02-16,27.0,
2018-02-17,22.0,
2018-02-18,19.0,
2018-02-19,31.0,
2018-02-20,29.0,
2018-02-21,31.0,1.0
2018-02-22,31.0,1.0
2018-02-23,29.0,1.0
2018-02-24,18.0,1.0
2018-02-25,16.0,1.0
2018-02-26,27.0,1.0
2018-02-27,27.0,1.0
2018-02-28,28.0,1.0
2018-03-01,30.0,1.0
2018-03-02,24.0,1.0
2018-03-03,19.0,1.0
2018-03-04,17.0,1.0
2018-03-05,29.0,1.0
2018-03-06,27.0,1.0
2018-03-07,29.0,1.0
2018-03-08,26.0,1.0
2018-03-09,27.0,1.0
2018-03-10,19.0,1.0
2018-03-11,17.0,1.0
2018-03-12,30.0,1.0
2018-03-13,34.0,1.0
2018-03-14,31.0,1.0
2018-03-15,30.0,1.0
2018-03-16,30.0,1.0
2018-03-17,19.0,1.0
2018-03-18,15.0,1.0
2018-03-19,28.0,1.0
2018-03-20,27.0,1.0
2018-03-21,27.0,1.0
2018-03-22,27.0,1.0
2018-03-23,24.0,1.0
2018-03-24,20.0,1.0
2018-03-25,15.0,1.0
2018-03-26,32.0,1.0
2018-03-27,26.0,1.0
2018-03-28,29.0,1.0
2018-03-29,26.0,1.0
2018-03-30,24.0,1.0
2018-03-31,22.0,1.0
2018-04-01,16.0,1.0
2018-04-02,29.0,1.0
2018-04-03,28.0,1.0
2018-04-04,27.0,1.0
2018-04-05,29.0,1.0
2018-04-06,27.0,1.0
2018-04-07,19.0,1.0
2018-04-08,15.0,1.0
2018-04-09,26.0,1.0
2018-04-10,27.0,1.0
2018-04-11,28.0,1.0
2018-04-12,29.0,1.0
2018-04-13,30.0,1.0
2018-04-14,19.0,1.0
2018-04-15,15.0,1.0
2018-04-16,31.0,1.0
2018-04-17,32.0,1.0
2018-04-18,39.0,1.0
2018-04-19,64.0,1.0
2018-04-20,58.0,1.0
2018-04-21,27.0,1.0
2018-04-22,19.0,1.0
2018-04-23,55.0,1.0
2018-04-24,43.0,1.0
2018-04-25,35.0,1.0
2018-04-26,38.0,1.0
2018-04-27,34.0,1.0
2018-04-28,23.0,1.0
2018-04-29,18.0,1.0
2018-04-30,29.0,1.0
2018-05-01,21.0,1.0
2018-05-02,30.0,1.0
2018-05-03,29.0,1.0
2018-05-04,28.0,1.0
2018-05-05,19.0,1.0
2018-05-06,16.0,1.0
2018-05-07,27.0,1.0
2018-05-08,29.0,1.0
2018-05-09,29.0,1.0
2018-05-10,26.0,1.0
2018-05-11,25.0,1.0
2018-05-12,19.0,1.0
2018-05-13,17.0,1.0
2018-05-14,28.0,1.0
2018-05-15,28.0,1.0
2018-05-16,31.0,1.0
2018-05-17,28.0,1.0
2018-05-18,31.0,1.0
2018-05-19,23.0,1.0
2018-05-20,17.0,1.0
2018-05-21,31.0,1.0
2018-05-22,28.0,1.0
2018-05-23,29.0,1.0
2018-05-24,33.0,1.0
2018-05-25,32.0,1.0
2018-05-26,23.0,1.0
2018-05-27,20.0,1.0
2018-05-28,32.0,1.0
2018-05-29,30.0,1.0
2018-05-30,33.0,1.0
2018-05-31,46.0,1.0
2018-06-01,33.0,1.0
2018-06-02,23.0,
2018-06-03,19.0,
2018-06-04,31.0,
2018-06-05,30.0,
2018-06-06,33.0,
2018-06-07,31.0,
2018-06-08,29.0,
2018-06-09,22.0,
2018-06-10,16.0,
2018-06-11,30.0,
2018-06-12,33.0,
2018-06-13,40.0,
2018-06-14,37.0,
2018-06-15,43.0,
2018-06-16,20.0,
2018-06-17,17.0,
2018-06-18,39.0,
2018-06-19,39.0,
2018-06-20,34.0,
2018-06-21,35.0,
2018-06-22,35.0,
2018-06-23,22.0,
2018-06-24,19.0,
2018-06-25,36.0,
2018-06-26,41.0,
2018-06-27,36.0,
2018-06-28,42.0,
2018-06-29,40.0,
2018-06-30,24.0,
2018-07-01,18.0,
2018-07-02,36.0,
2018-07-03,36.0,
2018-07-04,39.0,
2018-07-05,42.0,
2018-07-06,45.0,
2018-07-07,27.0,
2018-07-08,21.0,
2018-07-09,48.0,
2018-07-10,62.0,
2018-07-11,62.0,
2018-07-12,52.0,
2018-07-13,43.0,
2018-07-14,30.0,
2018-07-15,23.0,
2018-07-16,45.0,
2018-07-17,40.0,
2018-07-18,40.0,
2018-07-19,40.0,
2018-07-20,38.0,
2018-07-21,27.0,
2018-07-22,17.0,
2018-07-23,36.0,
2018-07-24,36.0,
2018-07-25,35.0,
2018-07-26,36.0,
2018-07-27,33.0,
2018-07-28,24.0,
2018-07-29,18.0,
2018-07-30,34.0,
2018-07-31,39.0,
2018-08-01,36.0,
2018-08-02,39.0,
2018-08-03,40.0,
2018-08-04,28.0,
2018-08-05,18.0,
2018-08-06,36.0,
2018-08-07,40.0,
2018-08-08,40.0,
2018-08-09,39.0,1.0
2018-08-10,43.0,1.0
2018-08-11,30.0,1.0
2018-08-12,23.0,1.0
2018-08-13,41.0,1.0
2018-08-14,43.0,1.0
2018-08-15,30.0,1.0
2018-08-16,44.0,1.0
2018-08-17,45.0,1.0
2018-08-18,41.0,1.0
2018-08-19,41.0,1.0
2018-08-20,76.0,1.0
2018-08-21,48.0,1.0
2018-08-22,37.0,1.0
2018-08-23,37.0,1.0
2018-08-24,37.0,1.0
2018-08-25,22.0,1.0
2018-08-26,18.0,1.0
2018-08-27,37.0,1.0
2018-08-28,37.0,1.0
2018-08-29,41.0,1.0
2018-08-30,45.0,1.0
2018-08-31,52.0,1.0
2018-09-01,46.0,1.0
2018-09-02,34.0,1.0
2018-09-03,33.0,1.0
2018-09-04,38.0,1.0
2018-09-05,36.0,1.0
2018-09-06,35.0,1.0
2018-09-07,39.0,1.0
2018-09-08,33.0,1.0
2018-09-09,27.0,1.0
2018-09-10,36.0,1.0
2018-09-11,38.0,1.0
2018-09-12,33.0,1.0
2018-09-13,26.0,1.0
2018-09-14,36.0,1.0
2018-09-15,24.0,1.0
2018-09-16,20.0,1.0
2018-09-17,35.0,1.0
2018-09-18,34.0,1.0
2018-09-19,33.0,1.0
2018-09-20,27.0,1.0
2018-09-21,30.0,1.0
2018-09-22,24.0,1.0
2018-09-23,17.0,1.0
2018-09-24,37.0,1.0
2018-09-25,40.0,1.0
2018-09-26,35.0,1.0
2018-09-27,37.0,1.0
2018-09-28,38.0,1.0
2018-09-29,25.0,1.0
2018-09-30,21.0,1.0
2018-10-01,35.0,1.0
2018-10-02,23.0,1.0
2018-10-03,40.0,1.0
2018-10-04,42.0,1.0
2018-10-05,37.0,1.0
2018-10-06,24.0,1.0
2018-10-07,19.0,1.0
2018-10-08,33.0,1.0
2018-10-09,45.0,1.0
2018-10-10,36.0,1.0
2018-10-11,48.0,1.0
2018-10-12,44.0,1.0
2018-10-13,22.0,1.0
2018-10-14,21.0,1.0
2018-10-15,35.0,1.0
2018-10-16,32.0,1.0
2018-10-17,34.0,1.0
2018-10-18,25.0,1.0
2018-10-19,30.0,1.0
2018-10-20,22.0,1.0
2018-10-21,23.0,1.0
2018-10-22,37.0,1.0
2018-10-23,35.0,1.0
2018-10-24,34.0,1.0
2018-10-25,35.0,1.0
2018-10-26,35.0,1.0
2018-10-27,24.0,1.0
2018-10-28,19.0,1.0
2018-10-29,38.0,1.0
2018-10-30,34.0,1.0
2018-10-31,36.0,1.0
2018-11-01,34.0,1.0
2018-11-02,33.0,1.0
2018-11-03,21.0,1.0
2018-11-04,29.0,1.0
2018-11-05,34.0,1.0
2018-11-06,28.0,1.0
2018-11-07,22.0,1.0
2018-11-08,24.0,1.0
2018-11-09,28.0,1.0
2018-11-10,22.0,1.0
2018-11-11,21.0,1.0
2018-11-12,36.0,1.0
2018-11-13,35.0,1.0
2018-11-14,32.0,1.0
2018-11-15,33.0,1.0
2018-11-16,31.0,1.0
2018-11-17,21.0,1.0
2018-11-18,18.0,
2018-11-19,30.0,
2018-11-20,29.0,
2018-11-21,31.0,
2018-11-22,31.0,
2018-11-23,24.0,
2018-11-24,24.0,
2018-11-25,21.0,
2018-11-26,33.0,
2018-11-27,33.0,
2018-11-28,36.0,
2018-11-29,42.0,
2018-11-30,38.0,
2018-12-01,24.0,
2018-12-02,18.0,
2018-12-03,34.0,
2018-12-04,33.0,
2018-12-05,34.0,
2018-12-06,35.0,
2018-12-07,33.0,
2018-12-08,24.0,
2018-12-09,19.0,
2018-12-10,33.0,
2018-12-11,30.0,
2018-12-12,36.0,
2018-12-13,36.0,
2018-12-14,38.0,
2018-12-15,28.0,
2018-12-16,22.0,
2018-12-17,34.0,
2018-12-18,35.0,
2018-12-19,36.0,
2018-12-20,36.0,
2018-12-21,33.0,
2018-12-22,24.0,
2018-12-23,17.0,
2018-12-24,34.0,
2018-12-25,21.0,
2018-12-26,30.0,
2018-12-27,33.0,
2018-12-28,33.0,
2018-12-29,28.0,
2018-12-30,25.0,
2018-12-31,29.0,
2019-01-01,33.0,
2019-01-02,40.0,
2019-01-03,38.0,
2019-01-04,49.0,
2019-01-05,31.0,
2019-01-06,33.0,
2019-01-07,35.0,
2019-01-08,30.0,
2019-01-09,31.0,
2019-01-10,46.0,
2019-01-11,47.0,
2019-01-12,26.0,
2019-01-13,21.0,
2019-01-14,34.0,
2019-01-15,33.0,
2019-01-16,31.0,
2019-01-17,37.0,
2019-01-18,32.0,
2019-01-19,21.0,
2019-01-20,18.0,
2019-01-21,33.0,
2019-01-22,32.0,
2019-01-23,31.0,
2019-01-24,32.0,
2019-01-25,32.0,1.0
2019-01-26,20.0,1.0
2019-01-27,18.0,1.0
2019-01-28,33.0,1.0
2019-01-29,32.0,1.0
2019-01-30,34.0,1.0
2019-01-31,35.0,1.0
2019-02-01,32.0,1.0
2019-02-02,22.0,1.0
2019-02-03,19.0,1.0
2019-02-04,34.0,1.0
2019-02-05,33.0,1.0
2019-02-06,35.0,1.0
2019-02-07,33.0,1.0
2019-02-08,32.0,1.0
2019-02-09,20.0,1.0
2019-02-10,16.0,1.0
2019-02-11,32.0,1.0
2019-02-12,32.0,1.0
2019-02-13,34.0,1.0
2019-02-14,30.0,1.0
2019-02-15,31.0,1.0
2019-02-16,21.0,1.0
2019-02-17,18.0,1.0
2019-02-18,29.0,1.0
2019-02-19,33.0,1.0
2019-02-20,36.0,1.0
2019-02-21,32.0,1.0
2019-02-22,32.0,1.0
2019-02-23,19.0,1.0
2019-02-24,16.0,1.0
2019-02-25,34.0,1.0
2019-02-26,33.0,1.0
2019-02-27,33.0,1.0
2019-02-28,34.0,1.0
2019-03-01,31.0,1.0
2019-03-02,21.0,1.0
2019-03-03,18.0,1.0
2019-03-04,28.0,1.0
2019-03-05,33.0,1.0
2019-03-06,32.0,1.0
2019-03-07,30.0,1.0
2019-03-08,29.0,1.0
2019-03-09,20.0,1.0
2019-03-10,18.0,1.0
2019-03-11,32.0,1.0
2019-03-12,32.0,1.0
2019-03-13,31.0,1.0
2019-03-14,30.0,1.0
2019-03-15,30.0,1.0
2019-03-16,19.0,1.0
2019-03-17,18.0,1.0
2019-03-18,30.0,1.0
2019-03-19,31.0,1.0
2019-03-20,29.0,1.0
2019-03-21,21.0,1.0
2019-03-22,26.0,1.0
2019-03-23,19.0,1.0
2019-03-24,20.0,1.0
2019-03-25,34.0,1.0
2019-03-26,32.0,1.0
2019-03-27,32.0,1.0
2019-03-28,36.0,1.0
2019-03-29,31.0,1.0
2019-03-30,28.0,1.0
2019-03-31,15.0,1.0
2019-04-01,31.0,1.0
2019-04-02,31.0,1.0
2019-04-03,32.0,1.0
2019-04-04,37.0,1.0
2019-04-05,42.0,1.0
2019-04-06,20.0,1.0
2019-04-07,19.0,1.0
2019-04-08,33.0,1.0
2019-04-09,33.0,1.0
2019-04-10,35.0,1.0
2019-04-11,35.0,1.0
2019-04-12,56.0,1.0
2019-04-13,28.0,1.0
2019-04-14,18.0,1.0
2019-04-15,43.0,1.0
2019-04-16,46.0,1.0
2019-04-17,34.0,1.0
2019-04-18,35.0,1.0
2019-04-19,24.0,1.0
2019-04-20,19.0,1.0
2019-04-21,18.0,1.0
2019-04-22,35.0,1.0
2019-04-23,32.0,1.0
2019-04-24,32.0,1.0
2019-04-25,31.0,1.0
2019-04-26,33.0,1.0
2019-04-27,18.0,1.0
2019-04-28,15.0,1.0
2019-04-29,26.0,1.0
2019-04-30,36.0,1.0
2019-05-01,23.0,1.0
2019-05-02,31.0,1.0
2019-05-03,31.0,1.0
2019-05-04,21.0,1.0
2019-05-05,17.0,1.0
2019-05-06,32.0,
2019-05-07,28.0,
2019-05-08,31.0,
2019-05-09,31.0,
2019-05-10,33.0,
2019-05-11,25.0,
2019-05-12,17.0,
2019-05-13,29.0,
2019-05-14,33.0,
2019-05-15,32.0,
2019-05-16,37.0,
2019-05-17,34.0,
2019-05-18,22.0,
2019-05-19,20.0,
2019-05-20,37.0,
2019-05-21,37.0,
2019-05-22,34.0,
2019-05-23,30.0,
2019-05-24,37.0,
2019-05-25,28.0,
2019-05-26,20.0,
2019-05-27,35.0,
2019-05-28,38.0,
2019-05-29,44.0,
2019-05-30,39.0,
2019-05-31,40.0,
2019-06-01,32.0,
2019-06-02,25.0,
2019-06-03,43.0,
2019-06-04,36.0,
2019-06-05,27.0,
2019-06-06,36.0,
2019-06-07,44.0,
2019-06-08,31.0,
2019-06-09,26.0,
2019-06-10,47.0,
2019-06-11,44.0,
2019-06-12,44.0,
2019-06-13,45.0,
2019-06-14,52.0,
2019-06-15,38.0,
2019-06-16,30.0,
2019-06-17,40.0,
2019-06-18,41.0,
2019-06-19,44.0,
2019-06-20,41.0,
2019-06-21,40.0,
2019-06-22,34.0,
2019-06-23,27.0,
2019-06-24,47.0,
2019-06-25,40.0,
2019-06-26,40.0,
2019-06-27,43.0,
2019-06-28,46.0,
2019-06-29,33.0,
2019-06-30,25.0,
2019-07-01,39.0,
2019-07-02,38.0,
2019-07-03,49.0,
2019-07-04,45.0,
2019-07-05,52.0,
2019-07-06,37.0,
2019-07-07,32.0,
2019-07-08,54.0,
2019-07-09,67.0,
2019-07-10,62.0,
2019-07-11,43.0,
2019-07-12,51.0,
2019-07-13,39.0,1.0
2019-07-14,26.0,1.0
2019-07-15,47.0,1.0
2019-07-16,45.0,1.0
2019-07-17,46.0,1.0
2019-07-18,45.0,1.0
2019-07-19,39.0,1.0
2019-07-20,34.0,1.0
2019-07-21,27.0,1.0
2019-07-22,48.0,1.0
2019-07-23,45.0,1.0
2019-07-24,56.0,1.0
2019-07-25,44.0,1.0
2019-07-26,45.0,1.0
2019-07-27,32.0,1.0
2019-07-28,26.0,1.0
2019-07-29,44.0,1.0
2019-07-30,46.0,1.0
2019-07-31,68.0,1.0
2019-08-01,70.0,1.0
2019-08-02,69.0,1.0
2019-08-03,49.0,1.0
2019-08-04,27.0,1.0
2019-08-05,39.0,1.0
2019-08-06,41.0,1.0
2019-08-07,42.0,1.0
2019-08-08,38.0,1.0
2019-08-09,40.0,1.0
2019-08-10,55.0,1.0
2019-08-11,31.0,1.0
2019-08-12,36.0,1.0
2019-08-13,40.0,1.0
2019-08-14,34.0,1.0
2019-08-15,22.0,1.0
2019-08-16,37.0,1.0
2019-08-17,31.0,1.0
2019-08-18,28.0,1.0
2019-08-19,43.0,1.0
2019-08-20,41.0,1.0
2019-08-21,43.0,1.0
2019-08-22,44.0,1.0
2019-08-23,43.0,1.0
2019-08-24,31.0,1.0
2019-08-25,25.0,1.0
2019-08-26,44.0,1.0
2019-08-27,45.0,1.0
2019-08-28,39.0,1.0
2019-08-29,47.0,1.0
2019-08-30,43.0,1.0
2019-08-31,36.0,1.0
2019-09-01,24.0,1.0
2019-09-02,26.0,1.0
2019-09-03,38.0,1.0
2019-09-04,36.0,1.0
2019-09-05,34.0,1.0
2019-09-06,35.0,1.0
2019-09-07,24.0,1.0
2019-09-08,21.0,1.0
2019-09-09,32.0,1.0
2019-09-10,32.0,1.0
2019-09-11,34.0,1.0
2019-09-12,41.0,1.0
2019-09-13,45.0,1.0
2019-09-14,30.0,1.0
2019-09-15,26.0,1.0
2019-09-16,40.0,1.0
2019-09-17,43.0,1.0
2019-09-18,43.0,1.0
2019-09-19,45.0,1.0
2019-09-20,48.0,1.0
2019-09-21,32.0,1.0
2019-09-22,25.0,1.0
2019-09-23,48.0,1.0
2019-09-24,46.0,1.0
2019-09-25,47.0,1.0
2019-09-26,46.0,1.0
2019-09-27,41.0,1.0
2019-09-28,30.0,1.0
2019-09-29,25.0,1.0
2019-09-30,48.0,1.0
2019-10-01,39.0,1.0
2019-10-02,25.0,1.0
2019-10-03,37.0,1.0
2019-10-04,33.0,1.0
2019-10-05,23.0,1.0
2019-10-06,19.0,1.0
2019-10-07,32.0,1.0
2019-10-08,26.0,1.0
2019-10-09,44.0,1.0
2019-10-10,57.0,1.0
2019-10-11,51.0,1.0
2019-10-12,25.0,1.0
2019-10-13,22.0,1.0
2019-10-14,39.0,1.0
2019-10-15,40.0,1.0
2019-10-16,38.0,1.0
2019-10-17,40.0,1.0
2019-10-18,37.0,1.0
2019-10-19,28.0,1.0
2019-10-20,28.0,1.0
2019-10-21,31.0,1.0
2019-10-22,38.0,
2019-10-23,37.0,
2019-10-24,37.0,
2019-10-25,31.0,
2019-10-26,20.0,
2019-10-27,18.0,
2019-10-28,24.0,
2019-10-29,32.0,
2019-10-30,37.0,
2019-10-31,37.0,
2019-11-01,39.0,
2019-11-02,23.0,
2019-11-03,30.0,
2019-11-04,35.0,
2019-11-05,37.0,
2019-11-06,38.0,
2019-11-07,34.0,
2019-11-08,32.0,
2019-11-09,21.0,
2019-11-10,17.0,
2019-11-11,34.0,
2019-11-12,28.0,
2019-11-13,36.0,
2019-11-14,33.0,
2019-11-15,35.0,
2019-11-16,23.0,
2019-11-17,19.0,
2019-11-18,36.0,
2019-11-19,33.0,
2019-11-20,33.0,
2019-11-21,34.0,
2019-11-22,35.0,
2019-11-23,22.0,
2019-11-24,19.0,
2019-11-25,34.0,
2019-11-26,40.0,
2019-11-27,39.0,
2019-11-28,34.0,
2019-11-29,35.0,
2019-11-30,22.0,
2019-12-01,17.0,
2019-12-02,33.0,
2019-12-03,40.0,
2019-12-04,37.0,
2019-12-05,38.0,
2019-12-06,36.0,
2019-12-07,20.0,
2019-12-08,14.0,
2019-12-09,37.0,
2019-12-10,39.0,
2019-12-11,34.0,
2019-12-12,39.0,
2019-12-13,39.0,
2019-12-14,23.0,
2019-12-15,20.0,
2019-12-16,39.0,
2019-12-17,37.0,
2019-12-18,38.0,
2019-12-19,41.0,
2019-12-20,39.0,
2019-12-21,24.0,
2019-12-22,20.0,
2019-12-23,34.0,
2019-12-24,35.0,
2019-12-25,22.0,
2019-12-26,34.0,
2019-12-27,34.0,
2019-12-28,27.0,
2019-12-29,23.0,
2019-12-30,36.0,
2019-12-31,37.0,
2020-01-01,39.0,
2020-01-02,40.0,
2020-01-03,41.0,
2020-01-04,37.0,
2020-01-05,30.0,
2020-01-06,52.0,
2020-01-07,39.0,
2020-01-08,38.0,
2020-01-09,38.0,
2020-01-10,35.0,
2020-01-11,20.0,
2020-01-12,20.0,
2020-01-13,36.0,
2020-01-14,37.0,
2020-01-15,31.0,
2020-01-16,36.0,
2020-01-17,51.0,
2020-01-18,30.0,
2020-01-19,20.0,
2020-01-20,38.0,
2020-01-21,37.0,
2020-01-22,37.0,
2020-01-23,35.0,
2020-01-24,37.0,
2020-01-25,23.0,
2020-01-26,17.0,
2020-01-27,33.0,
2020-01-28,31.0,
2020-01-29,35.0,
2020-01-30,35.0,
2020-01-31,38.0,
2020-02-01,32.0,
2020-02-02,25.0,
2020-02-03,39.0,
2020-02-04,44.0,
2020-02-05,39.0,
2020-02-06,41.0,
2020-02-07,33.0,
2020-02-08,22.0,
2020-02-09,20.0,
2020-02-10,35.0,
2020-02-11,38.0,
2020-02-12,41.0,
2020-02-13,36.0,
2020-02-14,34.0,
2020-02-15,24.0,
2020-02-16,18.0,
2020-02-17,37.0,
2020-02-18,34.0,
2020-02-19,39.0,
2020-02-20,37.0,
2020-02-21,30.0,
2020-02-22,23.0,
2020-02-23,22.0,
2020-02-24,34.0,
2020-02-25,37.0,
2020-02-26,37.0,
2020-02-27,33.0,
2020-02-28,40.0,
2020-02-29,25.0,
2020-03-01,20.0,
2020-03-02,38.0,
2020-03-03,35.0,
2020-03-04,34.0,
2020-03-05,35.0,
2020-03-06,37.0,
2020-03-07,25.0,
2020-03-08,18.0,
2020-03-09,40.0,
2020-03-10,26.0,
2020-03-11,39.0,
2020-03-12,45.0,
2020-03-13,51.0,
2020-03-14,23.0,
2020-03-15,20.0,
2020-03-16,46.0,
2020-03-17,40.0,
2020-03-18,44.0,
2020-03-19,45.0,
2020-03-20,47.0,
2020-03-21,27.0,
2020-03-22,21.0,
2020-03-23,41.0,
2020-03-24,33.0,
2020-03-25,27.0,
2020-03-26,27.0,
2020-03-27,31.0,
2020-03-28,18.0,
2020-03-29,14.0,
2020-03-30,30.0,
2020-03-31,28.0,
2020-04-01,30.0,
2020-04-02,22.0,
2020-04-03,30.0,
2020-04-04,18.0,
2020-04-05,18.0,
2020-04-06,30.0,
2020-04-07,45.0,
