date,TITAN,overlap
2010-01-04,26.0,1.0
2010-01-05,28.0,1.0
2010-01-06,26.0,1.0
2010-01-07,25.0,1.0
2010-01-08,25.0,1.0
2010-01-09,29.0,1.0
2010-01-10,27.0,1.0
2010-01-11,25.0,1.0
2010-01-12,26.0,1.0
2010-01-13,24.0,1.0
2010-01-14,23.0,1.0
2010-01-15,23.0,1.0
2010-01-16,29.0,1.0
2010-01-17,28.0,1.0
2010-01-18,26.0,1.0
2010-01-19,26.0,1.0
2010-01-20,24.0,1.0
2010-01-21,23.0,1.0
2010-01-22,24.0,1.0
2010-01-23,29.0,1.0
2010-01-24,28.0,1.0
2010-01-25,28.0,1.0
2010-01-26,26.0,1.0
2010-01-27,25.0,1.0
2010-01-28,26.0,1.0
2010-01-29,26.0,1.0
2010-01-30,28.0,1.0
2010-01-31,28.0,1.0
2010-02-01,26.0,1.0
2010-02-02,23.0,
2010-02-03,27.0,
2010-02-04,26.0,
2010-02-05,26.0,
2010-02-06,30.0,
2010-02-07,28.0,
2010-02-08,26.0,
2010-02-09,25.0,
2010-02-10,25.0,
2010-02-11,25.0,
2010-02-12,27.0,
2010-02-13,27.0,
2010-02-14,27.0,
2010-02-15,26.0,
2010-02-16,27.0,
2010-02-17,27.0,
2010-02-18,25.0,
2010-02-19,26.0,
2010-02-20,25.0,
2010-02-21,28.0,
2010-02-22,25.0,
2010-02-23,27.0,
2010-02-24,27.0,
2010-02-25,24.0,
2010-02-26,25.0,
2010-02-27,24.0,
2010-02-28,25.0,
2010-03-01,22.0,
2010-03-02,28.0,
2010-03-03,24.0,
2010-03-04,24.0,
2010-03-05,28.0,
2010-03-06,27.0,
2010-03-07,25.0,
2010-03-08,25.0,
2010-03-09,24.0,
2010-03-10,23.0,
2010-03-11,24.0,
2010-03-12,24.0,
2010-03-13,30.0,
2010-03-14,25.0,
2010-03-15,25.0,
2010-03-16,25.0,
2010-03-17,23.0,
2010-03-18,24.0,
2010-03-19,27.0,
2010-03-20,26.0,
2010-03-21,28.0,
2010-03-22,25.0,
2010-03-23,26.0,
2010-03-24,27.0,
2010-03-25,26.0,
2010-03-26,25.0,
2010-03-27,28.0,
2010-03-28,28.0,
2010-03-29,28.0,
2010-03-30,25.0,
2010-03-31,25.0,
2010-04-01,30.0,
2010-04-02,31.0,
2010-04-03,31.0,
2010-04-04,34.0,
2010-04-05,32.0,
2010-04-06,29.0,
2010-04-07,30.0,
2010-04-08,29.0,
2010-04-09,30.0,
2010-04-10,35.0,
2010-04-11,31.0,1.0
2010-04-12,27.0,1.0
2010-04-13,25.0,1.0
2010-04-14,27.0,1.0
2010-04-15,27.0,1.0
2010-04-16,26.0,1.0
2010-04-17,28.0,1.0
2010-04-18,28.0,1.0
2010-04-19,26.0,1.0
2010-04-20,24.0,1.0
2010-04-21,24.0,1.0
2010-04-22,26.0,1.0
2010-04-23,23.0,1.0
2010-04-24,29.0,1.0
2010-04-25,28.0,1.0
2010-04-26,24.0,1.0
2010-04-27,25.0,1.0
2010-04-28,24.0,1.0
2010-04-29,23.0,1.0
2010-04-30,25.0,1.0
2010-05-01,28.0,1.0
2010-05-02,29.0,1.0
2010-05-03,28.0,1.0
2010-05-04,30.0,1.0
2010-05-05,27.0,1.0
2010-05-06,27.0,1.0
2010-05-07,25.0,1.0
2010-05-08,28.0,1.0
2010-05-09,28.0,1.0
2010-05-10,27.0,1.0
2010-05-11,24.0,1.0
2010-05-12,24.0,1.0
2010-05-13,25.0,1.0
2010-05-14,26.0,1.0
2010-05-15,27.0,1.0
2010-05-16,30.0,1.0
2010-05-17,25.0,1.0
2010-05-18,24.0,1.0
2010-05-19,25.0,1.0
2010-05-20,23.0,1.0
2010-05-21,24.0,1.0
2010-05-22,25.0,1.0
2010-05-23,26.0,1.0
2010-05-24,25.0,1.0
2010-05-25,24.0,1.0
2010-05-26,24.0,1.0
2010-05-27,25.0,1.0
2010-05-28,24.0,1.0
2010-05-29,28.0,1.0
2010-05-30,26.0,1.0
2010-05-31,24.0,1.0
2010-06-01,22.0,1.0
2010-06-02,22.0,1.0
2010-06-03,25.0,1.0
2010-06-04,24.0,1.0
2010-06-05,29.0,1.0
2010-06-06,29.0,1.0
2010-06-07,25.0,1.0
2010-06-08,24.0,1.0
2010-06-09,25.0,1.0
2010-06-10,22.0,1.0
2010-06-11,22.0,1.0
2010-06-12,27.0,1.0
2010-06-13,21.0,1.0
2010-06-14,23.0,1.0
2010-06-15,23.0,1.0
2010-06-16,23.0,1.0
2010-06-17,22.0,1.0
2010-06-18,23.0,1.0
2010-06-19,27.0,1.0
2010-06-20,26.0,1.0
2010-06-21,23.0,1.0
2010-06-22,23.0,1.0
2010-06-23,23.0,1.0
2010-06-24,23.0,1.0
2010-06-25,26.0,1.0
2010-06-26,26.0,1.0
2010-06-27,25.0,1.0
2010-06-28,26.0,1.0
2010-06-29,24.0,1.0
2010-06-30,22.0,1.0
2010-07-01,25.0,1.0
2010-07-02,25.0,1.0
2010-07-03,25.0,1.0
2010-07-04,26.0,1.0
2010-07-05,26.0,1.0
2010-07-06,23.0,1.0
2010-07-07,24.0,1.0
2010-07-08,27.0,1.0
2010-07-09,27.0,1.0
2010-07-10,30.0,1.0
2010-07-11,28.0,1.0
2010-07-12,26.0,1.0
2010-07-13,24.0,1.0
2010-07-14,26.0,1.0
2010-07-15,23.0,1.0
2010-07-16,25.0,1.0
2010-07-17,31.0,1.0
2010-07-18,29.0,1.0
2010-07-19,26.0,1.0
2010-07-20,24.0,1.0
2010-07-21,24.0,
2010-07-22,25.0,
2010-07-23,24.0,
2010-07-24,25.0,
2010-07-25,26.0,
2010-07-26,25.0,
2010-07-27,26.0,
2010-07-28,24.0,
2010-07-29,23.0,
2010-07-30,24.0,
2010-07-31,28.0,
2010-08-01,25.0,
2010-08-02,23.0,
2010-08-03,25.0,
2010-08-04,22.0,
2010-08-05,24.0,
2010-08-06,25.0,
2010-08-07,25.0,
2010-08-08,29.0,
2010-08-09,25.0,
2010-08-10,23.0,
2010-08-11,24.0,
2010-08-12,25.0,
2010-08-13,24.0,
2010-08-14,27.0,
2010-08-15,27.0,
2010-08-16,26.0,
2010-08-17,25.0,
2010-08-18,26.0,
2010-08-19,24.0,
2010-08-20,26.0,
2010-08-21,28.0,
2010-08-22,26.0,
2010-08-23,23.0,
2010-08-24,23.0,
2010-08-25,23.0,
2010-08-26,26.0,
2010-08-27,25.0,
2010-08-28,25.0,
2010-08-29,25.0,
2010-08-30,25.0,
2010-08-31,24.0,
2010-09-01,22.0,
2010-09-02,22.0,
2010-09-03,23.0,
2010-09-04,26.0,
2010-09-05,25.0,
2010-09-06,22.0,
2010-09-07,23.0,
2010-09-08,22.0,
2010-09-09,22.0,
2010-09-10,22.0,
2010-09-11,23.0,
2010-09-12,25.0,
2010-09-13,22.0,
2010-09-14,22.0,
2010-09-15,23.0,
2010-09-16,24.0,
2010-09-17,22.0,
2010-09-18,28.0,
2010-09-19,25.0,
2010-09-20,24.0,
2010-09-21,23.0,
2010-09-22,22.0,
2010-09-23,23.0,
2010-09-24,24.0,
2010-09-25,25.0,
2010-09-26,26.0,
2010-09-27,23.0,1.0
2010-09-28,21.0,1.0
2010-09-29,24.0,1.0
2010-09-30,20.0,1.0
2010-10-01,22.0,1.0
2010-10-02,26.0,1.0
2010-10-03,21.0,1.0
2010-10-04,23.0,1.0
2010-10-05,21.0,1.0
2010-10-06,20.0,1.0
2010-10-07,21.0,1.0
2010-10-08,21.0,1.0
2010-10-09,25.0,1.0
2010-10-10,28.0,1.0
2010-10-11,23.0,1.0
2010-10-12,23.0,1.0
2010-10-13,23.0,1.0
2010-10-14,22.0,1.0
2010-10-15,25.0,1.0
2010-10-16,27.0,1.0
2010-10-17,23.0,1.0
2010-10-18,23.0,1.0
2010-10-19,21.0,1.0
2010-10-20,21.0,1.0
2010-10-21,21.0,1.0
2010-10-22,22.0,1.0
2010-10-23,27.0,1.0
2010-10-24,25.0,1.0
2010-10-25,23.0,1.0
2010-10-26,24.0,1.0
2010-10-27,24.0,1.0
2010-10-28,23.0,1.0
2010-10-29,24.0,1.0
2010-10-30,27.0,1.0
2010-10-31,25.0,1.0
2010-11-01,24.0,1.0
2010-11-02,23.0,1.0
2010-11-03,22.0,1.0
2010-11-04,24.0,1.0
2010-11-05,22.0,1.0
2010-11-06,26.0,1.0
2010-11-07,23.0,1.0
2010-11-08,23.0,1.0
2010-11-09,22.0,1.0
2010-11-10,21.0,1.0
2010-11-11,23.0,1.0
2010-11-12,24.0,1.0
2010-11-13,24.0,1.0
2010-11-14,26.0,1.0
2010-11-15,27.0,1.0
2010-11-16,25.0,1.0
2010-11-17,21.0,1.0
2010-11-18,22.0,1.0
2010-11-19,22.0,1.0
2010-11-20,27.0,1.0
2010-11-21,24.0,1.0
2010-11-22,22.0,1.0
2010-11-23,21.0,1.0
2010-11-24,22.0,1.0
2010-11-25,22.0,1.0
2010-11-26,20.0,1.0
2010-11-27,24.0,1.0
2010-11-28,25.0,1.0
2010-11-29,20.0,1.0
2010-11-30,24.0,1.0
2010-12-01,28.0,1.0
2010-12-02,26.0,1.0
2010-12-03,23.0,1.0
2010-12-04,26.0,1.0
2010-12-05,24.0,1.0
2010-12-06,22.0,1.0
2010-12-07,23.0,1.0
2010-12-08,22.0,1.0
2010-12-09,22.0,1.0
2010-12-10,21.0,1.0
2010-12-11,24.0,1.0
2010-12-12,23.0,1.0
2010-12-13,22.0,1.0
2010-12-14,22.0,1.0
2010-12-15,20.0,1.0
2010-12-16,20.0,1.0
2010-12-17,22.0,1.0
2010-12-18,25.0,1.0
2010-12-19,26.0,1.0
2010-12-20,24.0,1.0
2010-12-21,24.0,1.0
2010-12-22,24.0,1.0
2010-12-23,23.0,1.0
2010-12-24,24.0,1.0
2010-12-25,23.0,1.0
2010-12-26,25.0,1.0
2010-12-27,24.0,1.0
2010-12-28,25.0,1.0
2010-12-29,25.0,1.0
2010-12-30,24.0,1.0
2010-12-31,22.0,1.0
2011-01-01,25.0,1.0
2011-01-02,25.0,1.0
2011-01-03,25.0,1.0
2011-01-04,24.0,1.0
2011-01-05,23.0,1.0
2011-01-06,21.0,
2011-01-07,21.0,
2011-01-08,25.0,
2011-01-09,23.0,
2011-01-10,23.0,
2011-01-11,22.0,
2011-01-12,22.0,
2011-01-13,22.0,
2011-01-14,22.0,
2011-01-15,23.0,
2011-01-16,24.0,
2011-01-17,23.0,
2011-01-18,23.0,
2011-01-19,23.0,
2011-01-20,22.0,
2011-01-21,23.0,
2011-01-22,23.0,
2011-01-23,25.0,
2011-01-24,22.0,
2011-01-25,23.0,
2011-01-26,23.0,
2011-01-27,22.0,
2011-01-28,23.0,
2011-01-29,29.0,
2011-01-30,25.0,
2011-01-31,23.0,
2011-02-01,21.0,
2011-02-02,23.0,
2011-02-03,24.0,
2011-02-04,23.0,
2011-02-05,24.0,
2011-02-06,25.0,
2011-02-07,22.0,
2011-02-08,23.0,
2011-02-09,24.0,
2011-02-10,23.0,
2011-02-11,25.0,
2011-02-12,25.0,
2011-02-13,25.0,
2011-02-14,23.0,
2011-02-15,24.0,
2011-02-16,21.0,
2011-02-17,22.0,
2011-02-18,23.0,
2011-02-19,24.0,
2011-02-20,24.0,
2011-02-21,22.0,
2011-02-22,22.0,
2011-02-23,23.0,
2011-02-24,22.0,
2011-02-25,22.0,
2011-02-26,23.0,
2011-02-27,25.0,
2011-02-28,21.0,
2011-03-01,22.0,
2011-03-02,20.0,
2011-03-03,22.0,
2011-03-04,21.0,
2011-03-05,21.0,
2011-03-06,21.0,
2011-03-07,22.0,
2011-03-08,22.0,
2011-03-09,24.0,
2011-03-10,23.0,
2011-03-11,21.0,
2011-03-12,22.0,
2011-03-13,20.0,
2011-03-14,22.0,
2011-03-15,20.0,1.0
2011-03-16,22.0,1.0
2011-03-17,22.0,1.0
2011-03-18,22.0,1.0
2011-03-19,22.0,1.0
2011-03-20,20.0,1.0
2011-03-21,22.0,1.0
2011-03-22,23.0,1.0
2011-03-23,21.0,1.0
2011-03-24,21.0,1.0
2011-03-25,23.0,1.0
2011-03-26,25.0,1.0
2011-03-27,21.0,1.0
2011-03-28,22.0,1.0
2011-03-29,21.0,1.0
2011-03-30,21.0,1.0
2011-03-31,23.0,1.0
2011-04-01,21.0,1.0
2011-04-02,24.0,1.0
2011-04-03,22.0,1.0
2011-04-04,22.0,1.0
2011-04-05,21.0,1.0
2011-04-06,20.0,1.0
2011-04-07,21.0,1.0
2011-04-08,21.0,1.0
2011-04-09,24.0,1.0
2011-04-10,24.0,1.0
2011-04-11,21.0,1.0
2011-04-12,22.0,1.0
2011-04-13,21.0,1.0
2011-04-14,20.0,1.0
2011-04-15,20.0,1.0
2011-04-16,24.0,1.0
2011-04-17,22.0,1.0
2011-04-18,22.0,1.0
2011-04-19,21.0,1.0
2011-04-20,22.0,1.0
2011-04-21,22.0,1.0
2011-04-22,22.0,1.0
2011-04-23,26.0,1.0
2011-04-24,23.0,1.0
2011-04-25,25.0,1.0
2011-04-26,22.0,1.0
2011-04-27,22.0,1.0
2011-04-28,22.0,1.0
2011-04-29,21.0,1.0
2011-04-30,22.0,1.0
2011-05-01,22.0,1.0
2011-05-02,22.0,1.0
2011-05-03,22.0,1.0
2011-05-04,23.0,1.0
2011-05-05,22.0,1.0
2011-05-06,21.0,1.0
2011-05-07,22.0,1.0
2011-05-08,23.0,1.0
2011-05-09,24.0,1.0
2011-05-10,23.0,1.0
2011-05-11,24.0,1.0
2011-05-12,25.0,1.0
2011-05-13,22.0,1.0
2011-05-14,25.0,1.0
2011-05-15,23.0,1.0
2011-05-16,21.0,1.0
2011-05-17,23.0,1.0
2011-05-18,21.0,1.0
2011-05-19,22.0,1.0
2011-05-20,22.0,1.0
2011-05-21,21.0,1.0
2011-05-22,20.0,1.0
2011-05-23,21.0,1.0
2011-05-24,21.0,1.0
2011-05-25,21.0,1.0
2011-05-26,22.0,1.0
2011-05-27,20.0,1.0
2011-05-28,23.0,1.0
2011-05-29,21.0,1.0
2011-05-30,21.0,1.0
2011-05-31,22.0,1.0
2011-06-01,20.0,1.0
2011-06-02,21.0,1.0
2011-06-03,20.0,1.0
2011-06-04,23.0,1.0
2011-06-05,22.0,1.0
2011-06-06,20.0,1.0
2011-06-07,21.0,1.0
2011-06-08,20.0,1.0
2011-06-09,21.0,1.0
2011-06-10,20.0,1.0
2011-06-11,22.0,1.0
2011-06-12,24.0,1.0
2011-06-13,24.0,1.0
2011-06-14,22.0,1.0
2011-06-15,21.0,1.0
2011-06-16,22.0,1.0
2011-06-17,23.0,1.0
2011-06-18,23.0,1.0
2011-06-19,23.0,1.0
2011-06-20,22.0,1.0
2011-06-21,22.0,1.0
2011-06-22,21.0,1.0
2011-06-23,23.0,1.0
2011-06-24,22.0,
2011-06-25,24.0,
2011-06-26,24.0,
2011-06-27,22.0,
2011-06-28,23.0,
2011-06-29,21.0,
2011-06-30,21.0,
2011-07-01,23.0,
2011-07-02,27.0,
2011-07-03,24.0,
2011-07-04,23.0,
2011-07-05,22.0,
2011-07-06,22.0,
2011-07-07,23.0,
2011-07-08,24.0,
2011-07-09,23.0,
2011-07-10,25.0,
2011-07-11,23.0,
2011-07-12,24.0,
2011-07-13,23.0,
2011-07-14,23.0,
2011-07-15,21.0,
2011-07-16,21.0,
2011-07-17,24.0,
2011-07-18,24.0,
2011-07-19,24.0,
2011-07-20,23.0,
2011-07-21,24.0,
2011-07-22,23.0,
2011-07-23,22.0,
2011-07-24,25.0,
2011-07-25,24.0,
2011-07-26,23.0,
2011-07-27,25.0,
2011-07-28,23.0,
2011-07-29,24.0,
2011-07-30,24.0,
2011-07-31,22.0,
2011-08-01,22.0,
2011-08-02,24.0,
2011-08-03,23.0,
2011-08-04,25.0,
2011-08-05,24.0,
2011-08-06,25.0,
2011-08-07,24.0,
2011-08-08,24.0,
2011-08-09,23.0,
2011-08-10,24.0,
2011-08-11,24.0,
2011-08-12,22.0,
2011-08-13,26.0,
2011-08-14,26.0,
2011-08-15,22.0,
2011-08-16,24.0,
2011-08-17,23.0,
2011-08-18,23.0,
2011-08-19,24.0,
2011-08-20,24.0,
2011-08-21,22.0,
2011-08-22,24.0,
2011-08-23,23.0,
2011-08-24,21.0,
2011-08-25,20.0,
2011-08-26,20.0,
2011-08-27,23.0,
2011-08-28,25.0,
2011-08-29,24.0,
2011-08-30,23.0,
2011-08-31,23.0,1.0
2011-09-01,26.0,1.0
2011-09-02,27.0,1.0
2011-09-03,26.0,1.0
2011-09-04,25.0,1.0
2011-09-05,22.0,1.0
2011-09-06,25.0,1.0
2011-09-07,24.0,1.0
2011-09-08,24.0,1.0
2011-09-09,24.0,1.0
2011-09-10,24.0,1.0
2011-09-11,24.0,1.0
2011-09-12,23.0,1.0
2011-09-13,23.0,1.0
2011-09-14,23.0,1.0
2011-09-15,24.0,1.0
2011-09-16,23.0,1.0
2011-09-17,25.0,1.0
2011-09-18,23.0,1.0
2011-09-19,23.0,1.0
2011-09-20,21.0,1.0
2011-09-21,22.0,1.0
2011-09-22,21.0,1.0
2011-09-23,21.0,1.0
2011-09-24,21.0,1.0
2011-09-25,23.0,1.0
2011-09-26,22.0,1.0
2011-09-27,21.0,1.0
2011-09-28,23.0,1.0
2011-09-29,24.0,1.0
2011-09-30,23.0,1.0
2011-10-01,25.0,1.0
2011-10-02,23.0,1.0
2011-10-03,22.0,1.0
2011-10-04,25.0,1.0
2011-10-05,26.0,1.0
2011-10-06,22.0,1.0
2011-10-07,23.0,1.0
2011-10-08,23.0,1.0
2011-10-09,23.0,1.0
2011-10-10,24.0,1.0
2011-10-11,26.0,1.0
2011-10-12,28.0,1.0
2011-10-13,25.0,1.0
2011-10-14,24.0,1.0
2011-10-15,26.0,1.0
2011-10-16,25.0,1.0
2011-10-17,25.0,1.0
2011-10-18,24.0,1.0
2011-10-19,26.0,1.0
2011-10-20,25.0,1.0
2011-10-21,26.0,1.0
2011-10-22,26.0,1.0
2011-10-23,25.0,1.0
2011-10-24,24.0,1.0
2011-10-25,23.0,1.0
2011-10-26,24.0,1.0
2011-10-27,23.0,1.0
2011-10-28,25.0,1.0
2011-10-29,25.0,1.0
2011-10-30,23.0,1.0
2011-10-31,23.0,1.0
2011-11-01,25.0,1.0
2011-11-02,23.0,1.0
2011-11-03,22.0,1.0
2011-11-04,19.0,1.0
2011-11-05,25.0,1.0
2011-11-06,22.0,1.0
2011-11-07,24.0,1.0
2011-11-08,22.0,1.0
2011-11-09,22.0,1.0
2011-11-10,23.0,1.0
2011-11-11,23.0,1.0
2011-11-12,23.0,1.0
2011-11-13,22.0,1.0
2011-11-14,22.0,1.0
2011-11-15,21.0,1.0
2011-11-16,21.0,1.0
2011-11-17,22.0,1.0
2011-11-18,21.0,1.0
2011-11-19,22.0,1.0
2011-11-20,24.0,1.0
2011-11-21,21.0,1.0
2011-11-22,24.0,1.0
2011-11-23,21.0,1.0
2011-11-24,22.0,1.0
2011-11-25,21.0,1.0
2011-11-26,22.0,1.0
2011-11-27,23.0,1.0
2011-11-28,23.0,1.0
2011-11-29,22.0,1.0
2011-11-30,22.0,1.0
2011-12-01,21.0,1.0
2011-12-02,22.0,1.0
2011-12-03,23.0,1.0
2011-12-04,22.0,1.0
2011-12-05,23.0,1.0
2011-12-06,24.0,1.0
2011-12-07,22.0,1.0
2011-12-08,22.0,1.0
2011-12-09,24.0,1.0
2011-12-10,25.0,
2011-12-11,23.0,
2011-12-12,25.0,
2011-12-13,21.0,
2011-12-14,23.0,
2011-12-15,22.0,
2011-12-16,21.0,
2011-12-17,23.0,
2011-12-18,22.0,
2011-12-19,23.0,
2011-12-20,25.0,
2011-12-21,21.0,
2011-12-22,22.0,
2011-12-23,21.0,
2011-12-24,22.0,
2011-12-25,23.0,
2011-12-26,22.0,
2011-12-27,24.0,
2011-12-28,22.0,
2011-12-29,24.0,
2011-12-30,23.0,
2011-12-31,22.0,
2012-01-01,21.0,
2012-01-02,23.0,
2012-01-03,20.0,
2012-01-04,23.0,
2012-01-05,23.0,
2012-01-06,22.0,
2012-01-07,23.0,
2012-01-08,22.0,
2012-01-09,25.0,
2012-01-10,24.0,
2012-01-11,26.0,
2012-01-12,25.0,
2012-01-13,24.0,
2012-01-14,24.0,
2012-01-15,22.0,
2012-01-16,25.0,
2012-01-17,24.0,
2012-01-18,22.0,
2012-01-19,23.0,
2012-01-20,22.0,
2012-01-21,23.0,
2012-01-22,23.0,
2012-01-23,23.0,
2012-01-24,23.0,
2012-01-25,23.0,
2012-01-26,26.0,
2012-01-27,25.0,
2012-01-28,26.0,
2012-01-29,23.0,
2012-01-30,26.0,
2012-01-31,21.0,
2012-02-01,23.0,
2012-02-02,21.0,
2012-02-03,22.0,
2012-02-04,23.0,
2012-02-05,24.0,
2012-02-06,23.0,
2012-02-07,24.0,
2012-02-08,23.0,
2012-02-09,25.0,
2012-02-10,24.0,
2012-02-11,22.0,
2012-02-12,21.0,
2012-02-13,23.0,
2012-02-14,22.0,
2012-02-15,23.0,
2012-02-16,22.0,1.0
2012-02-17,22.0,1.0
2012-02-18,23.0,1.0
2012-02-19,23.0,1.0
2012-02-20,22.0,1.0
2012-02-21,23.0,1.0
2012-02-22,21.0,1.0
2012-02-23,23.0,1.0
2012-02-24,25.0,1.0
2012-02-25,20.0,1.0
2012-02-26,21.0,1.0
2012-02-27,22.0,1.0
2012-02-28,21.0,1.0
2012-02-29,20.0,1.0
2012-03-01,23.0,1.0
2012-03-02,22.0,1.0
2012-03-03,25.0,1.0
2012-03-04,22.0,1.0
2012-03-05,21.0,1.0
2012-03-06,25.0,1.0
2012-03-07,21.0,1.0
2012-03-08,22.0,1.0
2012-03-09,22.0,1.0
2012-03-10,23.0,1.0
2012-03-11,21.0,1.0
2012-03-12,22.0,1.0
2012-03-13,20.0,1.0
2012-03-14,22.0,1.0
2012-03-15,21.0,1.0
2012-03-16,23.0,1.0
2012-03-17,24.0,1.0
2012-03-18,24.0,1.0
2012-03-19,21.0,1.0
2012-03-20,21.0,1.0
2012-03-21,23.0,1.0
2012-03-22,23.0,1.0
2012-03-23,24.0,1.0
2012-03-24,25.0,1.0
2012-03-25,24.0,1.0
2012-03-26,22.0,1.0
2012-03-27,25.0,1.0
2012-03-28,25.0,1.0
2012-03-29,25.0,1.0
2012-03-30,26.0,1.0
2012-03-31,25.0,1.0
2012-04-01,26.0,1.0
2012-04-02,25.0,1.0
2012-04-03,25.0,1.0
2012-04-04,25.0,1.0
2012-04-05,25.0,1.0
2012-04-06,26.0,1.0
2012-04-07,24.0,1.0
2012-04-08,26.0,1.0
2012-04-09,28.0,1.0
2012-04-10,25.0,1.0
2012-04-11,23.0,1.0
2012-04-12,23.0,1.0
2012-04-13,26.0,1.0
2012-04-14,27.0,1.0
2012-04-15,26.0,1.0
2012-04-16,23.0,1.0
2012-04-17,23.0,1.0
2012-04-18,23.0,1.0
2012-04-19,24.0,1.0
2012-04-20,24.0,1.0
2012-04-21,25.0,1.0
2012-04-22,26.0,1.0
2012-04-23,25.0,1.0
2012-04-24,22.0,1.0
2012-04-25,22.0,1.0
2012-04-26,24.0,1.0
2012-04-27,23.0,1.0
2012-04-28,24.0,1.0
2012-04-29,23.0,1.0
2012-04-30,25.0,1.0
2012-05-01,26.0,1.0
2012-05-02,24.0,1.0
2012-05-03,24.0,1.0
2012-05-04,26.0,1.0
2012-05-05,26.0,1.0
2012-05-06,23.0,1.0
2012-05-07,25.0,1.0
2012-05-08,24.0,1.0
2012-05-09,21.0,1.0
2012-05-10,23.0,1.0
2012-05-11,22.0,1.0
2012-05-12,21.0,1.0
2012-05-13,23.0,1.0
2012-05-14,21.0,1.0
2012-05-15,23.0,1.0
2012-05-16,23.0,1.0
2012-05-17,23.0,1.0
2012-05-18,25.0,1.0
2012-05-19,23.0,1.0
2012-05-20,23.0,1.0
2012-05-21,24.0,1.0
2012-05-22,23.0,1.0
2012-05-23,23.0,1.0
2012-05-24,23.0,1.0
2012-05-25,23.0,1.0
2012-05-26,24.0,1.0
2012-05-27,22.0,
2012-05-28,24.0,
2012-05-29,22.0,
2012-05-30,23.0,
2012-05-31,22.0,
2012-06-01,21.0,
2012-06-02,23.0,
2012-06-03,23.0,
2012-06-04,22.0,
2012-06-05,20.0,
2012-06-06,22.0,
2012-06-07,23.0,
2012-06-08,21.0,
2012-06-09,25.0,
2012-06-10,23.0,
2012-06-11,19.0,
2012-06-12,24.0,
2012-06-13,23.0,
2012-06-14,23.0,
2012-06-15,24.0,
2012-06-16,25.0,
2012-06-17,24.0,
2012-06-18,21.0,
2012-06-19,22.0,
2012-06-20,20.0,
2012-06-21,23.0,
2012-06-22,23.0,
2012-06-23,20.0,
2012-06-24,24.0,
2012-06-25,21.0,
2012-06-26,23.0,
2012-06-27,22.0,
2012-06-28,24.0,
2012-06-29,22.0,
2012-06-30,23.0,
2012-07-01,23.0,
2012-07-02,24.0,
2012-07-03,23.0,
2012-07-04,21.0,
2012-07-05,21.0,
2012-07-06,24.0,
2012-07-07,23.0,
2012-07-08,22.0,
2012-07-09,21.0,
2012-07-10,24.0,
2012-07-11,23.0,
2012-07-12,26.0,
2012-07-13,25.0,
2012-07-14,26.0,
2012-07-15,24.0,
2012-07-16,23.0,
2012-07-17,23.0,
2012-07-18,23.0,
2012-07-19,25.0,
2012-07-20,22.0,
2012-07-21,22.0,
2012-07-22,26.0,
2012-07-23,23.0,
2012-07-24,22.0,
2012-07-25,24.0,
2012-07-26,23.0,
2012-07-27,24.0,
2012-07-28,27.0,
2012-07-29,25.0,
2012-07-30,23.0,
2012-07-31,24.0,
2012-08-01,21.0,
2012-08-02,23.0,
2012-08-03,24.0,1.0
2012-08-04,24.0,1.0
2012-08-05,26.0,1.0
2012-08-06,25.0,1.0
2012-08-07,24.0,1.0
2012-08-08,24.0,1.0
2012-08-09,24.0,1.0
2012-08-10,20.0,1.0
2012-08-11,23.0,1.0
2012-08-12,23.0,1.0
2012-08-13,24.0,1.0
2012-08-14,22.0,1.0
2012-08-15,23.0,1.0
2012-08-16,22.0,1.0
2012-08-17,23.0,1.0
2012-08-18,26.0,1.0
2012-08-19,23.0,1.0
2012-08-20,23.0,1.0
2012-08-21,22.0,1.0
2012-08-22,23.0,1.0
2012-08-23,22.0,1.0
2012-08-24,24.0,1.0
2012-08-25,27.0,1.0
2012-08-26,21.0,1.0
2012-08-27,23.0,1.0
2012-08-28,22.0,1.0
2012-08-29,23.0,1.0
2012-08-30,21.0,1.0
2012-08-31,20.0,1.0
2012-09-01,23.0,1.0
2012-09-02,24.0,1.0
2012-09-03,22.0,1.0
2012-09-04,20.0,1.0
2012-09-05,21.0,1.0
2012-09-06,23.0,1.0
2012-09-07,22.0,1.0
2012-09-08,23.0,1.0
2012-09-09,25.0,1.0
2012-09-10,22.0,1.0
2012-09-11,22.0,1.0
2012-09-12,23.0,1.0
2012-09-13,19.0,1.0
2012-09-14,21.0,1.0
2012-09-15,24.0,1.0
2012-09-16,23.0,1.0
2012-09-17,23.0,1.0
2012-09-18,22.0,1.0
2012-09-19,23.0,1.0
2012-09-20,20.0,1.0
2012-09-21,21.0,1.0
2012-09-22,23.0,1.0
2012-09-23,21.0,1.0
2012-09-24,21.0,1.0
2012-09-25,21.0,1.0
2012-09-26,23.0,1.0
2012-09-27,20.0,1.0
2012-09-28,22.0,1.0
2012-09-29,21.0,1.0
2012-09-30,21.0,1.0
2012-10-01,21.0,1.0
2012-10-02,21.0,1.0
2012-10-03,20.0,1.0
2012-10-04,21.0,1.0
2012-10-05,22.0,1.0
2012-10-06,22.0,1.0
2012-10-07,23.0,1.0
2012-10-08,21.0,1.0
2012-10-09,21.0,1.0
2012-10-10,21.0,1.0
2012-10-11,21.0,1.0
2012-10-12,21.0,1.0
2012-10-13,22.0,1.0
2012-10-14,24.0,1.0
2012-10-15,19.0,1.0
2012-10-16,21.0,1.0
2012-10-17,20.0,1.0
2012-10-18,20.0,1.0
2012-10-19,20.0,1.0
2012-10-20,22.0,1.0
2012-10-21,22.0,1.0
2012-10-22,22.0,1.0
2012-10-23,19.0,1.0
2012-10-24,21.0,1.0
2012-10-25,22.0,1.0
2012-10-26,21.0,1.0
2012-10-27,24.0,1.0
2012-10-28,21.0,1.0
2012-10-29,21.0,1.0
2012-10-30,21.0,1.0
2012-10-31,20.0,1.0
2012-11-01,21.0,1.0
2012-11-02,22.0,1.0
2012-11-03,22.0,1.0
2012-11-04,23.0,1.0
2012-11-05,21.0,1.0
2012-11-06,21.0,1.0
2012-11-07,19.0,1.0
2012-11-08,20.0,1.0
2012-11-09,20.0,1.0
2012-11-10,22.0,1.0
2012-11-11,23.0,1.0
2012-11-12,22.0,
2012-11-13,21.0,
2012-11-14,20.0,
2012-11-15,20.0,
2012-11-16,21.0,
2012-11-17,19.0,
2012-11-18,22.0,
2012-11-19,19.0,
2012-11-20,20.0,
2012-11-21,21.0,
2012-11-22,20.0,
2012-11-23,22.0,
2012-11-24,19.0,
2012-11-25,22.0,
2012-11-26,20.0,
2012-11-27,20.0,
2012-11-28,21.0,
2012-11-29,22.0,
2012-11-30,23.0,
2012-12-01,23.0,
2012-12-02,22.0,
2012-12-03,23.0,
2012-12-04,22.0,
2012-12-05,21.0,
2012-12-06,23.0,
2012-12-07,23.0,
2012-12-08,23.0,
2012-12-09,25.0,
2012-12-10,23.0,
2012-12-11,22.0,
2012-12-12,22.0,
2012-12-13,22.0,
2012-12-14,23.0,
2012-12-15,22.0,
2012-12-16,22.0,
2012-12-17,23.0,
2012-12-18,23.0,
2012-12-19,22.0,
2012-12-20,19.0,
2012-12-21,18.0,
2012-12-22,25.0,
2012-12-23,23.0,
2012-12-24,23.0,
2012-12-25,22.0,
2012-12-26,22.0,
2012-12-27,22.0,
2012-12-28,22.0,
2012-12-29,23.0,
2012-12-30,24.0,
2012-12-31,22.0,
2013-01-01,19.0,
2013-01-02,22.0,
2013-01-03,24.0,
2013-01-04,21.0,
2013-01-05,22.0,
2013-01-06,24.0,
2013-01-07,21.0,
2013-01-08,23.0,
2013-01-09,20.0,
2013-01-10,21.0,
2013-01-11,25.0,
2013-01-12,23.0,
2013-01-13,22.0,
2013-01-14,21.0,
2013-01-15,20.0,
2013-01-16,21.0,
2013-01-17,19.0,
2013-01-18,23.0,
2013-01-19,20.0,1.0
2013-01-20,21.0,1.0
2013-01-21,22.0,1.0
2013-01-22,23.0,1.0
2013-01-23,21.0,1.0
2013-01-24,22.0,1.0
2013-01-25,20.0,1.0
2013-01-26,21.0,1.0
2013-01-27,23.0,1.0
2013-01-28,22.0,1.0
2013-01-29,22.0,1.0
2013-01-30,22.0,1.0
2013-01-31,23.0,1.0
2013-02-01,22.0,1.0
2013-02-02,23.0,1.0
2013-02-03,24.0,1.0
2013-02-04,23.0,1.0
2013-02-05,22.0,1.0
2013-02-06,22.0,1.0
2013-02-07,24.0,1.0
2013-02-08,23.0,1.0
2013-02-09,24.0,1.0
2013-02-10,24.0,1.0
2013-02-11,22.0,1.0
2013-02-12,20.0,1.0
2013-02-13,22.0,1.0
2013-02-14,23.0,1.0
2013-02-15,22.0,1.0
2013-02-16,26.0,1.0
2013-02-17,24.0,1.0
2013-02-18,26.0,1.0
2013-02-19,33.0,1.0
2013-02-20,43.0,1.0
2013-02-21,40.0,1.0
2013-02-22,37.0,1.0
2013-02-23,30.0,1.0
2013-02-24,30.0,1.0
2013-02-25,28.0,1.0
2013-02-26,29.0,1.0
2013-02-27,27.0,1.0
2013-02-28,27.0,1.0
2013-03-01,25.0,1.0
2013-03-02,26.0,1.0
2013-03-03,27.0,1.0
2013-03-04,24.0,1.0
2013-03-05,25.0,1.0
2013-03-06,25.0,1.0
2013-03-07,24.0,1.0
2013-03-08,25.0,1.0
2013-03-09,24.0,1.0
2013-03-10,23.0,1.0
2013-03-11,25.0,1.0
2013-03-12,25.0,1.0
2013-03-13,25.0,1.0
2013-03-14,22.0,1.0
2013-03-15,25.0,1.0
2013-03-16,25.0,1.0
2013-03-17,24.0,1.0
2013-03-18,25.0,1.0
2013-03-19,24.0,1.0
2013-03-20,24.0,1.0
2013-03-21,25.0,1.0
2013-03-22,25.0,1.0
2013-03-23,25.0,1.0
2013-03-24,25.0,1.0
2013-03-25,26.0,1.0
2013-03-26,23.0,1.0
2013-03-27,26.0,1.0
2013-03-28,25.0,1.0
2013-03-29,26.0,1.0
2013-03-30,24.0,1.0
2013-03-31,25.0,1.0
2013-04-01,25.0,1.0
2013-04-02,23.0,1.0
2013-04-03,24.0,1.0
2013-04-04,23.0,1.0
2013-04-05,24.0,1.0
2013-04-06,27.0,1.0
2013-04-07,28.0,1.0
2013-04-08,25.0,1.0
2013-04-09,26.0,1.0
2013-04-10,26.0,1.0
2013-04-11,26.0,1.0
2013-04-12,25.0,1.0
2013-04-13,27.0,1.0
2013-04-14,29.0,1.0
2013-04-15,26.0,1.0
2013-04-16,24.0,1.0
2013-04-17,25.0,1.0
2013-04-18,27.0,1.0
2013-04-19,26.0,1.0
2013-04-20,29.0,1.0
2013-04-21,31.0,1.0
2013-04-22,27.0,1.0
2013-04-23,28.0,1.0
2013-04-24,26.0,1.0
2013-04-25,26.0,1.0
2013-04-26,27.0,1.0
2013-04-27,29.0,1.0
2013-04-28,35.0,1.0
2013-04-29,31.0,1.0
2013-04-30,28.0,
2013-05-01,33.0,
2013-05-02,32.0,
2013-05-03,38.0,
2013-05-04,35.0,
2013-05-05,43.0,
2013-05-06,34.0,
2013-05-07,32.0,
2013-05-08,33.0,
2013-05-09,32.0,
2013-05-10,34.0,
2013-05-11,37.0,
2013-05-12,41.0,
2013-05-13,40.0,
2013-05-14,37.0,
2013-05-15,37.0,
2013-05-16,35.0,
2013-05-17,35.0,
2013-05-18,42.0,
2013-05-19,48.0,
2013-05-20,39.0,
2013-05-21,37.0,
2013-05-22,35.0,
2013-05-23,35.0,
2013-05-24,36.0,
2013-05-25,40.0,
2013-05-26,51.0,
2013-05-27,41.0,
2013-05-28,39.0,
2013-05-29,39.0,
2013-05-30,41.0,
2013-05-31,37.0,
2013-06-01,45.0,
2013-06-02,54.0,
2013-06-03,40.0,
2013-06-04,39.0,
2013-06-05,36.0,
2013-06-06,37.0,
2013-06-07,37.0,
2013-06-08,47.0,
2013-06-09,51.0,
2013-06-10,41.0,
2013-06-11,41.0,
2013-06-12,37.0,
2013-06-13,34.0,
2013-06-14,38.0,
2013-06-15,44.0,
2013-06-16,52.0,
2013-06-17,39.0,
2013-06-18,36.0,
2013-06-19,36.0,
2013-06-20,34.0,
2013-06-21,35.0,
2013-06-22,42.0,
2013-06-23,49.0,
2013-06-24,38.0,
2013-06-25,36.0,
2013-06-26,36.0,
2013-06-27,34.0,
2013-06-28,38.0,
2013-06-29,43.0,
2013-06-30,55.0,
2013-07-01,42.0,
2013-07-02,39.0,
2013-07-03,39.0,
2013-07-04,35.0,
2013-07-05,38.0,
2013-07-06,47.0,
2013-07-07,58.0,1.0
2013-07-08,43.0,1.0
2013-07-09,40.0,1.0
2013-07-10,41.0,1.0
2013-07-11,39.0,1.0
2013-07-12,38.0,1.0
2013-07-13,47.0,1.0
2013-07-14,58.0,1.0
2013-07-15,47.0,1.0
2013-07-16,43.0,1.0
2013-07-17,42.0,1.0
2013-07-18,41.0,1.0
2013-07-19,40.0,1.0
2013-07-20,50.0,1.0
2013-07-21,58.0,1.0
2013-07-22,49.0,1.0
2013-07-23,44.0,1.0
2013-07-24,40.0,1.0
2013-07-25,38.0,1.0
2013-07-26,40.0,1.0
2013-07-27,48.0,1.0
2013-07-28,57.0,1.0
2013-07-29,45.0,1.0
2013-07-30,40.0,1.0
2013-07-31,43.0,1.0
2013-08-01,43.0,1.0
2013-08-02,43.0,1.0
2013-08-03,51.0,1.0
2013-08-04,69.0,1.0
2013-08-05,52.0,1.0
2013-08-06,48.0,1.0
2013-08-07,48.0,1.0
2013-08-08,44.0,1.0
2013-08-09,47.0,1.0
2013-08-10,54.0,1.0
2013-08-11,66.0,1.0
2013-08-12,52.0,1.0
2013-08-13,47.0,1.0
2013-08-14,44.0,1.0
2013-08-15,44.0,1.0
2013-08-16,44.0,1.0
2013-08-17,55.0,1.0
2013-08-18,72.0,1.0
2013-08-19,50.0,1.0
2013-08-20,47.0,1.0
2013-08-21,47.0,1.0
2013-08-22,44.0,1.0
2013-08-23,45.0,1.0
2013-08-24,56.0,1.0
2013-08-25,70.0,1.0
2013-08-26,50.0,1.0
2013-08-27,46.0,1.0
2013-08-28,44.0,1.0
2013-08-29,41.0,1.0
2013-08-30,46.0,1.0
2013-08-31,61.0,1.0
2013-09-01,82.0,1.0
2013-09-02,56.0,1.0
2013-09-03,50.0,1.0
2013-09-04,48.0,1.0
2013-09-05,47.0,1.0
2013-09-06,50.0,1.0
2013-09-07,64.0,1.0
2013-09-08,82.0,1.0
2013-09-09,56.0,1.0
2013-09-10,47.0,1.0
2013-09-11,47.0,1.0
2013-09-12,47.0,1.0
2013-09-13,47.0,1.0
2013-09-14,60.0,1.0
2013-09-15,74.0,1.0
2013-09-16,56.0,1.0
2013-09-17,50.0,1.0
2013-09-18,46.0,1.0
2013-09-19,44.0,1.0
2013-09-20,47.0,1.0
2013-09-21,60.0,1.0
2013-09-22,82.0,1.0
2013-09-23,54.0,1.0
2013-09-24,51.0,1.0
2013-09-25,48.0,1.0
2013-09-26,48.0,1.0
2013-09-27,50.0,1.0
2013-09-28,66.0,1.0
2013-09-29,100.0,1.0
2013-09-30,64.0,1.0
2013-10-01,54.0,1.0
2013-10-02,54.0,1.0
2013-10-03,50.0,1.0
2013-10-04,52.0,1.0
2013-10-05,67.0,1.0
2013-10-06,71.0,1.0
2013-10-07,57.0,1.0
2013-10-08,52.0,1.0
2013-10-09,49.0,1.0
2013-10-10,47.0,1.0
2013-10-11,48.0,1.0
2013-10-12,56.0,1.0
2013-10-13,56.0,1.0
2013-10-14,50.0,1.0
2013-10-15,47.0,1.0
2013-10-16,48.0,
2013-10-17,47.0,
2013-10-18,49.0,
2013-10-19,47.0,
2013-10-20,52.0,
2013-10-21,43.0,
2013-10-22,46.0,
2013-10-23,43.0,
2013-10-24,43.0,
2013-10-25,46.0,
2013-10-26,51.0,
2013-10-27,50.0,
2013-10-28,41.0,
2013-10-29,42.0,
2013-10-30,42.0,
2013-10-31,45.0,
2013-11-01,44.0,
2013-11-02,49.0,
2013-11-03,47.0,
2013-11-04,43.0,
2013-11-05,42.0,
2013-11-06,43.0,
2013-11-07,43.0,
2013-11-08,47.0,
2013-11-09,49.0,
2013-11-10,50.0,
2013-11-11,42.0,
2013-11-12,42.0,
2013-11-13,44.0,
2013-11-14,43.0,
2013-11-15,46.0,
2013-11-16,47.0,
2013-11-17,47.0,
2013-11-18,43.0,
2013-11-19,45.0,
2013-11-20,41.0,
2013-11-21,39.0,
2013-11-22,42.0,
2013-11-23,46.0,
2013-11-24,43.0,
2013-11-25,41.0,
2013-11-26,43.0,
2013-11-27,43.0,
2013-11-28,41.0,
2013-11-29,42.0,
2013-11-30,47.0,
2013-12-01,43.0,
2013-12-02,39.0,
2013-12-03,37.0,
2013-12-04,39.0,
2013-12-05,42.0,
2013-12-06,42.0,
2013-12-07,48.0,
2013-12-08,48.0,
2013-12-09,43.0,
2013-12-10,44.0,
2013-12-11,45.0,
2013-12-12,45.0,
2013-12-13,44.0,
2013-12-14,48.0,
2013-12-15,47.0,
2013-12-16,42.0,
2013-12-17,45.0,
2013-12-18,43.0,
2013-12-19,43.0,
2013-12-20,43.0,
2013-12-21,47.0,
2013-12-22,46.0,
2013-12-23,43.0,1.0
2013-12-24,45.0,1.0
2013-12-25,44.0,1.0
2013-12-26,45.0,1.0
2013-12-27,45.0,1.0
2013-12-28,47.0,1.0
2013-12-29,49.0,1.0
2013-12-30,47.0,1.0
2013-12-31,46.0,1.0
2014-01-01,43.0,1.0
2014-01-02,43.0,1.0
2014-01-03,45.0,1.0
2014-01-04,45.0,1.0
2014-01-05,45.0,1.0
2014-01-06,41.0,1.0
2014-01-07,44.0,1.0
2014-01-08,41.0,1.0
2014-01-09,41.0,1.0
2014-01-10,43.0,1.0
2014-01-11,50.0,1.0
2014-01-12,51.0,1.0
2014-01-13,44.0,1.0
2014-01-14,43.0,1.0
2014-01-15,43.0,1.0
2014-01-16,43.0,1.0
2014-01-17,45.0,1.0
2014-01-18,51.0,1.0
2014-01-19,48.0,1.0
2014-01-20,43.0,1.0
2014-01-21,46.0,1.0
2014-01-22,44.0,1.0
2014-01-23,43.0,1.0
2014-01-24,47.0,1.0
2014-01-25,54.0,1.0
2014-01-26,53.0,1.0
2014-01-27,47.0,1.0
2014-01-28,48.0,1.0
2014-01-29,49.0,1.0
2014-01-30,47.0,1.0
2014-01-31,47.0,1.0
2014-02-01,54.0,1.0
2014-02-02,51.0,1.0
2014-02-03,44.0,1.0
2014-02-04,45.0,1.0
2014-02-05,44.0,1.0
2014-02-06,40.0,1.0
2014-02-07,45.0,1.0
2014-02-08,53.0,1.0
2014-02-09,49.0,1.0
2014-02-10,44.0,1.0
2014-02-11,42.0,1.0
2014-02-12,47.0,1.0
2014-02-13,48.0,1.0
2014-02-14,52.0,1.0
2014-02-15,58.0,1.0
2014-02-16,59.0,1.0
2014-02-17,53.0,1.0
2014-02-18,52.0,1.0
2014-02-19,51.0,1.0
2014-02-20,47.0,1.0
2014-02-21,48.0,1.0
2014-02-22,53.0,1.0
2014-02-23,49.0,1.0
2014-02-24,42.0,1.0
2014-02-25,42.0,1.0
2014-02-26,41.0,1.0
2014-02-27,44.0,1.0
2014-02-28,49.0,1.0
2014-03-01,56.0,1.0
2014-03-02,53.0,1.0
2014-03-03,47.0,1.0
2014-03-04,48.0,1.0
2014-03-05,43.0,1.0
2014-03-06,43.0,1.0
2014-03-07,45.0,1.0
2014-03-08,49.0,1.0
2014-03-09,50.0,1.0
2014-03-10,46.0,1.0
2014-03-11,54.0,1.0
2014-03-12,51.0,1.0
2014-03-13,48.0,1.0
2014-03-14,50.0,1.0
2014-03-15,56.0,1.0
2014-03-16,52.0,1.0
2014-03-17,47.0,1.0
2014-03-18,45.0,1.0
2014-03-19,46.0,1.0
2014-03-20,44.0,1.0
2014-03-21,46.0,1.0
2014-03-22,52.0,1.0
2014-03-23,51.0,1.0
2014-03-24,47.0,1.0
2014-03-25,50.0,1.0
2014-03-26,50.0,1.0
2014-03-27,46.0,1.0
2014-03-28,48.0,1.0
2014-03-29,52.0,1.0
2014-03-30,50.0,1.0
2014-03-31,44.0,1.0
2014-04-01,42.0,1.0
2014-04-02,42.0,1.0
2014-04-03,44.0,
2014-04-04,45.0,
2014-04-05,49.0,
2014-04-06,54.0,
2014-04-07,45.0,
2014-04-08,45.0,
2014-04-09,46.0,
2014-04-10,43.0,
2014-04-11,43.0,
2014-04-12,48.0,
2014-04-13,50.0,
2014-04-14,47.0,
2014-04-15,51.0,
2014-04-16,47.0,
2014-04-17,46.0,
2014-04-18,48.0,
2014-04-19,47.0,
2014-04-20,46.0,
2014-04-21,45.0,
2014-04-22,42.0,
2014-04-23,41.0,
2014-04-24,40.0,
2014-04-25,41.0,
2014-04-26,44.0,
2014-04-27,46.0,
2014-04-28,45.0,
2014-04-29,41.0,
2014-04-30,46.0,
2014-05-01,49.0,
2014-05-02,47.0,
2014-05-03,51.0,
2014-05-04,65.0,
2014-05-05,51.0,
2014-05-06,45.0,
2014-05-07,45.0,
2014-05-08,47.0,
2014-05-09,45.0,
2014-05-10,47.0,
2014-05-11,55.0,
2014-05-12,48.0,
2014-05-13,49.0,
2014-05-14,43.0,
2014-05-15,42.0,
2014-05-16,44.0,
2014-05-17,51.0,
2014-05-18,60.0,
2014-05-19,51.0,
2014-05-20,50.0,
2014-05-21,47.0,
2014-05-22,49.0,
2014-05-23,50.0,
2014-05-24,54.0,
2014-05-25,56.0,
2014-05-26,49.0,
2014-05-27,50.0,
2014-05-28,51.0,
2014-05-29,51.0,
2014-05-30,52.0,
2014-05-31,58.0,
2014-06-01,63.0,
2014-06-02,53.0,
2014-06-03,51.0,
2014-06-04,49.0,
2014-06-05,50.0,
2014-06-06,50.0,
2014-06-07,58.0,
2014-06-08,60.0,
2014-06-09,53.0,
2014-06-10,49.0,1.0
2014-06-11,47.0,1.0
2014-06-12,49.0,1.0
2014-06-13,50.0,1.0
2014-06-14,53.0,1.0
2014-06-15,57.0,1.0
2014-06-16,48.0,1.0
2014-06-17,46.0,1.0
2014-06-18,47.0,1.0
2014-06-19,48.0,1.0
2014-06-20,49.0,1.0
2014-06-21,53.0,1.0
2014-06-22,56.0,1.0
2014-06-23,52.0,1.0
2014-06-24,48.0,1.0
2014-06-25,48.0,1.0
2014-06-26,49.0,1.0
2014-06-27,50.0,1.0
2014-06-28,54.0,1.0
2014-06-29,55.0,1.0
2014-06-30,48.0,1.0
2014-07-01,47.0,1.0
2014-07-02,48.0,1.0
2014-07-03,47.0,1.0
2014-07-04,47.0,1.0
2014-07-05,51.0,1.0
2014-07-06,57.0,1.0
2014-07-07,50.0,1.0
2014-07-08,48.0,1.0
2014-07-09,46.0,1.0
2014-07-10,48.0,1.0
2014-07-11,54.0,1.0
2014-07-12,53.0,1.0
2014-07-13,54.0,1.0
2014-07-14,50.0,1.0
2014-07-15,49.0,1.0
2014-07-16,49.0,1.0
2014-07-17,48.0,1.0
2014-07-18,50.0,1.0
2014-07-19,56.0,1.0
2014-07-20,59.0,1.0
2014-07-21,49.0,1.0
2014-07-22,47.0,1.0
2014-07-23,50.0,1.0
2014-07-24,49.0,1.0
2014-07-25,48.0,1.0
2014-07-26,54.0,1.0
2014-07-27,58.0,1.0
2014-07-28,48.0,1.0
2014-07-29,49.0,1.0
2014-07-30,50.0,1.0
2014-07-31,49.0,1.0
2014-08-01,49.0,1.0
2014-08-02,55.0,1.0
2014-08-03,57.0,1.0
2014-08-04,48.0,1.0
2014-08-05,47.0,1.0
2014-08-06,49.0,1.0
2014-08-07,47.0,1.0
2014-08-08,52.0,1.0
2014-08-09,55.0,1.0
2014-08-10,57.0,1.0
2014-08-11,51.0,1.0
2014-08-12,51.0,1.0
2014-08-13,49.0,1.0
2014-08-14,52.0,1.0
2014-08-15,53.0,1.0
2014-08-16,55.0,1.0
2014-08-17,57.0,1.0
2014-08-18,52.0,1.0
2014-08-19,47.0,1.0
2014-08-20,49.0,1.0
2014-08-21,48.0,1.0
2014-08-22,48.0,1.0
2014-08-23,52.0,1.0
2014-08-24,55.0,1.0
2014-08-25,45.0,1.0
2014-08-26,42.0,1.0
2014-08-27,45.0,1.0
2014-08-28,43.0,1.0
2014-08-29,45.0,1.0
2014-08-30,53.0,1.0
2014-08-31,59.0,1.0
2014-09-01,49.0,1.0
2014-09-02,47.0,1.0
2014-09-03,46.0,1.0
2014-09-04,44.0,1.0
2014-09-05,48.0,1.0
2014-09-06,55.0,1.0
2014-09-07,57.0,1.0
2014-09-08,50.0,1.0
2014-09-09,45.0,1.0
2014-09-10,47.0,1.0
2014-09-11,46.0,1.0
2014-09-12,49.0,1.0
2014-09-13,58.0,1.0
2014-09-14,60.0,1.0
2014-09-15,50.0,1.0
2014-09-16,48.0,1.0
2014-09-17,48.0,1.0
2014-09-18,47.0,1.0
2014-09-19,49.0,
2014-09-20,54.0,
2014-09-21,54.0,
2014-09-22,43.0,
2014-09-23,49.0,
2014-09-24,49.0,
2014-09-25,48.0,
2014-09-26,49.0,
2014-09-27,53.0,
2014-09-28,57.0,
2014-09-29,47.0,
2014-09-30,47.0,
2014-10-01,43.0,
2014-10-02,46.0,
2014-10-03,48.0,
2014-10-04,53.0,
2014-10-05,54.0,
2014-10-06,46.0,
2014-10-07,46.0,
2014-10-08,47.0,
2014-10-09,49.0,
2014-10-10,49.0,
2014-10-11,51.0,
2014-10-12,53.0,
2014-10-13,46.0,
2014-10-14,44.0,
2014-10-15,43.0,
2014-10-16,42.0,
2014-10-17,48.0,
2014-10-18,49.0,
2014-10-19,50.0,
2014-10-20,44.0,
2014-10-21,43.0,
2014-10-22,45.0,
2014-10-23,42.0,
2014-10-24,46.0,
2014-10-25,49.0,
2014-10-26,48.0,
2014-10-27,42.0,
2014-10-28,42.0,
2014-10-29,42.0,
2014-10-30,43.0,
2014-10-31,46.0,
2014-11-01,47.0,
2014-11-02,49.0,
2014-11-03,40.0,
2014-11-04,47.0,
2014-11-05,44.0,
2014-11-06,43.0,
2014-11-07,46.0,
2014-11-08,50.0,
2014-11-09,50.0,
2014-11-10,43.0,
2014-11-11,43.0,
2014-11-12,41.0,
2014-11-13,42.0,
2014-11-14,43.0,
2014-11-15,49.0,
2014-11-16,48.0,
2014-11-17,43.0,
2014-11-18,44.0,
2014-11-19,43.0,
2014-11-20,47.0,
2014-11-21,48.0,
2014-11-22,51.0,
2014-11-23,48.0,
2014-11-24,43.0,
2014-11-25,40.0,
2014-11-26,40.0,1.0
2014-11-27,39.0,1.0
2014-11-28,41.0,1.0
2014-11-29,44.0,1.0
2014-11-30,43.0,1.0
2014-12-01,37.0,1.0
2014-12-02,38.0,1.0
2014-12-03,38.0,1.0
2014-12-04,39.0,1.0
2014-12-05,42.0,1.0
2014-12-06,45.0,1.0
2014-12-07,43.0,1.0
2014-12-08,41.0,1.0
2014-12-09,40.0,1.0
2014-12-10,40.0,1.0
2014-12-11,40.0,1.0
2014-12-12,39.0,1.0
2014-12-13,45.0,1.0
2014-12-14,44.0,1.0
2014-12-15,40.0,1.0
2014-12-16,39.0,1.0
2014-12-17,39.0,1.0
2014-12-18,41.0,1.0
2014-12-19,43.0,1.0
2014-12-20,44.0,1.0
2014-12-21,45.0,1.0
2014-12-22,40.0,1.0
2014-12-23,40.0,1.0
2014-12-24,41.0,1.0
2014-12-25,42.0,1.0
2014-12-26,42.0,1.0
2014-12-27,42.0,1.0
2014-12-28,45.0,1.0
2014-12-29,40.0,1.0
2014-12-30,43.0,1.0
2014-12-31,39.0,1.0
2015-01-01,43.0,1.0
2015-01-02,45.0,1.0
2015-01-03,46.0,1.0
2015-01-04,45.0,1.0
2015-01-05,39.0,1.0
2015-01-06,41.0,1.0
2015-01-07,39.0,1.0
2015-01-08,41.0,1.0
2015-01-09,44.0,1.0
2015-01-10,46.0,1.0
2015-01-11,45.0,1.0
2015-01-12,43.0,1.0
2015-01-13,46.0,1.0
2015-01-14,46.0,1.0
2015-01-15,43.0,1.0
2015-01-16,44.0,1.0
2015-01-17,48.0,1.0
2015-01-18,47.0,1.0
2015-01-19,42.0,1.0
2015-01-20,41.0,1.0
2015-01-21,42.0,1.0
2015-01-22,43.0,1.0
2015-01-23,42.0,1.0
2015-01-24,51.0,1.0
2015-01-25,47.0,1.0
2015-01-26,42.0,1.0
2015-01-27,41.0,1.0
2015-01-28,41.0,1.0
2015-01-29,41.0,1.0
2015-01-30,41.0,1.0
2015-01-31,48.0,1.0
2015-02-01,43.0,1.0
2015-02-02,41.0,1.0
2015-02-03,40.0,1.0
2015-02-04,40.0,1.0
2015-02-05,40.0,1.0
2015-02-06,43.0,1.0
2015-02-07,50.0,1.0
2015-02-08,45.0,1.0
2015-02-09,41.0,1.0
2015-02-10,39.0,1.0
2015-02-11,40.0,1.0
2015-02-12,41.0,1.0
2015-02-13,43.0,1.0
2015-02-14,47.0,1.0
2015-02-15,44.0,1.0
2015-02-16,38.0,1.0
2015-02-17,38.0,1.0
2015-02-18,38.0,1.0
2015-02-19,39.0,1.0
2015-02-20,42.0,1.0
2015-02-21,42.0,1.0
2015-02-22,43.0,1.0
2015-02-23,37.0,1.0
2015-02-24,37.0,1.0
2015-02-25,38.0,1.0
2015-02-26,37.0,1.0
2015-02-27,37.0,1.0
2015-02-28,43.0,1.0
2015-03-01,42.0,1.0
2015-03-02,39.0,1.0
2015-03-03,37.0,1.0
2015-03-04,42.0,1.0
2015-03-05,44.0,1.0
2015-03-06,42.0,1.0
2015-03-07,43.0,
2015-03-08,42.0,
2015-03-09,37.0,
2015-03-10,38.0,
2015-03-11,38.0,
2015-03-12,40.0,
2015-03-13,39.0,
2015-03-14,41.0,
2015-03-15,40.0,
2015-03-16,38.0,
2015-03-17,40.0,
2015-03-18,45.0,
2015-03-19,46.0,
2015-03-20,48.0,
2015-03-21,50.0,
2015-03-22,48.0,
2015-03-23,40.0,
2015-03-24,40.0,
2015-03-25,38.0,
2015-03-26,38.0,
2015-03-27,39.0,
2015-03-28,45.0,
2015-03-29,41.0,
2015-03-30,36.0,
2015-03-31,40.0,
2015-04-01,38.0,
2015-04-02,42.0,
2015-04-03,42.0,
2015-04-04,42.0,
2015-04-05,42.0,
2015-04-06,42.0,
2015-04-07,38.0,
2015-04-08,38.0,
2015-04-09,41.0,
2015-04-10,45.0,
2015-04-11,48.0,
2015-04-12,53.0,
2015-04-13,42.0,
2015-04-14,41.0,
2015-04-15,44.0,
2015-04-16,40.0,
2015-04-17,55.0,
2015-04-18,51.0,
2015-04-19,48.0,
2015-04-20,40.0,
2015-04-21,43.0,
2015-04-22,40.0,
2015-04-23,40.0,
2015-04-24,41.0,
2015-04-25,45.0,
2015-04-26,46.0,
2015-04-27,41.0,
2015-04-28,41.0,
2015-04-29,42.0,
2015-04-30,40.0,
2015-05-01,50.0,
2015-05-02,46.0,
2015-05-03,42.0,
2015-05-04,43.0,
2015-05-05,38.0,
2015-05-06,40.0,
2015-05-07,36.0,
2015-05-08,38.0,
2015-05-09,47.0,
2015-05-10,43.0,
2015-05-11,38.0,
2015-05-12,39.0,
2015-05-13,42.0,
2015-05-14,38.0,1.0
2015-05-15,40.0,1.0
2015-05-16,44.0,1.0
2015-05-17,44.0,1.0
2015-05-18,37.0,1.0
2015-05-19,38.0,1.0
2015-05-20,39.0,1.0
2015-05-21,37.0,1.0
2015-05-22,40.0,1.0
2015-05-23,44.0,1.0
2015-05-24,40.0,1.0
2015-05-25,38.0,1.0
2015-05-26,37.0,1.0
2015-05-27,38.0,1.0
2015-05-28,37.0,1.0
2015-05-29,38.0,1.0
2015-05-30,41.0,1.0
2015-05-31,43.0,1.0
2015-06-01,40.0,1.0
2015-06-02,39.0,1.0
2015-06-03,37.0,1.0
2015-06-04,36.0,1.0
2015-06-05,39.0,1.0
2015-06-06,41.0,1.0
2015-06-07,41.0,1.0
2015-06-08,40.0,1.0
2015-06-09,41.0,1.0
2015-06-10,37.0,1.0
2015-06-11,37.0,1.0
2015-06-12,38.0,1.0
2015-06-13,42.0,1.0
2015-06-14,40.0,1.0
2015-06-15,36.0,1.0
2015-06-16,36.0,1.0
2015-06-17,37.0,1.0
2015-06-18,36.0,1.0
2015-06-19,38.0,1.0
2015-06-20,40.0,1.0
2015-06-21,40.0,1.0
2015-06-22,37.0,1.0
2015-06-23,38.0,1.0
2015-06-24,39.0,1.0
2015-06-25,37.0,1.0
2015-06-26,37.0,1.0
2015-06-27,41.0,1.0
2015-06-28,40.0,1.0
2015-06-29,37.0,1.0
2015-06-30,37.0,1.0
2015-07-01,38.0,1.0
2015-07-02,37.0,1.0
2015-07-03,38.0,1.0
2015-07-04,40.0,1.0
2015-07-05,39.0,1.0
2015-07-06,36.0,1.0
2015-07-07,38.0,1.0
2015-07-08,38.0,1.0
2015-07-09,38.0,1.0
2015-07-10,40.0,1.0
2015-07-11,42.0,1.0
2015-07-12,41.0,1.0
2015-07-13,36.0,1.0
2015-07-14,39.0,1.0
2015-07-15,40.0,1.0
2015-07-16,40.0,1.0
2015-07-17,47.0,1.0
2015-07-18,52.0,1.0
2015-07-19,53.0,1.0
2015-07-20,45.0,1.0
2015-07-21,41.0,1.0
2015-07-22,39.0,1.0
2015-07-23,40.0,1.0
2015-07-24,40.0,1.0
2015-07-25,45.0,1.0
2015-07-26,45.0,1.0
2015-07-27,39.0,1.0
2015-07-28,39.0,1.0
2015-07-29,38.0,1.0
2015-07-30,37.0,1.0
2015-07-31,41.0,1.0
2015-08-01,45.0,1.0
2015-08-02,46.0,1.0
2015-08-03,41.0,1.0
2015-08-04,42.0,1.0
2015-08-05,42.0,1.0
2015-08-06,41.0,1.0
2015-08-07,43.0,1.0
2015-08-08,50.0,1.0
2015-08-09,49.0,1.0
2015-08-10,43.0,1.0
2015-08-11,44.0,1.0
2015-08-12,46.0,1.0
2015-08-13,42.0,1.0
2015-08-14,48.0,1.0
2015-08-15,61.0,1.0
2015-08-16,72.0,1.0
2015-08-17,62.0,1.0
2015-08-18,57.0,1.0
2015-08-19,58.0,1.0
2015-08-20,56.0,1.0
2015-08-21,56.0,1.0
2015-08-22,59.0,1.0
2015-08-23,58.0,
2015-08-24,48.0,
2015-08-25,48.0,
2015-08-26,47.0,
2015-08-27,47.0,
2015-08-28,48.0,
2015-08-29,57.0,
2015-08-30,56.0,
2015-08-31,49.0,
2015-09-01,46.0,
2015-09-02,44.0,
2015-09-03,44.0,
2015-09-04,45.0,
2015-09-05,53.0,
2015-09-06,55.0,
2015-09-07,48.0,
2015-09-08,44.0,
2015-09-09,45.0,
2015-09-10,43.0,
2015-09-11,44.0,
2015-09-12,50.0,
2015-09-13,49.0,
2015-09-14,40.0,
2015-09-15,40.0,
2015-09-16,42.0,
2015-09-17,40.0,
2015-09-18,45.0,
2015-09-19,52.0,
2015-09-20,52.0,
2015-09-21,42.0,
2015-09-22,43.0,
2015-09-23,45.0,
2015-09-24,45.0,
2015-09-25,48.0,
2015-09-26,55.0,
2015-09-27,52.0,
2015-09-28,41.0,
2015-09-29,43.0,
2015-09-30,43.0,
2015-10-01,44.0,
2015-10-02,48.0,
2015-10-03,51.0,
2015-10-04,51.0,
2015-10-05,45.0,
2015-10-06,45.0,
2015-10-07,44.0,
2015-10-08,40.0,
2015-10-09,45.0,
2015-10-10,49.0,
2015-10-11,50.0,
2015-10-12,43.0,
2015-10-13,40.0,
2015-10-14,41.0,
2015-10-15,40.0,
2015-10-16,39.0,
2015-10-17,45.0,
2015-10-18,45.0,
2015-10-19,41.0,
2015-10-20,40.0,
2015-10-21,38.0,
2015-10-22,38.0,
2015-10-23,42.0,
2015-10-24,44.0,
2015-10-25,43.0,
2015-10-26,36.0,
2015-10-27,36.0,
2015-10-28,39.0,
2015-10-29,38.0,
2015-10-30,40.0,1.0
2015-10-31,41.0,1.0
2015-11-01,40.0,1.0
2015-11-02,36.0,1.0
2015-11-03,36.0,1.0
2015-11-04,37.0,1.0
2015-11-05,36.0,1.0
2015-11-06,40.0,1.0
2015-11-07,44.0,1.0
2015-11-08,43.0,1.0
2015-11-09,38.0,1.0
2015-11-10,37.0,1.0
2015-11-11,36.0,1.0
2015-11-12,36.0,1.0
2015-11-13,36.0,1.0
2015-11-14,41.0,1.0
2015-11-15,41.0,1.0
2015-11-16,35.0,1.0
2015-11-17,35.0,1.0
2015-11-18,35.0,1.0
2015-11-19,36.0,1.0
2015-11-20,37.0,1.0
2015-11-21,39.0,1.0
2015-11-22,39.0,1.0
2015-11-23,35.0,1.0
2015-11-24,37.0,1.0
2015-11-25,35.0,1.0
2015-11-26,38.0,1.0
2015-11-27,40.0,1.0
2015-11-28,43.0,1.0
2015-11-29,41.0,1.0
2015-11-30,36.0,1.0
2015-12-01,34.0,1.0
2015-12-02,36.0,1.0
2015-12-03,35.0,1.0
2015-12-04,38.0,1.0
2015-12-05,41.0,1.0
2015-12-06,41.0,1.0
2015-12-07,37.0,1.0
2015-12-08,37.0,1.0
2015-12-09,38.0,1.0
2015-12-10,36.0,1.0
2015-12-11,36.0,1.0
2015-12-12,40.0,1.0
2015-12-13,38.0,1.0
2015-12-14,35.0,1.0
2015-12-15,36.0,1.0
2015-12-16,36.0,1.0
2015-12-17,35.0,1.0
2015-12-18,37.0,1.0
2015-12-19,41.0,1.0
2015-12-20,41.0,1.0
2015-12-21,37.0,1.0
2015-12-22,36.0,1.0
2015-12-23,37.0,1.0
2015-12-24,38.0,1.0
2015-12-25,40.0,1.0
2015-12-26,37.0,1.0
2015-12-27,40.0,1.0
2015-12-28,38.0,1.0
2015-12-29,39.0,1.0
2015-12-30,37.0,1.0
2015-12-31,39.0,1.0
2016-01-01,40.0,1.0
2016-01-02,40.0,1.0
2016-01-03,39.0,1.0
2016-01-04,35.0,1.0
2016-01-05,34.0,1.0
2016-01-06,34.0,1.0
2016-01-07,37.0,1.0
2016-01-08,35.0,1.0
2016-01-09,41.0,1.0
2016-01-10,40.0,1.0
2016-01-11,37.0,1.0
2016-01-12,39.0,1.0
2016-01-13,37.0,1.0
2016-01-14,39.0,1.0
2016-01-15,38.0,1.0
2016-01-16,43.0,1.0
2016-01-17,39.0,1.0
2016-01-18,34.0,1.0
2016-01-19,36.0,1.0
2016-01-20,35.0,1.0
2016-01-21,36.0,1.0
2016-01-22,39.0,1.0
2016-01-23,43.0,1.0
2016-01-24,40.0,1.0
2016-01-25,37.0,1.0
2016-01-26,37.0,1.0
2016-01-27,36.0,1.0
2016-01-28,37.0,1.0
2016-01-29,36.0,1.0
2016-01-30,40.0,1.0
2016-01-31,41.0,1.0
2016-02-01,36.0,1.0
2016-02-02,36.0,1.0
2016-02-03,37.0,1.0
2016-02-04,36.0,1.0
2016-02-05,39.0,1.0
2016-02-06,42.0,1.0
2016-02-07,42.0,1.0
2016-02-08,36.0,
2016-02-09,36.0,
2016-02-10,37.0,
2016-02-11,35.0,
2016-02-12,37.0,
2016-02-13,40.0,
2016-02-14,38.0,
2016-02-15,34.0,
2016-02-16,33.0,
2016-02-17,36.0,
2016-02-18,34.0,
2016-02-19,35.0,
2016-02-20,40.0,
2016-02-21,39.0,
2016-02-22,34.0,
2016-02-23,33.0,
2016-02-24,33.0,
2016-02-25,33.0,
2016-02-26,34.0,
2016-02-27,40.0,
2016-02-28,41.0,
2016-02-29,34.0,
2016-03-01,34.0,
2016-03-02,33.0,
2016-03-03,32.0,
2016-03-04,34.0,
2016-03-05,37.0,
2016-03-06,36.0,
2016-03-07,35.0,
2016-03-08,34.0,
2016-03-09,33.0,
2016-03-10,33.0,
2016-03-11,33.0,
2016-03-12,41.0,
2016-03-13,39.0,
2016-03-14,34.0,
2016-03-15,34.0,
2016-03-16,33.0,
2016-03-17,33.0,
2016-03-18,34.0,
2016-03-19,37.0,
2016-03-20,37.0,
2016-03-21,33.0,
2016-03-22,34.0,
2016-03-23,32.0,
2016-03-24,33.0,
2016-03-25,35.0,
2016-03-26,37.0,
2016-03-27,35.0,
2016-03-28,33.0,
2016-03-29,32.0,
2016-03-30,33.0,
2016-03-31,34.0,
2016-04-01,33.0,
2016-04-02,36.0,
2016-04-03,37.0,
2016-04-04,33.0,
2016-04-05,33.0,
2016-04-06,33.0,
2016-04-07,33.0,
2016-04-08,34.0,
2016-04-09,39.0,
2016-04-10,37.0,
2016-04-11,33.0,
2016-04-12,34.0,
2016-04-13,33.0,
2016-04-14,32.0,
2016-04-15,33.0,
2016-04-16,38.0,1.0
2016-04-17,36.0,1.0
2016-04-18,33.0,1.0
2016-04-19,31.0,1.0
2016-04-20,32.0,1.0
2016-04-21,33.0,1.0
2016-04-22,32.0,1.0
2016-04-23,34.0,1.0
2016-04-24,35.0,1.0
2016-04-25,33.0,1.0
2016-04-26,33.0,1.0
2016-04-27,33.0,1.0
2016-04-28,33.0,1.0
2016-04-29,33.0,1.0
2016-04-30,36.0,1.0
2016-05-01,34.0,1.0
2016-05-02,32.0,1.0
2016-05-03,31.0,1.0
2016-05-04,32.0,1.0
2016-05-05,31.0,1.0
2016-05-06,34.0,1.0
2016-05-07,39.0,1.0
2016-05-08,35.0,1.0
2016-05-09,35.0,1.0
2016-05-10,32.0,1.0
2016-05-11,32.0,1.0
2016-05-12,33.0,1.0
2016-05-13,35.0,1.0
2016-05-14,34.0,1.0
2016-05-15,35.0,1.0
2016-05-16,32.0,1.0
2016-05-17,32.0,1.0
2016-05-18,30.0,1.0
2016-05-19,33.0,1.0
2016-05-20,32.0,1.0
2016-05-21,36.0,1.0
2016-05-22,34.0,1.0
2016-05-23,31.0,1.0
2016-05-24,31.0,1.0
2016-05-25,30.0,1.0
2016-05-26,31.0,1.0
2016-05-27,31.0,1.0
2016-05-28,34.0,1.0
2016-05-29,33.0,1.0
2016-05-30,31.0,1.0
2016-05-31,32.0,1.0
2016-06-01,32.0,1.0
2016-06-02,31.0,1.0
2016-06-03,33.0,1.0
2016-06-04,36.0,1.0
2016-06-05,33.0,1.0
2016-06-06,32.0,1.0
2016-06-07,33.0,1.0
2016-06-08,32.0,1.0
2016-06-09,33.0,1.0
2016-06-10,32.0,1.0
2016-06-11,37.0,1.0
2016-06-12,35.0,1.0
2016-06-13,31.0,1.0
2016-06-14,32.0,1.0
2016-06-15,31.0,1.0
2016-06-16,33.0,1.0
2016-06-17,33.0,1.0
2016-06-18,36.0,1.0
2016-06-19,35.0,1.0
2016-06-20,32.0,1.0
2016-06-21,32.0,1.0
2016-06-22,31.0,1.0
2016-06-23,32.0,1.0
2016-06-24,31.0,1.0
2016-06-25,35.0,1.0
2016-06-26,34.0,1.0
2016-06-27,30.0,1.0
2016-06-28,31.0,1.0
2016-06-29,34.0,1.0
2016-06-30,31.0,1.0
2016-07-01,32.0,1.0
2016-07-02,35.0,1.0
2016-07-03,37.0,1.0
2016-07-04,34.0,1.0
2016-07-05,34.0,1.0
2016-07-06,35.0,1.0
2016-07-07,35.0,1.0
2016-07-08,34.0,1.0
2016-07-09,36.0,1.0
2016-07-10,33.0,1.0
2016-07-11,32.0,1.0
2016-07-12,30.0,1.0
2016-07-13,30.0,1.0
2016-07-14,29.0,1.0
2016-07-15,29.0,1.0
2016-07-16,33.0,1.0
2016-07-17,33.0,1.0
2016-07-18,31.0,1.0
2016-07-19,30.0,1.0
2016-07-20,30.0,1.0
2016-07-21,30.0,1.0
2016-07-22,36.0,1.0
2016-07-23,36.0,1.0
2016-07-24,33.0,1.0
2016-07-25,32.0,1.0
2016-07-26,30.0,
2016-07-27,30.0,
2016-07-28,30.0,
2016-07-29,32.0,
2016-07-30,33.0,
2016-07-31,34.0,
2016-08-01,32.0,
2016-08-02,35.0,
2016-08-03,35.0,
2016-08-04,32.0,
2016-08-05,33.0,
2016-08-06,33.0,
2016-08-07,33.0,
2016-08-08,30.0,
2016-08-09,31.0,
2016-08-10,30.0,
2016-08-11,30.0,
2016-08-12,31.0,
2016-08-13,33.0,
2016-08-14,32.0,
2016-08-15,31.0,
2016-08-16,32.0,
2016-08-17,32.0,
2016-08-18,30.0,
2016-08-19,32.0,
2016-08-20,34.0,
2016-08-21,36.0,
2016-08-22,31.0,
2016-08-23,33.0,
2016-08-24,34.0,
2016-08-25,33.0,
2016-08-26,40.0,
2016-08-27,47.0,
2016-08-28,48.0,
2016-08-29,43.0,
2016-08-30,42.0,
2016-08-31,42.0,
2016-09-01,45.0,
2016-09-02,43.0,
2016-09-03,52.0,
2016-09-04,48.0,
2016-09-05,41.0,
2016-09-06,40.0,
2016-09-07,41.0,
2016-09-08,41.0,
2016-09-09,43.0,
2016-09-10,48.0,
2016-09-11,47.0,
2016-09-12,40.0,
2016-09-13,38.0,
2016-09-14,36.0,
2016-09-15,34.0,
2016-09-16,37.0,
2016-09-17,41.0,
2016-09-18,40.0,
2016-09-19,35.0,
2016-09-20,34.0,
2016-09-21,36.0,
2016-09-22,33.0,
2016-09-23,37.0,
2016-09-24,40.0,
2016-09-25,42.0,
2016-09-26,34.0,
2016-09-27,33.0,
2016-09-28,32.0,
2016-09-29,31.0,
2016-09-30,34.0,
2016-10-01,39.0,
2016-10-02,38.0,1.0
2016-10-03,33.0,1.0
2016-10-04,34.0,1.0
2016-10-05,32.0,1.0
2016-10-06,32.0,1.0
2016-10-07,34.0,1.0
2016-10-08,39.0,1.0
2016-10-09,40.0,1.0
2016-10-10,34.0,1.0
2016-10-11,34.0,1.0
2016-10-12,32.0,1.0
2016-10-13,34.0,1.0
2016-10-14,33.0,1.0
2016-10-15,39.0,1.0
2016-10-16,39.0,1.0
2016-10-17,33.0,1.0
2016-10-18,33.0,1.0
2016-10-19,32.0,1.0
2016-10-20,31.0,1.0
2016-10-21,33.0,1.0
2016-10-22,35.0,1.0
2016-10-23,34.0,1.0
2016-10-24,31.0,1.0
2016-10-25,32.0,1.0
2016-10-26,31.0,1.0
2016-10-27,33.0,1.0
2016-10-28,35.0,1.0
2016-10-29,36.0,1.0
2016-10-30,35.0,1.0
2016-10-31,32.0,1.0
2016-11-01,32.0,1.0
2016-11-02,32.0,1.0
2016-11-03,29.0,1.0
2016-11-04,31.0,1.0
2016-11-05,34.0,1.0
2016-11-06,35.0,1.0
2016-11-07,32.0,1.0
2016-11-08,32.0,1.0
2016-11-09,27.0,1.0
2016-11-10,30.0,1.0
2016-11-11,32.0,1.0
2016-11-12,34.0,1.0
2016-11-13,36.0,1.0
2016-11-14,29.0,1.0
2016-11-15,30.0,1.0
2016-11-16,30.0,1.0
2016-11-17,30.0,1.0
2016-11-18,31.0,1.0
2016-11-19,33.0,1.0
2016-11-20,32.0,1.0
2016-11-21,30.0,1.0
2016-11-22,29.0,1.0
2016-11-23,30.0,1.0
2016-11-24,32.0,1.0
2016-11-25,34.0,1.0
2016-11-26,35.0,1.0
2016-11-27,36.0,1.0
2016-11-28,32.0,1.0
2016-11-29,30.0,1.0
2016-11-30,31.0,1.0
2016-12-01,30.0,1.0
2016-12-02,30.0,1.0
2016-12-03,33.0,1.0
2016-12-04,33.0,1.0
2016-12-05,30.0,1.0
2016-12-06,30.0,1.0
2016-12-07,32.0,1.0
2016-12-08,35.0,1.0
2016-12-09,31.0,1.0
2016-12-10,33.0,1.0
2016-12-11,35.0,1.0
2016-12-12,32.0,1.0
2016-12-13,30.0,1.0
2016-12-14,31.0,1.0
2016-12-15,31.0,1.0
2016-12-16,32.0,1.0
2016-12-17,34.0,1.0
2016-12-18,34.0,1.0
2016-12-19,31.0,1.0
2016-12-20,31.0,1.0
2016-12-21,32.0,1.0
2016-12-22,31.0,1.0
2016-12-23,32.0,1.0
2016-12-24,36.0,1.0
2016-12-25,40.0,1.0
2016-12-26,37.0,1.0
2016-12-27,35.0,1.0
2016-12-28,38.0,1.0
2016-12-29,37.0,1.0
2016-12-30,36.0,1.0
2016-12-31,34.0,1.0
2017-01-01,35.0,1.0
2017-01-02,36.0,1.0
2017-01-03,36.0,1.0
2017-01-04,34.0,1.0
2017-01-05,33.0,1.0
2017-01-06,33.0,1.0
2017-01-07,36.0,1.0
2017-01-08,35.0,1.0
2017-01-09,32.0,1.0
2017-01-10,33.0,1.0
2017-01-11,34.0,
2017-01-12,32.0,
2017-01-13,33.0,
2017-01-14,36.0,
2017-01-15,36.0,
2017-01-16,33.0,
2017-01-17,33.0,
2017-01-18,33.0,
2017-01-19,31.0,
2017-01-20,31.0,
2017-01-21,34.0,
2017-01-22,35.0,
2017-01-23,32.0,
2017-01-24,31.0,
2017-01-25,31.0,
2017-01-26,31.0,
2017-01-27,32.0,
2017-01-28,32.0,
2017-01-29,34.0,
2017-01-30,32.0,
2017-01-31,32.0,
2017-02-01,29.0,
2017-02-02,30.0,
2017-02-03,30.0,
2017-02-04,36.0,
2017-02-05,32.0,
2017-02-06,31.0,
2017-02-07,31.0,
2017-02-08,30.0,
2017-02-09,32.0,
2017-02-10,33.0,
2017-02-11,34.0,
2017-02-12,36.0,
2017-02-13,32.0,
2017-02-14,31.0,
2017-02-15,30.0,
2017-02-16,29.0,
2017-02-17,31.0,
2017-02-18,34.0,
2017-02-19,32.0,
2017-02-20,31.0,
2017-02-21,29.0,
2017-02-22,30.0,
2017-02-23,31.0,
2017-02-24,31.0,
2017-02-25,34.0,
2017-02-26,33.0,
2017-02-27,31.0,
2017-02-28,30.0,
2017-03-01,31.0,
2017-03-02,32.0,
2017-03-03,31.0,
2017-03-04,33.0,
2017-03-05,33.0,
2017-03-06,31.0,
2017-03-07,30.0,
2017-03-08,30.0,
2017-03-09,29.0,
2017-03-10,30.0,
2017-03-11,34.0,
2017-03-12,33.0,
2017-03-13,29.0,
2017-03-14,31.0,
2017-03-15,29.0,
2017-03-16,29.0,
2017-03-17,30.0,
2017-03-18,33.0,
2017-03-19,34.0,
2017-03-20,30.0,1.0
2017-03-21,32.0,1.0
2017-03-22,31.0,1.0
2017-03-23,30.0,1.0
2017-03-24,33.0,1.0
2017-03-25,37.0,1.0
2017-03-26,38.0,1.0
2017-03-27,34.0,1.0
2017-03-28,34.0,1.0
2017-03-29,34.0,1.0
2017-03-30,33.0,1.0
2017-03-31,41.0,1.0
2017-04-01,87.0,1.0
2017-04-02,94.0,1.0
2017-04-03,64.0,1.0
2017-04-04,55.0,1.0
2017-04-05,51.0,1.0
2017-04-06,53.0,1.0
2017-04-07,52.0,1.0
2017-04-08,75.0,1.0
2017-04-09,74.0,1.0
2017-04-10,57.0,1.0
2017-04-11,49.0,1.0
2017-04-12,48.0,1.0
2017-04-13,46.0,1.0
2017-04-14,50.0,1.0
2017-04-15,68.0,1.0
2017-04-16,68.0,1.0
2017-04-17,55.0,1.0
2017-04-18,49.0,1.0
2017-04-19,44.0,1.0
2017-04-20,45.0,1.0
2017-04-21,47.0,1.0
2017-04-22,67.0,1.0
2017-04-23,72.0,1.0
2017-04-24,55.0,1.0
2017-04-25,50.0,1.0
2017-04-26,48.0,1.0
2017-04-27,46.0,1.0
2017-04-28,44.0,1.0
2017-04-29,71.0,1.0
2017-04-30,74.0,1.0
2017-05-01,58.0,1.0
2017-05-02,49.0,1.0
2017-05-03,46.0,1.0
2017-05-04,44.0,1.0
2017-05-05,45.0,1.0
2017-05-06,72.0,1.0
2017-05-07,78.0,1.0
2017-05-08,62.0,1.0
2017-05-09,53.0,1.0
2017-05-10,48.0,1.0
2017-05-11,47.0,1.0
2017-05-12,50.0,1.0
2017-05-13,81.0,1.0
2017-05-14,80.0,1.0
2017-05-15,55.0,1.0
2017-05-16,48.0,1.0
2017-05-17,45.0,1.0
2017-05-18,44.0,1.0
2017-05-19,46.0,1.0
2017-05-20,69.0,1.0
2017-05-21,67.0,1.0
2017-05-22,49.0,1.0
2017-05-23,44.0,1.0
2017-05-24,41.0,1.0
2017-05-25,42.0,1.0
2017-05-26,42.0,1.0
2017-05-27,64.0,1.0
2017-05-28,61.0,1.0
2017-05-29,46.0,1.0
2017-05-30,44.0,1.0
2017-05-31,42.0,1.0
2017-06-01,42.0,1.0
2017-06-02,43.0,1.0
2017-06-03,61.0,1.0
2017-06-04,63.0,1.0
2017-06-05,51.0,1.0
2017-06-06,45.0,1.0
2017-06-07,42.0,1.0
2017-06-08,42.0,1.0
2017-06-09,41.0,1.0
2017-06-10,61.0,1.0
2017-06-11,66.0,1.0
2017-06-12,48.0,1.0
2017-06-13,45.0,1.0
2017-06-14,44.0,1.0
2017-06-15,43.0,1.0
2017-06-16,44.0,1.0
2017-06-17,80.0,1.0
2017-06-18,81.0,1.0
2017-06-19,60.0,1.0
2017-06-20,50.0,1.0
2017-06-21,47.0,1.0
2017-06-22,45.0,1.0
2017-06-23,47.0,1.0
2017-06-24,51.0,1.0
2017-06-25,55.0,1.0
2017-06-26,49.0,1.0
2017-06-27,44.0,1.0
2017-06-28,43.0,1.0
2017-06-29,41.0,
2017-06-30,41.0,
2017-07-01,48.0,
2017-07-02,48.0,
2017-07-03,47.0,
2017-07-04,42.0,
2017-07-05,44.0,
2017-07-06,38.0,
2017-07-07,40.0,
2017-07-08,44.0,
2017-07-09,47.0,
2017-07-10,38.0,
2017-07-11,38.0,
2017-07-12,36.0,
2017-07-13,39.0,
2017-07-14,38.0,
2017-07-15,41.0,
2017-07-16,41.0,
2017-07-17,36.0,
2017-07-18,37.0,
2017-07-19,35.0,
2017-07-20,36.0,
2017-07-21,36.0,
2017-07-22,38.0,
2017-07-23,41.0,
2017-07-24,38.0,
2017-07-25,34.0,
2017-07-26,36.0,
2017-07-27,36.0,
2017-07-28,38.0,
2017-07-29,41.0,
2017-07-30,40.0,
2017-07-31,35.0,
2017-08-01,38.0,
2017-08-02,36.0,
2017-08-03,35.0,
2017-08-04,38.0,
2017-08-05,37.0,
2017-08-06,38.0,
2017-08-07,37.0,
2017-08-08,32.0,
2017-08-09,36.0,
2017-08-10,36.0,
2017-08-11,33.0,
2017-08-12,36.0,
2017-08-13,34.0,
2017-08-14,32.0,
2017-08-15,35.0,
2017-08-16,33.0,
2017-08-17,33.0,
2017-08-18,33.0,
2017-08-19,36.0,
2017-08-20,35.0,
2017-08-21,31.0,
2017-08-22,32.0,
2017-08-23,31.0,
2017-08-24,32.0,
2017-08-25,32.0,
2017-08-26,31.0,
2017-08-27,33.0,
2017-08-28,30.0,
2017-08-29,31.0,
2017-08-30,33.0,
2017-08-31,32.0,
2017-09-01,31.0,
2017-09-02,34.0,
2017-09-03,34.0,
2017-09-04,34.0,
2017-09-05,33.0,1.0
2017-09-06,33.0,1.0
2017-09-07,33.0,1.0
2017-09-08,34.0,1.0
2017-09-09,37.0,1.0
2017-09-10,37.0,1.0
2017-09-11,34.0,1.0
2017-09-12,32.0,1.0
2017-09-13,35.0,1.0
2017-09-14,33.0,1.0
2017-09-15,35.0,1.0
2017-09-16,38.0,1.0
2017-09-17,36.0,1.0
2017-09-18,33.0,1.0
2017-09-19,33.0,1.0
2017-09-20,34.0,1.0
2017-09-21,33.0,1.0
2017-09-22,33.0,1.0
2017-09-23,35.0,1.0
2017-09-24,35.0,1.0
2017-09-25,31.0,1.0
2017-09-26,33.0,1.0
2017-09-27,32.0,1.0
2017-09-28,32.0,1.0
2017-09-29,34.0,1.0
2017-09-30,35.0,1.0
2017-10-01,35.0,1.0
2017-10-02,32.0,1.0
2017-10-03,30.0,1.0
2017-10-04,32.0,1.0
2017-10-05,31.0,1.0
2017-10-06,32.0,1.0
2017-10-07,36.0,1.0
2017-10-08,37.0,1.0
2017-10-09,33.0,1.0
2017-10-10,31.0,1.0
2017-10-11,30.0,1.0
2017-10-12,30.0,1.0
2017-10-13,31.0,1.0
2017-10-14,35.0,1.0
2017-10-15,36.0,1.0
2017-10-16,32.0,1.0
2017-10-17,33.0,1.0
2017-10-18,31.0,1.0
2017-10-19,30.0,1.0
2017-10-20,31.0,1.0
2017-10-21,33.0,1.0
2017-10-22,32.0,1.0
2017-10-23,32.0,1.0
2017-10-24,31.0,1.0
2017-10-25,31.0,1.0
2017-10-26,33.0,1.0
2017-10-27,32.0,1.0
2017-10-28,31.0,1.0
2017-10-29,33.0,1.0
2017-10-30,33.0,1.0
2017-10-31,31.0,1.0
2017-11-01,31.0,1.0
2017-11-02,29.0,1.0
2017-11-03,33.0,1.0
2017-11-04,34.0,1.0
2017-11-05,33.0,1.0
2017-11-06,33.0,1.0
2017-11-07,33.0,1.0
2017-11-08,33.0,1.0
2017-11-09,32.0,1.0
2017-11-10,33.0,1.0
2017-11-11,33.0,1.0
2017-11-12,33.0,1.0
2017-11-13,31.0,1.0
2017-11-14,31.0,1.0
2017-11-15,31.0,1.0
2017-11-16,31.0,1.0
2017-11-17,33.0,1.0
2017-11-18,39.0,1.0
2017-11-19,38.0,1.0
2017-11-20,33.0,1.0
2017-11-21,34.0,1.0
2017-11-22,33.0,1.0
2017-11-23,32.0,1.0
2017-11-24,35.0,1.0
2017-11-25,36.0,1.0
2017-11-26,34.0,1.0
2017-11-27,32.0,1.0
2017-11-28,33.0,1.0
2017-11-29,34.0,1.0
2017-11-30,33.0,1.0
2017-12-01,32.0,1.0
2017-12-02,34.0,1.0
2017-12-03,35.0,1.0
2017-12-04,32.0,1.0
2017-12-05,32.0,1.0
2017-12-06,32.0,1.0
2017-12-07,33.0,1.0
2017-12-08,45.0,1.0
2017-12-09,42.0,1.0
2017-12-10,37.0,1.0
2017-12-11,37.0,1.0
2017-12-12,35.0,1.0
2017-12-13,37.0,1.0
2017-12-14,34.0,1.0
2017-12-15,36.0,
2017-12-16,38.0,
2017-12-17,36.0,
2017-12-18,33.0,
2017-12-19,36.0,
2017-12-20,36.0,
2017-12-21,34.0,
2017-12-22,35.0,
2017-12-23,37.0,
2017-12-24,36.0,
2017-12-25,35.0,
2017-12-26,36.0,
2017-12-27,36.0,
2017-12-28,36.0,
2017-12-29,42.0,
2017-12-30,41.0,
2017-12-31,36.0,
2018-01-01,36.0,
2018-01-02,36.0,
2018-01-03,36.0,
2018-01-04,36.0,
2018-01-05,36.0,
2018-01-06,39.0,
2018-01-07,40.0,
2018-01-08,36.0,
2018-01-09,34.0,
2018-01-10,35.0,
2018-01-11,34.0,
2018-01-12,36.0,
2018-01-13,40.0,
2018-01-14,42.0,
2018-01-15,36.0,
2018-01-16,35.0,
2018-01-17,35.0,
2018-01-18,36.0,
2018-01-19,36.0,
2018-01-20,36.0,
2018-01-21,36.0,
2018-01-22,35.0,
2018-01-23,34.0,
2018-01-24,36.0,
2018-01-25,34.0,
2018-01-26,32.0,
2018-01-27,34.0,
2018-01-28,36.0,
2018-01-29,34.0,
2018-01-30,34.0,
2018-01-31,33.0,
2018-02-01,33.0,
2018-02-02,36.0,
2018-02-03,37.0,
2018-02-04,34.0,
2018-02-05,33.0,
2018-02-06,35.0,
2018-02-07,36.0,
2018-02-08,36.0,
2018-02-09,34.0,
2018-02-10,36.0,
2018-02-11,37.0,
2018-02-12,33.0,
2018-02-13,32.0,
2018-02-14,33.0,
2018-02-15,32.0,
2018-02-16,35.0,
2018-02-17,36.0,
2018-02-18,34.0,
2018-02-19,33.0,
2018-02-20,32.0,
2018-02-21,33.0,1.0
2018-02-22,33.0,1.0
2018-02-23,32.0,1.0
2018-02-24,35.0,1.0
2018-02-25,33.0,1.0
2018-02-26,32.0,1.0
2018-02-27,31.0,1.0
2018-02-28,31.0,1.0
2018-03-01,32.0,1.0
2018-03-02,32.0,1.0
2018-03-03,35.0,1.0
2018-03-04,35.0,1.0
2018-03-05,33.0,1.0
2018-03-06,33.0,1.0
2018-03-07,35.0,1.0
2018-03-08,33.0,1.0
2018-03-09,35.0,1.0
2018-03-10,36.0,1.0
2018-03-11,38.0,1.0
2018-03-12,32.0,1.0
2018-03-13,33.0,1.0
2018-03-14,32.0,1.0
2018-03-15,33.0,1.0
2018-03-16,35.0,1.0
2018-03-17,38.0,1.0
2018-03-18,37.0,1.0
2018-03-19,36.0,1.0
2018-03-20,37.0,1.0
2018-03-21,38.0,1.0
2018-03-22,37.0,1.0
2018-03-23,37.0,1.0
2018-03-24,42.0,1.0
2018-03-25,38.0,1.0
2018-03-26,37.0,1.0
2018-03-27,36.0,1.0
2018-03-28,36.0,1.0
2018-03-29,36.0,1.0
2018-03-30,52.0,1.0
2018-03-31,67.0,1.0
2018-04-01,63.0,1.0
2018-04-02,55.0,1.0
2018-04-03,50.0,1.0
2018-04-04,48.0,1.0
2018-04-05,47.0,1.0
2018-04-06,47.0,1.0
2018-04-07,50.0,1.0
2018-04-08,49.0,1.0
2018-04-09,43.0,1.0
2018-04-10,39.0,1.0
2018-04-11,39.0,1.0
2018-04-12,39.0,1.0
2018-04-13,39.0,1.0
2018-04-14,42.0,1.0
2018-04-15,43.0,1.0
2018-04-16,36.0,1.0
2018-04-17,36.0,1.0
2018-04-18,35.0,1.0
2018-04-19,37.0,1.0
2018-04-20,36.0,1.0
2018-04-21,39.0,1.0
2018-04-22,38.0,1.0
2018-04-23,35.0,1.0
2018-04-24,34.0,1.0
2018-04-25,34.0,1.0
2018-04-26,34.0,1.0
2018-04-27,37.0,1.0
2018-04-28,42.0,1.0
2018-04-29,41.0,1.0
2018-04-30,41.0,1.0
2018-05-01,39.0,1.0
2018-05-02,37.0,1.0
2018-05-03,38.0,1.0
2018-05-04,40.0,1.0
2018-05-05,41.0,1.0
2018-05-06,39.0,1.0
2018-05-07,37.0,1.0
2018-05-08,37.0,1.0
2018-05-09,37.0,1.0
2018-05-10,39.0,1.0
2018-05-11,39.0,1.0
2018-05-12,41.0,1.0
2018-05-13,39.0,1.0
2018-05-14,35.0,1.0
2018-05-15,34.0,1.0
2018-05-16,33.0,1.0
2018-05-17,32.0,1.0
2018-05-18,33.0,1.0
2018-05-19,34.0,1.0
2018-05-20,37.0,1.0
2018-05-21,33.0,1.0
2018-05-22,33.0,1.0
2018-05-23,31.0,1.0
2018-05-24,32.0,1.0
2018-05-25,32.0,1.0
2018-05-26,33.0,1.0
2018-05-27,34.0,1.0
2018-05-28,34.0,1.0
2018-05-29,33.0,1.0
2018-05-30,33.0,1.0
2018-05-31,34.0,1.0
2018-06-01,32.0,1.0
2018-06-02,36.0,
2018-06-03,36.0,
2018-06-04,32.0,
2018-06-05,34.0,
2018-06-06,32.0,
2018-06-07,35.0,
2018-06-08,36.0,
2018-06-09,38.0,
2018-06-10,34.0,
2018-06-11,30.0,
2018-06-12,32.0,
2018-06-13,34.0,
2018-06-14,29.0,
2018-06-15,30.0,
2018-06-16,33.0,
2018-06-17,33.0,
2018-06-18,31.0,
2018-06-19,32.0,
2018-06-20,32.0,
2018-06-21,31.0,
2018-06-22,32.0,
2018-06-23,32.0,
2018-06-24,33.0,
2018-06-25,34.0,
2018-06-26,29.0,
2018-06-27,32.0,
2018-06-28,31.0,
2018-06-29,33.0,
2018-06-30,37.0,
2018-07-01,36.0,
2018-07-02,34.0,
2018-07-03,34.0,
2018-07-04,33.0,
2018-07-05,38.0,
2018-07-06,37.0,
2018-07-07,38.0,
2018-07-08,40.0,
2018-07-09,36.0,
2018-07-10,35.0,
2018-07-11,36.0,
2018-07-12,37.0,
2018-07-13,34.0,
2018-07-14,38.0,
2018-07-15,40.0,
2018-07-16,36.0,
2018-07-17,37.0,
2018-07-18,36.0,
2018-07-19,38.0,
2018-07-20,38.0,
2018-07-21,42.0,
2018-07-22,64.0,
2018-07-23,58.0,
2018-07-24,49.0,
2018-07-25,42.0,
2018-07-26,42.0,
2018-07-27,39.0,
2018-07-28,47.0,
2018-07-29,58.0,
2018-07-30,49.0,
2018-07-31,44.0,
2018-08-01,43.0,
2018-08-02,43.0,
2018-08-03,44.0,
2018-08-04,45.0,
2018-08-05,51.0,
2018-08-06,48.0,
2018-08-07,42.0,
2018-08-08,41.0,
2018-08-09,41.0,1.0
2018-08-10,39.0,1.0
2018-08-11,46.0,1.0
2018-08-12,48.0,1.0
2018-08-13,46.0,1.0
2018-08-14,41.0,1.0
2018-08-15,38.0,1.0
2018-08-16,38.0,1.0
2018-08-17,39.0,1.0
2018-08-18,42.0,1.0
2018-08-19,48.0,1.0
2018-08-20,47.0,1.0
2018-08-21,40.0,1.0
2018-08-22,39.0,1.0
2018-08-23,39.0,1.0
2018-08-24,38.0,1.0
2018-08-25,42.0,1.0
2018-08-26,50.0,1.0
2018-08-27,44.0,1.0
2018-08-28,39.0,1.0
2018-08-29,37.0,1.0
2018-08-30,39.0,1.0
2018-08-31,38.0,1.0
2018-09-01,40.0,1.0
2018-09-02,48.0,1.0
2018-09-03,47.0,1.0
2018-09-04,41.0,1.0
2018-09-05,39.0,1.0
2018-09-06,37.0,1.0
2018-09-07,37.0,1.0
2018-09-08,41.0,1.0
2018-09-09,50.0,1.0
2018-09-10,42.0,1.0
2018-09-11,38.0,1.0
2018-09-12,36.0,1.0
2018-09-13,36.0,1.0
2018-09-14,35.0,1.0
2018-09-15,39.0,1.0
2018-09-16,46.0,1.0
2018-09-17,43.0,1.0
2018-09-18,38.0,1.0
2018-09-19,38.0,1.0
2018-09-20,38.0,1.0
2018-09-21,40.0,1.0
2018-09-22,44.0,1.0
2018-09-23,51.0,1.0
2018-09-24,47.0,1.0
2018-09-25,40.0,1.0
2018-09-26,38.0,1.0
2018-09-27,38.0,1.0
2018-09-28,37.0,1.0
2018-09-29,39.0,1.0
2018-09-30,50.0,1.0
2018-10-01,46.0,1.0
2018-10-02,39.0,1.0
2018-10-03,38.0,1.0
2018-10-04,37.0,1.0
2018-10-05,38.0,1.0
2018-10-06,40.0,1.0
2018-10-07,44.0,1.0
2018-10-08,42.0,1.0
2018-10-09,40.0,1.0
2018-10-10,37.0,1.0
2018-10-11,35.0,1.0
2018-10-12,37.0,1.0
2018-10-13,41.0,1.0
2018-10-14,49.0,1.0
2018-10-15,47.0,1.0
2018-10-16,39.0,1.0
2018-10-17,38.0,1.0
2018-10-18,36.0,1.0
2018-10-19,39.0,1.0
2018-10-20,38.0,1.0
2018-10-21,42.0,1.0
2018-10-22,41.0,1.0
2018-10-23,35.0,1.0
2018-10-24,34.0,1.0
2018-10-25,32.0,1.0
2018-10-26,35.0,1.0
2018-10-27,36.0,1.0
2018-10-28,36.0,1.0
2018-10-29,34.0,1.0
2018-10-30,33.0,1.0
2018-10-31,33.0,1.0
2018-11-01,33.0,1.0
2018-11-02,35.0,1.0
2018-11-03,37.0,1.0
2018-11-04,38.0,1.0
2018-11-05,36.0,1.0
2018-11-06,35.0,1.0
2018-11-07,32.0,1.0
2018-11-08,34.0,1.0
2018-11-09,35.0,1.0
2018-11-10,38.0,1.0
2018-11-11,39.0,1.0
2018-11-12,38.0,1.0
2018-11-13,34.0,1.0
2018-11-14,36.0,1.0
2018-11-15,32.0,1.0
2018-11-16,36.0,1.0
2018-11-17,35.0,1.0
2018-11-18,39.0,
2018-11-19,33.0,
2018-11-20,32.0,
2018-11-21,32.0,
2018-11-22,34.0,
2018-11-23,33.0,
2018-11-24,36.0,
2018-11-25,35.0,
2018-11-26,34.0,
2018-11-27,32.0,
2018-11-28,30.0,
2018-11-29,30.0,
2018-11-30,32.0,
2018-12-01,32.0,
2018-12-02,36.0,
2018-12-03,32.0,
2018-12-04,32.0,
2018-12-05,31.0,
2018-12-06,32.0,
2018-12-07,35.0,
2018-12-08,35.0,
2018-12-09,33.0,
2018-12-10,33.0,
2018-12-11,32.0,
2018-12-12,34.0,
2018-12-13,32.0,
2018-12-14,35.0,
2018-12-15,32.0,
2018-12-16,32.0,
2018-12-17,32.0,
2018-12-18,33.0,
2018-12-19,31.0,
2018-12-20,30.0,
2018-12-21,31.0,
2018-12-22,35.0,
2018-12-23,34.0,
2018-12-24,33.0,
2018-12-25,32.0,
2018-12-26,34.0,
2018-12-27,35.0,
2018-12-28,36.0,
2018-12-29,37.0,
2018-12-30,36.0,
2018-12-31,34.0,
2019-01-01,33.0,
2019-01-02,39.0,
2019-01-03,38.0,
2019-01-04,53.0,
2019-01-05,41.0,
2019-01-06,42.0,
2019-01-07,38.0,
2019-01-08,34.0,
2019-01-09,36.0,
2019-01-10,36.0,
2019-01-11,40.0,
2019-01-12,41.0,
2019-01-13,38.0,
2019-01-14,35.0,
2019-01-15,34.0,
2019-01-16,33.0,
2019-01-17,34.0,
2019-01-18,35.0,
2019-01-19,36.0,
2019-01-20,35.0,
2019-01-21,30.0,
2019-01-22,33.0,
2019-01-23,33.0,
2019-01-24,32.0,
2019-01-25,34.0,1.0
2019-01-26,35.0,1.0
2019-01-27,34.0,1.0
2019-01-28,31.0,1.0
2019-01-29,32.0,1.0
2019-01-30,31.0,1.0
2019-01-31,30.0,1.0
2019-02-01,33.0,1.0
2019-02-02,33.0,1.0
2019-02-03,34.0,1.0
2019-02-04,34.0,1.0
2019-02-05,33.0,1.0
2019-02-06,33.0,1.0
2019-02-07,34.0,1.0
2019-02-08,36.0,1.0
2019-02-09,36.0,1.0
2019-02-10,36.0,1.0
2019-02-11,32.0,1.0
2019-02-12,32.0,1.0
2019-02-13,31.0,1.0
2019-02-14,30.0,1.0
2019-02-15,33.0,1.0
2019-02-16,33.0,1.0
2019-02-17,35.0,1.0
2019-02-18,30.0,1.0
2019-02-19,31.0,1.0
2019-02-20,30.0,1.0
2019-02-21,30.0,1.0
2019-02-22,34.0,1.0
2019-02-23,35.0,1.0
2019-02-24,33.0,1.0
2019-02-25,32.0,1.0
2019-02-26,29.0,1.0
2019-02-27,30.0,1.0
2019-02-28,30.0,1.0
2019-03-01,33.0,1.0
2019-03-02,32.0,1.0
2019-03-03,33.0,1.0
2019-03-04,30.0,1.0
2019-03-05,30.0,1.0
2019-03-06,32.0,1.0
2019-03-07,34.0,1.0
2019-03-08,33.0,1.0
2019-03-09,35.0,1.0
2019-03-10,34.0,1.0
2019-03-11,31.0,1.0
2019-03-12,29.0,1.0
2019-03-13,29.0,1.0
2019-03-14,30.0,1.0
2019-03-15,30.0,1.0
2019-03-16,32.0,1.0
2019-03-17,31.0,1.0
2019-03-18,29.0,1.0
2019-03-19,31.0,1.0
2019-03-20,30.0,1.0
2019-03-21,29.0,1.0
2019-03-22,31.0,1.0
2019-03-23,32.0,1.0
2019-03-24,33.0,1.0
2019-03-25,29.0,1.0
2019-03-26,31.0,1.0
2019-03-27,31.0,1.0
2019-03-28,32.0,1.0
2019-03-29,37.0,1.0
2019-03-30,34.0,1.0
2019-03-31,34.0,1.0
2019-04-01,32.0,1.0
2019-04-02,31.0,1.0
2019-04-03,31.0,1.0
2019-04-04,31.0,1.0
2019-04-05,34.0,1.0
2019-04-06,32.0,1.0
2019-04-07,34.0,1.0
2019-04-08,32.0,1.0
2019-04-09,30.0,1.0
2019-04-10,29.0,1.0
2019-04-11,31.0,1.0
2019-04-12,29.0,1.0
2019-04-13,32.0,1.0
2019-04-14,31.0,1.0
2019-04-15,32.0,1.0
2019-04-16,33.0,1.0
2019-04-17,30.0,1.0
2019-04-18,31.0,1.0
2019-04-19,33.0,1.0
2019-04-20,33.0,1.0
2019-04-21,34.0,1.0
2019-04-22,32.0,1.0
2019-04-23,31.0,1.0
2019-04-24,32.0,1.0
2019-04-25,32.0,1.0
2019-04-26,32.0,1.0
2019-04-27,36.0,1.0
2019-04-28,49.0,1.0
2019-04-29,44.0,1.0
2019-04-30,40.0,1.0
2019-05-01,38.0,1.0
2019-05-02,38.0,1.0
2019-05-03,36.0,1.0
2019-05-04,38.0,1.0
2019-05-05,46.0,1.0
2019-05-06,39.0,
2019-05-07,39.0,
2019-05-08,38.0,
2019-05-09,36.0,
2019-05-10,36.0,
2019-05-11,41.0,
2019-05-12,48.0,
2019-05-13,44.0,
2019-05-14,39.0,
2019-05-15,38.0,
2019-05-16,36.0,
2019-05-17,37.0,
2019-05-18,39.0,
2019-05-19,46.0,
2019-05-20,45.0,
2019-05-21,41.0,
2019-05-22,37.0,
2019-05-23,36.0,
2019-05-24,36.0,
2019-05-25,41.0,
2019-05-26,53.0,
2019-05-27,58.0,
2019-05-28,49.0,
2019-05-29,43.0,
2019-05-30,43.0,
2019-05-31,43.0,
2019-06-01,45.0,
2019-06-02,63.0,
2019-06-03,58.0,
2019-06-04,46.0,
2019-06-05,43.0,
2019-06-06,41.0,
2019-06-07,41.0,
2019-06-08,43.0,
2019-06-09,54.0,
2019-06-10,53.0,
2019-06-11,43.0,
2019-06-12,41.0,
2019-06-13,39.0,
2019-06-14,37.0,
2019-06-15,40.0,
2019-06-16,48.0,
2019-06-17,56.0,
2019-06-18,46.0,
2019-06-19,41.0,
2019-06-20,41.0,
2019-06-21,43.0,
2019-06-22,43.0,
2019-06-23,50.0,
2019-06-24,55.0,
2019-06-25,47.0,
2019-06-26,44.0,
2019-06-27,43.0,
2019-06-28,43.0,
2019-06-29,43.0,
2019-06-30,53.0,
2019-07-01,55.0,
2019-07-02,48.0,
2019-07-03,43.0,
2019-07-04,45.0,
2019-07-05,47.0,
2019-07-06,43.0,
2019-07-07,44.0,
2019-07-08,43.0,
2019-07-09,43.0,
2019-07-10,39.0,
2019-07-11,40.0,
2019-07-12,40.0,
2019-07-13,41.0,1.0
2019-07-14,40.0,1.0
2019-07-15,39.0,1.0
2019-07-16,37.0,1.0
2019-07-17,38.0,1.0
2019-07-18,37.0,1.0
2019-07-19,37.0,1.0
2019-07-20,39.0,1.0
2019-07-21,40.0,1.0
2019-07-22,36.0,1.0
2019-07-23,36.0,1.0
2019-07-24,34.0,1.0
2019-07-25,36.0,1.0
2019-07-26,34.0,1.0
2019-07-27,36.0,1.0
2019-07-28,37.0,1.0
2019-07-29,35.0,1.0
2019-07-30,33.0,1.0
2019-07-31,35.0,1.0
2019-08-01,33.0,1.0
2019-08-02,36.0,1.0
2019-08-03,39.0,1.0
2019-08-04,37.0,1.0
2019-08-05,36.0,1.0
2019-08-06,40.0,1.0
2019-08-07,37.0,1.0
2019-08-08,36.0,1.0
2019-08-09,36.0,1.0
2019-08-10,38.0,1.0
2019-08-11,37.0,1.0
2019-08-12,37.0,1.0
2019-08-13,36.0,1.0
2019-08-14,34.0,1.0
2019-08-15,36.0,1.0
2019-08-16,34.0,1.0
2019-08-17,35.0,1.0
2019-08-18,37.0,1.0
2019-08-19,34.0,1.0
2019-08-20,35.0,1.0
2019-08-21,33.0,1.0
2019-08-22,33.0,1.0
2019-08-23,33.0,1.0
2019-08-24,35.0,1.0
2019-08-25,35.0,1.0
2019-08-26,33.0,1.0
2019-08-27,32.0,1.0
2019-08-28,31.0,1.0
2019-08-29,31.0,1.0
2019-08-30,31.0,1.0
2019-08-31,32.0,1.0
2019-09-01,33.0,1.0
2019-09-02,31.0,1.0
2019-09-03,31.0,1.0
2019-09-04,40.0,1.0
2019-09-05,34.0,1.0
2019-09-06,33.0,1.0
2019-09-07,36.0,1.0
2019-09-08,37.0,1.0
2019-09-09,32.0,1.0
2019-09-10,32.0,1.0
2019-09-11,32.0,1.0
2019-09-12,33.0,1.0
2019-09-13,32.0,1.0
2019-09-14,34.0,1.0
2019-09-15,36.0,1.0
2019-09-16,32.0,1.0
2019-09-17,32.0,1.0
2019-09-18,31.0,1.0
2019-09-19,32.0,1.0
2019-09-20,33.0,1.0
2019-09-21,35.0,1.0
2019-09-22,32.0,1.0
2019-09-23,32.0,1.0
2019-09-24,31.0,1.0
2019-09-25,31.0,1.0
2019-09-26,32.0,1.0
2019-09-27,32.0,1.0
2019-09-28,35.0,1.0
2019-09-29,34.0,1.0
2019-09-30,32.0,1.0
2019-10-01,31.0,1.0
2019-10-02,31.0,1.0
2019-10-03,33.0,1.0
2019-10-04,36.0,1.0
2019-10-05,38.0,1.0
2019-10-06,36.0,1.0
2019-10-07,34.0,1.0
2019-10-08,30.0,1.0
2019-10-09,33.0,1.0
2019-10-10,31.0,1.0
2019-10-11,32.0,1.0
2019-10-12,33.0,1.0
2019-10-13,33.0,1.0
2019-10-14,32.0,1.0
2019-10-15,32.0,1.0
2019-10-16,33.0,1.0
2019-10-17,30.0,1.0
2019-10-18,34.0,1.0
2019-10-19,33.0,1.0
2019-10-20,34.0,1.0
2019-10-21,30.0,1.0
2019-10-22,30.0,
2019-10-23,32.0,
2019-10-24,30.0,
2019-10-25,32.0,
2019-10-26,32.0,
2019-10-27,31.0,
2019-10-28,31.0,
2019-10-29,33.0,
2019-10-30,29.0,
2019-10-31,31.0,
2019-11-01,33.0,
2019-11-02,32.0,
2019-11-03,34.0,
2019-11-04,33.0,
2019-11-05,35.0,
2019-11-06,39.0,
2019-11-07,36.0,
2019-11-08,35.0,
2019-11-09,33.0,
2019-11-10,32.0,
2019-11-11,32.0,
2019-11-12,31.0,
2019-11-13,30.0,
2019-11-14,29.0,
2019-11-15,31.0,
2019-11-16,32.0,
2019-11-17,34.0,
2019-11-18,31.0,
2019-11-19,33.0,
2019-11-20,32.0,
2019-11-21,32.0,
2019-11-22,33.0,
2019-11-23,33.0,
2019-11-24,33.0,
2019-11-25,33.0,
2019-11-26,32.0,
2019-11-27,32.0,
2019-11-28,32.0,
2019-11-29,34.0,
2019-11-30,34.0,
2019-12-01,31.0,
2019-12-02,33.0,
2019-12-03,33.0,
2019-12-04,33.0,
2019-12-05,36.0,
2019-12-06,34.0,
2019-12-07,33.0,
2019-12-08,33.0,
2019-12-09,31.0,
2019-12-10,31.0,
2019-12-11,30.0,
2019-12-12,28.0,
2019-12-13,31.0,
2019-12-14,31.0,
2019-12-15,34.0,
2019-12-16,30.0,
2019-12-17,31.0,
2019-12-18,30.0,
2019-12-19,31.0,
2019-12-20,30.0,
2019-12-21,32.0,
2019-12-22,32.0,
2019-12-23,31.0,
2019-12-24,31.0,
2019-12-25,31.0,
2019-12-26,33.0,
2019-12-27,33.0,
2019-12-28,32.0,
2019-12-29,34.0,
2019-12-30,32.0,
2019-12-31,30.0,
2020-01-01,31.0,
2020-01-02,34.0,
2020-01-03,34.0,
2020-01-04,34.0,
2020-01-05,39.0,
2020-01-06,36.0,
2020-01-07,34.0,
2020-01-08,33.0,
2020-01-09,32.0,
2020-01-10,32.0,
2020-01-11,34.0,
2020-01-12,42.0,
2020-01-13,34.0,
2020-01-14,35.0,
2020-01-15,32.0,
2020-01-16,32.0,
2020-01-17,33.0,
2020-01-18,33.0,
2020-01-19,39.0,
2020-01-20,33.0,
2020-01-21,31.0,
2020-01-22,30.0,
2020-01-23,31.0,
2020-01-24,31.0,
2020-01-25,32.0,
2020-01-26,30.0,
2020-01-27,30.0,
2020-01-28,31.0,
2020-01-29,31.0,
2020-01-30,30.0,
2020-01-31,30.0,
2020-02-01,33.0,
2020-02-02,33.0,
2020-02-03,31.0,
2020-02-04,33.0,
2020-02-05,35.0,
2020-02-06,35.0,
2020-02-07,33.0,
2020-02-08,33.0,
2020-02-09,32.0,
2020-02-10,31.0,
2020-02-11,31.0,
2020-02-12,32.0,
2020-02-13,31.0,
2020-02-14,33.0,
2020-02-15,33.0,
2020-02-16,33.0,
2020-02-17,31.0,
2020-02-18,31.0,
2020-02-19,33.0,
2020-02-20,31.0,
2020-02-21,32.0,
2020-02-22,31.0,
2020-02-23,33.0,
2020-02-24,31.0,
2020-02-25,30.0,
2020-02-26,29.0,
2020-02-27,31.0,
2020-02-28,31.0,
2020-02-29,33.0,
2020-03-01,33.0,
2020-03-02,30.0,
2020-03-03,31.0,
2020-03-04,31.0,
2020-03-05,33.0,
2020-03-06,31.0,
2020-03-07,31.0,
2020-03-08,32.0,
2020-03-09,31.0,
2020-03-10,29.0,
2020-03-11,29.0,
2020-03-12,29.0,
2020-03-13,28.0,
2020-03-14,31.0,
2020-03-15,31.0,
2020-03-16,29.0,
2020-03-17,28.0,
2020-03-18,29.0,
2020-03-19,29.0,
2020-03-20,28.0,
2020-03-21,29.0,
2020-03-22,31.0,
2020-03-23,30.0,
2020-03-24,29.0,
2020-03-25,28.0,
2020-03-26,28.0,
2020-03-27,30.0,
2020-03-28,29.0,
2020-03-29,31.0,
2020-03-30,31.0,
2020-03-31,31.0,
2020-04-01,29.0,
2020-04-02,30.0,
2020-04-03,35.0,
2020-04-04,34.0,
2020-04-05,35.0,
2020-04-06,33.0,
2020-04-07,33.0,
