date,WIPRO,overlap
2010-01-04,16.0,1.0
2010-01-05,19.0,1.0
2010-01-06,15.0,1.0
2010-01-07,16.0,1.0
2010-01-08,19.0,1.0
2010-01-09,10.0,1.0
2010-01-10,10.0,1.0
2010-01-11,15.0,1.0
2010-01-12,18.0,1.0
2010-01-13,14.0,1.0
2010-01-14,16.0,1.0
2010-01-15,16.0,1.0
2010-01-16,12.0,1.0
2010-01-17,13.0,1.0
2010-01-18,20.0,1.0
2010-01-19,20.0,1.0
2010-01-20,23.0,1.0
2010-01-21,22.0,1.0
2010-01-22,21.0,1.0
2010-01-23,14.0,1.0
2010-01-24,10.0,1.0
2010-01-25,17.0,1.0
2010-01-26,11.0,1.0
2010-01-27,19.0,1.0
2010-01-28,17.0,1.0
2010-01-29,19.0,1.0
2010-01-30,15.0,1.0
2010-01-31,13.0,1.0
2010-02-01,20.0,1.0
2010-02-02,18.0,
2010-02-03,21.0,
2010-02-04,21.0,
2010-02-05,16.0,
2010-02-06,15.0,
2010-02-07,11.0,
2010-02-08,18.0,
2010-02-09,20.0,
2010-02-10,17.0,
2010-02-11,16.0,
2010-02-12,15.0,
2010-02-13,15.0,
2010-02-14,10.0,
2010-02-15,18.0,
2010-02-16,18.0,
2010-02-17,26.0,
2010-02-18,21.0,
2010-02-19,23.0,
2010-02-20,16.0,
2010-02-21,16.0,
2010-02-22,23.0,
2010-02-23,23.0,
2010-02-24,15.0,
2010-02-25,21.0,
2010-02-26,16.0,
2010-02-27,11.0,
2010-02-28,10.0,
2010-03-01,18.0,
2010-03-02,17.0,
2010-03-03,23.0,
2010-03-04,19.0,
2010-03-05,23.0,
2010-03-06,15.0,
2010-03-07,10.0,
2010-03-08,18.0,
2010-03-09,19.0,
2010-03-10,21.0,
2010-03-11,20.0,
2010-03-12,22.0,
2010-03-13,15.0,
2010-03-14,15.0,
2010-03-15,17.0,
2010-03-16,14.0,
2010-03-17,19.0,
2010-03-18,23.0,
2010-03-19,21.0,
2010-03-20,15.0,
2010-03-21,16.0,
2010-03-22,20.0,
2010-03-23,14.0,
2010-03-24,15.0,
2010-03-25,18.0,
2010-03-26,20.0,
2010-03-27,17.0,
2010-03-28,8.0,
2010-03-29,20.0,
2010-03-30,21.0,
2010-03-31,20.0,
2010-04-01,15.0,
2010-04-02,14.0,
2010-04-03,16.0,
2010-04-04,8.0,
2010-04-05,22.0,
2010-04-06,19.0,
2010-04-07,21.0,
2010-04-08,16.0,
2010-04-09,15.0,
2010-04-10,15.0,
2010-04-11,12.0,1.0
2010-04-12,20.0,1.0
2010-04-13,16.0,1.0
2010-04-14,17.0,1.0
2010-04-15,18.0,1.0
2010-04-16,14.0,1.0
2010-04-17,12.0,1.0
2010-04-18,11.0,1.0
2010-04-19,18.0,1.0
2010-04-20,18.0,1.0
2010-04-21,21.0,1.0
2010-04-22,24.0,1.0
2010-04-23,29.0,1.0
2010-04-24,18.0,1.0
2010-04-25,12.0,1.0
2010-04-26,18.0,1.0
2010-04-27,18.0,1.0
2010-04-28,17.0,1.0
2010-04-29,16.0,1.0
2010-04-30,20.0,1.0
2010-05-01,13.0,1.0
2010-05-02,9.0,1.0
2010-05-03,20.0,1.0
2010-05-04,16.0,1.0
2010-05-05,21.0,1.0
2010-05-06,16.0,1.0
2010-05-07,19.0,1.0
2010-05-08,14.0,1.0
2010-05-09,9.0,1.0
2010-05-10,15.0,1.0
2010-05-11,15.0,1.0
2010-05-12,17.0,1.0
2010-05-13,21.0,1.0
2010-05-14,17.0,1.0
2010-05-15,15.0,1.0
2010-05-16,9.0,1.0
2010-05-17,16.0,1.0
2010-05-18,20.0,1.0
2010-05-19,18.0,1.0
2010-05-20,18.0,1.0
2010-05-21,16.0,1.0
2010-05-22,17.0,1.0
2010-05-23,12.0,1.0
2010-05-24,16.0,1.0
2010-05-25,16.0,1.0
2010-05-26,18.0,1.0
2010-05-27,18.0,1.0
2010-05-28,16.0,1.0
2010-05-29,14.0,1.0
2010-05-30,9.0,1.0
2010-05-31,18.0,1.0
2010-06-01,17.0,1.0
2010-06-02,18.0,1.0
2010-06-03,20.0,1.0
2010-06-04,13.0,1.0
2010-06-05,18.0,1.0
2010-06-06,11.0,1.0
2010-06-07,20.0,1.0
2010-06-08,19.0,1.0
2010-06-09,18.0,1.0
2010-06-10,19.0,1.0
2010-06-11,17.0,1.0
2010-06-12,12.0,1.0
2010-06-13,10.0,1.0
2010-06-14,20.0,1.0
2010-06-15,32.0,1.0
2010-06-16,24.0,1.0
2010-06-17,26.0,1.0
2010-06-18,21.0,1.0
2010-06-19,14.0,1.0
2010-06-20,14.0,1.0
2010-06-21,21.0,1.0
2010-06-22,17.0,1.0
2010-06-23,21.0,1.0
2010-06-24,22.0,1.0
2010-06-25,19.0,1.0
2010-06-26,16.0,1.0
2010-06-27,17.0,1.0
2010-06-28,18.0,1.0
2010-06-29,25.0,1.0
2010-06-30,20.0,1.0
2010-07-01,20.0,1.0
2010-07-02,20.0,1.0
2010-07-03,15.0,1.0
2010-07-04,11.0,1.0
2010-07-05,17.0,1.0
2010-07-06,16.0,1.0
2010-07-07,22.0,1.0
2010-07-08,21.0,1.0
2010-07-09,20.0,1.0
2010-07-10,18.0,1.0
2010-07-11,11.0,1.0
2010-07-12,20.0,1.0
2010-07-13,21.0,1.0
2010-07-14,19.0,1.0
2010-07-15,21.0,1.0
2010-07-16,23.0,1.0
2010-07-17,14.0,1.0
2010-07-18,13.0,1.0
2010-07-19,23.0,1.0
2010-07-20,20.0,1.0
2010-07-21,21.0,
2010-07-22,25.0,
2010-07-23,28.0,
2010-07-24,18.0,
2010-07-25,15.0,
2010-07-26,24.0,
2010-07-27,19.0,
2010-07-28,22.0,
2010-07-29,18.0,
2010-07-30,18.0,
2010-07-31,17.0,
2010-08-01,13.0,
2010-08-02,24.0,
2010-08-03,20.0,
2010-08-04,20.0,
2010-08-05,19.0,
2010-08-06,23.0,
2010-08-07,14.0,
2010-08-08,16.0,
2010-08-09,21.0,
2010-08-10,16.0,
2010-08-11,20.0,
2010-08-12,21.0,
2010-08-13,22.0,
2010-08-14,15.0,
2010-08-15,12.0,
2010-08-16,22.0,
2010-08-17,20.0,
2010-08-18,24.0,
2010-08-19,19.0,
2010-08-20,24.0,
2010-08-21,20.0,
2010-08-22,14.0,
2010-08-23,18.0,
2010-08-24,17.0,
2010-08-25,20.0,
2010-08-26,22.0,
2010-08-27,21.0,
2010-08-28,15.0,
2010-08-29,15.0,
2010-08-30,20.0,
2010-08-31,22.0,
2010-09-01,19.0,
2010-09-02,20.0,
2010-09-03,24.0,
2010-09-04,16.0,
2010-09-05,11.0,
2010-09-06,18.0,
2010-09-07,19.0,
2010-09-08,18.0,
2010-09-09,19.0,
2010-09-10,12.0,
2010-09-11,10.0,
2010-09-12,8.0,
2010-09-13,18.0,
2010-09-14,19.0,
2010-09-15,22.0,
2010-09-16,16.0,
2010-09-17,19.0,
2010-09-18,21.0,
2010-09-19,11.0,
2010-09-20,20.0,
2010-09-21,22.0,
2010-09-22,34.0,
2010-09-23,35.0,
2010-09-24,33.0,
2010-09-25,23.0,
2010-09-26,21.0,
2010-09-27,30.0,1.0
2010-09-28,20.0,1.0
2010-09-29,21.0,1.0
2010-09-30,21.0,1.0
2010-10-01,21.0,1.0
2010-10-02,13.0,1.0
2010-10-03,16.0,1.0
2010-10-04,24.0,1.0
2010-10-05,25.0,1.0
2010-10-06,27.0,1.0
2010-10-07,26.0,1.0
2010-10-08,29.0,1.0
2010-10-09,17.0,1.0
2010-10-10,11.0,1.0
2010-10-11,24.0,1.0
2010-10-12,24.0,1.0
2010-10-13,23.0,1.0
2010-10-14,20.0,1.0
2010-10-15,21.0,1.0
2010-10-16,14.0,1.0
2010-10-17,11.0,1.0
2010-10-18,23.0,1.0
2010-10-19,22.0,1.0
2010-10-20,22.0,1.0
2010-10-21,25.0,1.0
2010-10-22,27.0,1.0
2010-10-23,18.0,1.0
2010-10-24,15.0,1.0
2010-10-25,26.0,1.0
2010-10-26,23.0,1.0
2010-10-27,19.0,1.0
2010-10-28,21.0,1.0
2010-10-29,15.0,1.0
2010-10-30,13.0,1.0
2010-10-31,13.0,1.0
2010-11-01,16.0,1.0
2010-11-02,16.0,1.0
2010-11-03,11.0,1.0
2010-11-04,13.0,1.0
2010-11-05,8.0,1.0
2010-11-06,11.0,1.0
2010-11-07,6.0,1.0
2010-11-08,18.0,1.0
2010-11-09,20.0,1.0
2010-11-10,17.0,1.0
2010-11-11,18.0,1.0
2010-11-12,21.0,1.0
2010-11-13,14.0,1.0
2010-11-14,13.0,1.0
2010-11-15,16.0,1.0
2010-11-16,20.0,1.0
2010-11-17,18.0,1.0
2010-11-18,21.0,1.0
2010-11-19,18.0,1.0
2010-11-20,16.0,1.0
2010-11-21,11.0,1.0
2010-11-22,21.0,1.0
2010-11-23,18.0,1.0
2010-11-24,18.0,1.0
2010-11-25,20.0,1.0
2010-11-26,21.0,1.0
2010-11-27,15.0,1.0
2010-11-28,12.0,1.0
2010-11-29,23.0,1.0
2010-11-30,17.0,1.0
2010-12-01,22.0,1.0
2010-12-02,23.0,1.0
2010-12-03,19.0,1.0
2010-12-04,18.0,1.0
2010-12-05,15.0,1.0
2010-12-06,22.0,1.0
2010-12-07,21.0,1.0
2010-12-08,25.0,1.0
2010-12-09,22.0,1.0
2010-12-10,22.0,1.0
2010-12-11,17.0,1.0
2010-12-12,14.0,1.0
2010-12-13,19.0,1.0
2010-12-14,21.0,1.0
2010-12-15,20.0,1.0
2010-12-16,20.0,1.0
2010-12-17,19.0,1.0
2010-12-18,16.0,1.0
2010-12-19,14.0,1.0
2010-12-20,19.0,1.0
2010-12-21,18.0,1.0
2010-12-22,20.0,1.0
2010-12-23,20.0,1.0
2010-12-24,17.0,1.0
2010-12-25,14.0,1.0
2010-12-26,14.0,1.0
2010-12-27,15.0,1.0
2010-12-28,19.0,1.0
2010-12-29,24.0,1.0
2010-12-30,17.0,1.0
2010-12-31,20.0,1.0
2011-01-01,14.0,1.0
2011-01-02,11.0,1.0
2011-01-03,21.0,1.0
2011-01-04,22.0,1.0
2011-01-05,29.0,1.0
2011-01-06,29.0,
2011-01-07,26.0,
2011-01-08,23.0,
2011-01-09,19.0,
2011-01-10,24.0,
2011-01-11,22.0,
2011-01-12,21.0,
2011-01-13,26.0,
2011-01-14,17.0,
2011-01-15,19.0,
2011-01-16,11.0,
2011-01-17,22.0,
2011-01-18,28.0,
2011-01-19,29.0,
2011-01-20,29.0,
2011-01-21,52.0,
2011-01-22,31.0,
2011-01-23,22.0,
2011-01-24,28.0,
2011-01-25,31.0,
2011-01-26,24.0,
2011-01-27,32.0,
2011-01-28,22.0,
2011-01-29,25.0,
2011-01-30,23.0,
2011-01-31,23.0,
2011-02-01,24.0,
2011-02-02,23.0,
2011-02-03,29.0,
2011-02-04,25.0,
2011-02-05,21.0,
2011-02-06,15.0,
2011-02-07,33.0,
2011-02-08,25.0,
2011-02-09,28.0,
2011-02-10,31.0,
2011-02-11,23.0,
2011-02-12,20.0,
2011-02-13,14.0,
2011-02-14,22.0,
2011-02-15,28.0,
2011-02-16,29.0,
2011-02-17,23.0,
2011-02-18,22.0,
2011-02-19,19.0,
2011-02-20,16.0,
2011-02-21,22.0,
2011-02-22,25.0,
2011-02-23,21.0,
2011-02-24,24.0,
2011-02-25,25.0,
2011-02-26,24.0,
2011-02-27,16.0,
2011-02-28,22.0,
2011-03-01,22.0,
2011-03-02,27.0,
2011-03-03,20.0,
2011-03-04,24.0,
2011-03-05,20.0,
2011-03-06,13.0,
2011-03-07,20.0,
2011-03-08,23.0,
2011-03-09,24.0,
2011-03-10,19.0,
2011-03-11,20.0,
2011-03-12,15.0,
2011-03-13,13.0,
2011-03-14,23.0,
2011-03-15,21.0,1.0
2011-03-16,21.0,1.0
2011-03-17,22.0,1.0
2011-03-18,19.0,1.0
2011-03-19,14.0,1.0
2011-03-20,11.0,1.0
2011-03-21,22.0,1.0
2011-03-22,24.0,1.0
2011-03-23,20.0,1.0
2011-03-24,18.0,1.0
2011-03-25,27.0,1.0
2011-03-26,21.0,1.0
2011-03-27,18.0,1.0
2011-03-28,26.0,1.0
2011-03-29,21.0,1.0
2011-03-30,14.0,1.0
2011-03-31,24.0,1.0
2011-04-01,23.0,1.0
2011-04-02,13.0,1.0
2011-04-03,11.0,1.0
2011-04-04,19.0,1.0
2011-04-05,21.0,1.0
2011-04-06,21.0,1.0
2011-04-07,19.0,1.0
2011-04-08,17.0,1.0
2011-04-09,16.0,1.0
2011-04-10,12.0,1.0
2011-04-11,18.0,1.0
2011-04-12,23.0,1.0
2011-04-13,19.0,1.0
2011-04-14,19.0,1.0
2011-04-15,20.0,1.0
2011-04-16,17.0,1.0
2011-04-17,14.0,1.0
2011-04-18,22.0,1.0
2011-04-19,22.0,1.0
2011-04-20,21.0,1.0
2011-04-21,18.0,1.0
2011-04-22,16.0,1.0
2011-04-23,16.0,1.0
2011-04-24,13.0,1.0
2011-04-25,22.0,1.0
2011-04-26,21.0,1.0
2011-04-27,33.0,1.0
2011-04-28,19.0,1.0
2011-04-29,20.0,1.0
2011-04-30,17.0,1.0
2011-05-01,18.0,1.0
2011-05-02,24.0,1.0
2011-05-03,20.0,1.0
2011-05-04,22.0,1.0
2011-05-05,19.0,1.0
2011-05-06,19.0,1.0
2011-05-07,13.0,1.0
2011-05-08,10.0,1.0
2011-05-09,18.0,1.0
2011-05-10,21.0,1.0
2011-05-11,17.0,1.0
2011-05-12,19.0,1.0
2011-05-13,19.0,1.0
2011-05-14,13.0,1.0
2011-05-15,12.0,1.0
2011-05-16,18.0,1.0
2011-05-17,19.0,1.0
2011-05-18,22.0,1.0
2011-05-19,19.0,1.0
2011-05-20,19.0,1.0
2011-05-21,15.0,1.0
2011-05-22,12.0,1.0
2011-05-23,18.0,1.0
2011-05-24,20.0,1.0
2011-05-25,19.0,1.0
2011-05-26,20.0,1.0
2011-05-27,17.0,1.0
2011-05-28,16.0,1.0
2011-05-29,14.0,1.0
2011-05-30,20.0,1.0
2011-05-31,18.0,1.0
2011-06-01,20.0,1.0
2011-06-02,23.0,1.0
2011-06-03,20.0,1.0
2011-06-04,14.0,1.0
2011-06-05,14.0,1.0
2011-06-06,21.0,1.0
2011-06-07,23.0,1.0
2011-06-08,22.0,1.0
2011-06-09,24.0,1.0
2011-06-10,22.0,1.0
2011-06-11,15.0,1.0
2011-06-12,12.0,1.0
2011-06-13,28.0,1.0
2011-06-14,18.0,1.0
2011-06-15,23.0,1.0
2011-06-16,22.0,1.0
2011-06-17,23.0,1.0
2011-06-18,16.0,1.0
2011-06-19,15.0,1.0
2011-06-20,22.0,1.0
2011-06-21,24.0,1.0
2011-06-22,21.0,1.0
2011-06-23,21.0,1.0
2011-06-24,21.0,
2011-06-25,14.0,
2011-06-26,16.0,
2011-06-27,27.0,
2011-06-28,25.0,
2011-06-29,20.0,
2011-06-30,18.0,
2011-07-01,28.0,
2011-07-02,19.0,
2011-07-03,17.0,
2011-07-04,23.0,
2011-07-05,24.0,
2011-07-06,24.0,
2011-07-07,26.0,
2011-07-08,17.0,
2011-07-09,15.0,
2011-07-10,14.0,
2011-07-11,20.0,
2011-07-12,26.0,
2011-07-13,23.0,
2011-07-14,25.0,
2011-07-15,18.0,
2011-07-16,23.0,
2011-07-17,17.0,
2011-07-18,24.0,
2011-07-19,22.0,
2011-07-20,29.0,
2011-07-21,27.0,
2011-07-22,23.0,
2011-07-23,19.0,
2011-07-24,14.0,
2011-07-25,22.0,
2011-07-26,23.0,
2011-07-27,24.0,
2011-07-28,27.0,
2011-07-29,21.0,
2011-07-30,18.0,
2011-07-31,18.0,
2011-08-01,23.0,
2011-08-02,26.0,
2011-08-03,24.0,
2011-08-04,33.0,
2011-08-05,22.0,
2011-08-06,15.0,
2011-08-07,17.0,
2011-08-08,30.0,
2011-08-09,25.0,
2011-08-10,19.0,
2011-08-11,24.0,
2011-08-12,21.0,
2011-08-13,18.0,
2011-08-14,19.0,
2011-08-15,17.0,
2011-08-16,22.0,
2011-08-17,22.0,
2011-08-18,26.0,
2011-08-19,21.0,
2011-08-20,21.0,
2011-08-21,17.0,
2011-08-22,20.0,
2011-08-23,22.0,
2011-08-24,21.0,
2011-08-25,24.0,
2011-08-26,27.0,
2011-08-27,21.0,
2011-08-28,20.0,
2011-08-29,25.0,
2011-08-30,21.0,
2011-08-31,17.0,1.0
2011-09-01,16.0,1.0
2011-09-02,20.0,1.0
2011-09-03,18.0,1.0
2011-09-04,12.0,1.0
2011-09-05,24.0,1.0
2011-09-06,26.0,1.0
2011-09-07,28.0,1.0
2011-09-08,27.0,1.0
2011-09-09,20.0,1.0
2011-09-10,18.0,1.0
2011-09-11,18.0,1.0
2011-09-12,22.0,1.0
2011-09-13,27.0,1.0
2011-09-14,28.0,1.0
2011-09-15,30.0,1.0
2011-09-16,27.0,1.0
2011-09-17,26.0,1.0
2011-09-18,19.0,1.0
2011-09-19,30.0,1.0
2011-09-20,33.0,1.0
2011-09-21,27.0,1.0
2011-09-22,30.0,1.0
2011-09-23,27.0,1.0
2011-09-24,22.0,1.0
2011-09-25,16.0,1.0
2011-09-26,26.0,1.0
2011-09-27,22.0,1.0
2011-09-28,25.0,1.0
2011-09-29,24.0,1.0
2011-09-30,25.0,1.0
2011-10-01,17.0,1.0
2011-10-02,18.0,1.0
2011-10-03,23.0,1.0
2011-10-04,20.0,1.0
2011-10-05,19.0,1.0
2011-10-06,14.0,1.0
2011-10-07,19.0,1.0
2011-10-08,16.0,1.0
2011-10-09,13.0,1.0
2011-10-10,19.0,1.0
2011-10-11,20.0,1.0
2011-10-12,23.0,1.0
2011-10-13,21.0,1.0
2011-10-14,19.0,1.0
2011-10-15,18.0,1.0
2011-10-16,15.0,1.0
2011-10-17,24.0,1.0
2011-10-18,20.0,1.0
2011-10-19,21.0,1.0
2011-10-20,18.0,1.0
2011-10-21,16.0,1.0
2011-10-22,16.0,1.0
2011-10-23,14.0,1.0
2011-10-24,17.0,1.0
2011-10-25,15.0,1.0
2011-10-26,11.0,1.0
2011-10-27,14.0,1.0
2011-10-28,16.0,1.0
2011-10-29,15.0,1.0
2011-10-30,14.0,1.0
2011-10-31,21.0,1.0
2011-11-01,19.0,1.0
2011-11-02,21.0,1.0
2011-11-03,19.0,1.0
2011-11-04,21.0,1.0
2011-11-05,19.0,1.0
2011-11-06,12.0,1.0
2011-11-07,18.0,1.0
2011-11-08,17.0,1.0
2011-11-09,19.0,1.0
2011-11-10,18.0,1.0
2011-11-11,18.0,1.0
2011-11-12,15.0,1.0
2011-11-13,13.0,1.0
2011-11-14,20.0,1.0
2011-11-15,18.0,1.0
2011-11-16,22.0,1.0
2011-11-17,20.0,1.0
2011-11-18,19.0,1.0
2011-11-19,15.0,1.0
2011-11-20,13.0,1.0
2011-11-21,19.0,1.0
2011-11-22,19.0,1.0
2011-11-23,18.0,1.0
2011-11-24,19.0,1.0
2011-11-25,19.0,1.0
2011-11-26,15.0,1.0
2011-11-27,14.0,1.0
2011-11-28,19.0,1.0
2011-11-29,19.0,1.0
2011-11-30,21.0,1.0
2011-12-01,22.0,1.0
2011-12-02,19.0,1.0
2011-12-03,18.0,1.0
2011-12-04,14.0,1.0
2011-12-05,21.0,1.0
2011-12-06,21.0,1.0
2011-12-07,26.0,1.0
2011-12-08,25.0,1.0
2011-12-09,26.0,1.0
2011-12-10,19.0,
2011-12-11,11.0,
2011-12-12,18.0,
2011-12-13,20.0,
2011-12-14,19.0,
2011-12-15,18.0,
2011-12-16,22.0,
2011-12-17,13.0,
2011-12-18,13.0,
2011-12-19,17.0,
2011-12-20,31.0,
2011-12-21,23.0,
2011-12-22,17.0,
2011-12-23,19.0,
2011-12-24,14.0,
2011-12-25,16.0,
2011-12-26,21.0,
2011-12-27,20.0,
2011-12-28,16.0,
2011-12-29,17.0,
2011-12-30,13.0,
2011-12-31,10.0,
2012-01-01,10.0,
2012-01-02,20.0,
2012-01-03,22.0,
2012-01-04,22.0,
2012-01-05,20.0,
2012-01-06,22.0,
2012-01-07,16.0,
2012-01-08,13.0,
2012-01-09,13.0,
2012-01-10,18.0,
2012-01-11,19.0,
2012-01-12,19.0,
2012-01-13,17.0,
2012-01-14,15.0,
2012-01-15,14.0,
2012-01-16,21.0,
2012-01-17,26.0,
2012-01-18,22.0,
2012-01-19,27.0,
2012-01-20,32.0,
2012-01-21,18.0,
2012-01-22,17.0,
2012-01-23,24.0,
2012-01-24,25.0,
2012-01-25,23.0,
2012-01-26,16.0,
2012-01-27,25.0,
2012-01-28,12.0,
2012-01-29,11.0,
2012-01-30,18.0,
2012-01-31,21.0,
2012-02-01,19.0,
2012-02-02,22.0,
2012-02-03,18.0,
2012-02-04,14.0,
2012-02-05,13.0,
2012-02-06,18.0,
2012-02-07,21.0,
2012-02-08,20.0,
2012-02-09,24.0,
2012-02-10,20.0,
2012-02-11,16.0,
2012-02-12,12.0,
2012-02-13,16.0,
2012-02-14,19.0,
2012-02-15,18.0,
2012-02-16,17.0,1.0
2012-02-17,20.0,1.0
2012-02-18,12.0,1.0
2012-02-19,12.0,1.0
2012-02-20,17.0,1.0
2012-02-21,18.0,1.0
2012-02-22,20.0,1.0
2012-02-23,24.0,1.0
2012-02-24,23.0,1.0
2012-02-25,21.0,1.0
2012-02-26,16.0,1.0
2012-02-27,22.0,1.0
2012-02-28,23.0,1.0
2012-02-29,21.0,1.0
2012-03-01,24.0,1.0
2012-03-02,25.0,1.0
2012-03-03,19.0,1.0
2012-03-04,11.0,1.0
2012-03-05,20.0,1.0
2012-03-06,16.0,1.0
2012-03-07,14.0,1.0
2012-03-08,14.0,1.0
2012-03-09,15.0,1.0
2012-03-10,11.0,1.0
2012-03-11,10.0,1.0
2012-03-12,18.0,1.0
2012-03-13,16.0,1.0
2012-03-14,19.0,1.0
2012-03-15,16.0,1.0
2012-03-16,15.0,1.0
2012-03-17,12.0,1.0
2012-03-18,10.0,1.0
2012-03-19,19.0,1.0
2012-03-20,16.0,1.0
2012-03-21,17.0,1.0
2012-03-22,14.0,1.0
2012-03-23,15.0,1.0
2012-03-24,13.0,1.0
2012-03-25,11.0,1.0
2012-03-26,18.0,1.0
2012-03-27,17.0,1.0
2012-03-28,18.0,1.0
2012-03-29,15.0,1.0
2012-03-30,16.0,1.0
2012-03-31,13.0,1.0
2012-04-01,9.0,1.0
2012-04-02,19.0,1.0
2012-04-03,17.0,1.0
2012-04-04,18.0,1.0
2012-04-05,17.0,1.0
2012-04-06,13.0,1.0
2012-04-07,12.0,1.0
2012-04-08,10.0,1.0
2012-04-09,15.0,1.0
2012-04-10,14.0,1.0
2012-04-11,14.0,1.0
2012-04-12,14.0,1.0
2012-04-13,14.0,1.0
2012-04-14,10.0,1.0
2012-04-15,11.0,1.0
2012-04-16,17.0,1.0
2012-04-17,17.0,1.0
2012-04-18,17.0,1.0
2012-04-19,18.0,1.0
2012-04-20,17.0,1.0
2012-04-21,8.0,1.0
2012-04-22,11.0,1.0
2012-04-23,16.0,1.0
2012-04-24,15.0,1.0
2012-04-25,22.0,1.0
2012-04-26,19.0,1.0
2012-04-27,18.0,1.0
2012-04-28,12.0,1.0
2012-04-29,11.0,1.0
2012-04-30,17.0,1.0
2012-05-01,17.0,1.0
2012-05-02,18.0,1.0
2012-05-03,17.0,1.0
2012-05-04,17.0,1.0
2012-05-05,11.0,1.0
2012-05-06,9.0,1.0
2012-05-07,16.0,1.0
2012-05-08,17.0,1.0
2012-05-09,18.0,1.0
2012-05-10,16.0,1.0
2012-05-11,15.0,1.0
2012-05-12,14.0,1.0
2012-05-13,11.0,1.0
2012-05-14,16.0,1.0
2012-05-15,13.0,1.0
2012-05-16,17.0,1.0
2012-05-17,15.0,1.0
2012-05-18,15.0,1.0
2012-05-19,12.0,1.0
2012-05-20,9.0,1.0
2012-05-21,15.0,1.0
2012-05-22,16.0,1.0
2012-05-23,15.0,1.0
2012-05-24,18.0,1.0
2012-05-25,14.0,1.0
2012-05-26,14.0,1.0
2012-05-27,8.0,
2012-05-28,17.0,
2012-05-29,18.0,
2012-05-30,18.0,
2012-05-31,13.0,
2012-06-01,12.0,
2012-06-02,11.0,
2012-06-03,10.0,
2012-06-04,18.0,
2012-06-05,17.0,
2012-06-06,14.0,
2012-06-07,14.0,
2012-06-08,18.0,
2012-06-09,12.0,
2012-06-10,12.0,
2012-06-11,16.0,
2012-06-12,18.0,
2012-06-13,19.0,
2012-06-14,17.0,
2012-06-15,17.0,
2012-06-16,14.0,
2012-06-17,12.0,
2012-06-18,19.0,
2012-06-19,16.0,
2012-06-20,17.0,
2012-06-21,20.0,
2012-06-22,20.0,
2012-06-23,12.0,
2012-06-24,7.0,
2012-06-25,14.0,
2012-06-26,16.0,
2012-06-27,19.0,
2012-06-28,18.0,
2012-06-29,15.0,
2012-06-30,16.0,
2012-07-01,12.0,
2012-07-02,22.0,
2012-07-03,21.0,
2012-07-04,19.0,
2012-07-05,23.0,
2012-07-06,19.0,
2012-07-07,13.0,
2012-07-08,12.0,
2012-07-09,21.0,
2012-07-10,17.0,
2012-07-11,19.0,
2012-07-12,19.0,
2012-07-13,20.0,
2012-07-14,13.0,
2012-07-15,12.0,
2012-07-16,17.0,
2012-07-17,19.0,
2012-07-18,16.0,
2012-07-19,21.0,
2012-07-20,16.0,
2012-07-21,16.0,
2012-07-22,11.0,
2012-07-23,18.0,
2012-07-24,22.0,
2012-07-25,22.0,
2012-07-26,21.0,
2012-07-27,21.0,
2012-07-28,14.0,
2012-07-29,16.0,
2012-07-30,20.0,
2012-07-31,16.0,
2012-08-01,18.0,
2012-08-02,17.0,
2012-08-03,18.0,1.0
2012-08-04,13.0,1.0
2012-08-05,14.0,1.0
2012-08-06,16.0,1.0
2012-08-07,17.0,1.0
2012-08-08,21.0,1.0
2012-08-09,17.0,1.0
2012-08-10,15.0,1.0
2012-08-11,13.0,1.0
2012-08-12,8.0,1.0
2012-08-13,22.0,1.0
2012-08-14,17.0,1.0
2012-08-15,12.0,1.0
2012-08-16,17.0,1.0
2012-08-17,19.0,1.0
2012-08-18,17.0,1.0
2012-08-19,12.0,1.0
2012-08-20,17.0,1.0
2012-08-21,20.0,1.0
2012-08-22,21.0,1.0
2012-08-23,20.0,1.0
2012-08-24,19.0,1.0
2012-08-25,13.0,1.0
2012-08-26,13.0,1.0
2012-08-27,22.0,1.0
2012-08-28,21.0,1.0
2012-08-29,21.0,1.0
2012-08-30,19.0,1.0
2012-08-31,19.0,1.0
2012-09-01,15.0,1.0
2012-09-02,15.0,1.0
2012-09-03,21.0,1.0
2012-09-04,17.0,1.0
2012-09-05,22.0,1.0
2012-09-06,21.0,1.0
2012-09-07,18.0,1.0
2012-09-08,17.0,1.0
2012-09-09,15.0,1.0
2012-09-10,21.0,1.0
2012-09-11,21.0,1.0
2012-09-12,22.0,1.0
2012-09-13,22.0,1.0
2012-09-14,20.0,1.0
2012-09-15,18.0,1.0
2012-09-16,15.0,1.0
2012-09-17,19.0,1.0
2012-09-18,19.0,1.0
2012-09-19,17.0,1.0
2012-09-20,21.0,1.0
2012-09-21,19.0,1.0
2012-09-22,14.0,1.0
2012-09-23,13.0,1.0
2012-09-24,20.0,1.0
2012-09-25,22.0,1.0
2012-09-26,18.0,1.0
2012-09-27,19.0,1.0
2012-09-28,18.0,1.0
2012-09-29,15.0,1.0
2012-09-30,12.0,1.0
2012-10-01,21.0,1.0
2012-10-02,14.0,1.0
2012-10-03,18.0,1.0
2012-10-04,17.0,1.0
2012-10-05,18.0,1.0
2012-10-06,18.0,1.0
2012-10-07,12.0,1.0
2012-10-08,19.0,1.0
2012-10-09,21.0,1.0
2012-10-10,18.0,1.0
2012-10-11,19.0,1.0
2012-10-12,18.0,1.0
2012-10-13,14.0,1.0
2012-10-14,12.0,1.0
2012-10-15,15.0,1.0
2012-10-16,17.0,1.0
2012-10-17,18.0,1.0
2012-10-18,17.0,1.0
2012-10-19,14.0,1.0
2012-10-20,12.0,1.0
2012-10-21,12.0,1.0
2012-10-22,15.0,1.0
2012-10-23,13.0,1.0
2012-10-24,8.0,1.0
2012-10-25,16.0,1.0
2012-10-26,17.0,1.0
2012-10-27,13.0,1.0
2012-10-28,9.0,1.0
2012-10-29,17.0,1.0
2012-10-30,17.0,1.0
2012-10-31,14.0,1.0
2012-11-01,19.0,1.0
2012-11-02,22.0,1.0
2012-11-03,14.0,1.0
2012-11-04,13.0,1.0
2012-11-05,20.0,1.0
2012-11-06,16.0,1.0
2012-11-07,17.0,1.0
2012-11-08,15.0,1.0
2012-11-09,16.0,1.0
2012-11-10,11.0,1.0
2012-11-11,9.0,1.0
2012-11-12,10.0,
2012-11-13,6.0,
2012-11-14,12.0,
2012-11-15,13.0,
2012-11-16,14.0,
2012-11-17,10.0,
2012-11-18,11.0,
2012-11-19,17.0,
2012-11-20,24.0,
2012-11-21,17.0,
2012-11-22,15.0,
2012-11-23,13.0,
2012-11-24,10.0,
2012-11-25,10.0,
2012-11-26,13.0,
2012-11-27,18.0,
2012-11-28,15.0,
2012-11-29,18.0,
2012-11-30,19.0,
2012-12-01,10.0,
2012-12-02,10.0,
2012-12-03,15.0,
2012-12-04,14.0,
2012-12-05,18.0,
2012-12-06,16.0,
2012-12-07,15.0,
2012-12-08,13.0,
2012-12-09,14.0,
2012-12-10,17.0,
2012-12-11,19.0,
2012-12-12,17.0,
2012-12-13,16.0,
2012-12-14,17.0,
2012-12-15,14.0,
2012-12-16,13.0,
2012-12-17,16.0,
2012-12-18,19.0,
2012-12-19,14.0,
2012-12-20,16.0,
2012-12-21,16.0,
2012-12-22,10.0,
2012-12-23,12.0,
2012-12-24,12.0,
2012-12-25,13.0,
2012-12-26,13.0,
2012-12-27,15.0,
2012-12-28,16.0,
2012-12-29,13.0,
2012-12-30,8.0,
2012-12-31,15.0,
2013-01-01,13.0,
2013-01-02,15.0,
2013-01-03,15.0,
2013-01-04,17.0,
2013-01-05,11.0,
2013-01-06,9.0,
2013-01-07,16.0,
2013-01-08,18.0,
2013-01-09,18.0,
2013-01-10,14.0,
2013-01-11,15.0,
2013-01-12,11.0,
2013-01-13,7.0,
2013-01-14,13.0,
2013-01-15,16.0,
2013-01-16,14.0,
2013-01-17,17.0,
2013-01-18,25.0,
2013-01-19,16.0,1.0
2013-01-20,12.0,1.0
2013-01-21,20.0,1.0
2013-01-22,17.0,1.0
2013-01-23,17.0,1.0
2013-01-24,18.0,1.0
2013-01-25,16.0,1.0
2013-01-26,9.0,1.0
2013-01-27,8.0,1.0
2013-01-28,15.0,1.0
2013-01-29,16.0,1.0
2013-01-30,15.0,1.0
2013-01-31,18.0,1.0
2013-02-01,15.0,1.0
2013-02-02,11.0,1.0
2013-02-03,10.0,1.0
2013-02-04,15.0,1.0
2013-02-05,15.0,1.0
2013-02-06,15.0,1.0
2013-02-07,16.0,1.0
2013-02-08,16.0,1.0
2013-02-09,11.0,1.0
2013-02-10,12.0,1.0
2013-02-11,15.0,1.0
2013-02-12,15.0,1.0
2013-02-13,14.0,1.0
2013-02-14,19.0,1.0
2013-02-15,16.0,1.0
2013-02-16,11.0,1.0
2013-02-17,10.0,1.0
2013-02-18,15.0,1.0
2013-02-19,17.0,1.0
2013-02-20,17.0,1.0
2013-02-21,18.0,1.0
2013-02-22,17.0,1.0
2013-02-23,16.0,1.0
2013-02-24,10.0,1.0
2013-02-25,17.0,1.0
2013-02-26,16.0,1.0
2013-02-27,19.0,1.0
2013-02-28,16.0,1.0
2013-03-01,16.0,1.0
2013-03-02,9.0,1.0
2013-03-03,10.0,1.0
2013-03-04,17.0,1.0
2013-03-05,17.0,1.0
2013-03-06,15.0,1.0
2013-03-07,16.0,1.0
2013-03-08,15.0,1.0
2013-03-09,11.0,1.0
2013-03-10,11.0,1.0
2013-03-11,17.0,1.0
2013-03-12,15.0,1.0
2013-03-13,16.0,1.0
2013-03-14,17.0,1.0
2013-03-15,16.0,1.0
2013-03-16,12.0,1.0
2013-03-17,11.0,1.0
2013-03-18,16.0,1.0
2013-03-19,16.0,1.0
2013-03-20,15.0,1.0
2013-03-21,15.0,1.0
2013-03-22,14.0,1.0
2013-03-23,10.0,1.0
2013-03-24,10.0,1.0
2013-03-25,15.0,1.0
2013-03-26,13.0,1.0
2013-03-27,11.0,1.0
2013-03-28,15.0,1.0
2013-03-29,13.0,1.0
2013-03-30,14.0,1.0
2013-03-31,11.0,1.0
2013-04-01,16.0,1.0
2013-04-02,15.0,1.0
2013-04-03,15.0,1.0
2013-04-04,15.0,1.0
2013-04-05,13.0,1.0
2013-04-06,10.0,1.0
2013-04-07,10.0,1.0
2013-04-08,17.0,1.0
2013-04-09,19.0,1.0
2013-04-10,15.0,1.0
2013-04-11,12.0,1.0
2013-04-12,17.0,1.0
2013-04-13,11.0,1.0
2013-04-14,12.0,1.0
2013-04-15,15.0,1.0
2013-04-16,16.0,1.0
2013-04-17,18.0,1.0
2013-04-18,16.0,1.0
2013-04-19,19.0,1.0
2013-04-20,12.0,1.0
2013-04-21,10.0,1.0
2013-04-22,19.0,1.0
2013-04-23,16.0,1.0
2013-04-24,15.0,1.0
2013-04-25,15.0,1.0
2013-04-26,17.0,1.0
2013-04-27,10.0,1.0
2013-04-28,9.0,1.0
2013-04-29,14.0,1.0
2013-04-30,15.0,
2013-05-01,13.0,
2013-05-02,16.0,
2013-05-03,13.0,
2013-05-04,10.0,
2013-05-05,8.0,
2013-05-06,16.0,
2013-05-07,16.0,
2013-05-08,13.0,
2013-05-09,15.0,
2013-05-10,14.0,
2013-05-11,8.0,
2013-05-12,8.0,
2013-05-13,11.0,
2013-05-14,10.0,
2013-05-15,13.0,
2013-05-16,13.0,
2013-05-17,13.0,
2013-05-18,8.0,
2013-05-19,10.0,
2013-05-20,15.0,
2013-05-21,14.0,
2013-05-22,16.0,
2013-05-23,12.0,
2013-05-24,11.0,
2013-05-25,11.0,
2013-05-26,6.0,
2013-05-27,12.0,
2013-05-28,13.0,
2013-05-29,14.0,
2013-05-30,13.0,
2013-05-31,14.0,
2013-06-01,10.0,
2013-06-02,8.0,
2013-06-03,15.0,
2013-06-04,17.0,
2013-06-05,17.0,
2013-06-06,14.0,
2013-06-07,14.0,
2013-06-08,10.0,
2013-06-09,9.0,
2013-06-10,13.0,
2013-06-11,15.0,
2013-06-12,17.0,
2013-06-13,17.0,
2013-06-14,16.0,
2013-06-15,13.0,
2013-06-16,18.0,
2013-06-17,16.0,
2013-06-18,16.0,
2013-06-19,16.0,
2013-06-20,18.0,
2013-06-21,19.0,
2013-06-22,10.0,
2013-06-23,8.0,
2013-06-24,13.0,
2013-06-25,14.0,
2013-06-26,14.0,
2013-06-27,14.0,
2013-06-28,16.0,
2013-06-29,14.0,
2013-06-30,10.0,
2013-07-01,15.0,
2013-07-02,14.0,
2013-07-03,16.0,
2013-07-04,16.0,
2013-07-05,15.0,
2013-07-06,11.0,
2013-07-07,11.0,1.0
2013-07-08,16.0,1.0
2013-07-09,14.0,1.0
2013-07-10,17.0,1.0
2013-07-11,14.0,1.0
2013-07-12,16.0,1.0
2013-07-13,12.0,1.0
2013-07-14,7.0,1.0
2013-07-15,15.0,1.0
2013-07-16,15.0,1.0
2013-07-17,15.0,1.0
2013-07-18,16.0,1.0
2013-07-19,28.0,1.0
2013-07-20,17.0,1.0
2013-07-21,11.0,1.0
2013-07-22,14.0,1.0
2013-07-23,16.0,1.0
2013-07-24,16.0,1.0
2013-07-25,18.0,1.0
2013-07-26,16.0,1.0
2013-07-27,14.0,1.0
2013-07-28,9.0,1.0
2013-07-29,18.0,1.0
2013-07-30,14.0,1.0
2013-07-31,14.0,1.0
2013-08-01,14.0,1.0
2013-08-02,14.0,1.0
2013-08-03,12.0,1.0
2013-08-04,10.0,1.0
2013-08-05,12.0,1.0
2013-08-06,16.0,1.0
2013-08-07,14.0,1.0
2013-08-08,15.0,1.0
2013-08-09,10.0,1.0
2013-08-10,9.0,1.0
2013-08-11,7.0,1.0
2013-08-12,16.0,1.0
2013-08-13,15.0,1.0
2013-08-14,14.0,1.0
2013-08-15,11.0,1.0
2013-08-16,10.0,1.0
2013-08-17,10.0,1.0
2013-08-18,10.0,1.0
2013-08-19,15.0,1.0
2013-08-20,14.0,1.0
2013-08-21,14.0,1.0
2013-08-22,16.0,1.0
2013-08-23,16.0,1.0
2013-08-24,11.0,1.0
2013-08-25,10.0,1.0
2013-08-26,15.0,1.0
2013-08-27,14.0,1.0
2013-08-28,13.0,1.0
2013-08-29,15.0,1.0
2013-08-30,15.0,1.0
2013-08-31,11.0,1.0
2013-09-01,11.0,1.0
2013-09-02,15.0,1.0
2013-09-03,16.0,1.0
2013-09-04,16.0,1.0
2013-09-05,15.0,1.0
2013-09-06,15.0,1.0
2013-09-07,8.0,1.0
2013-09-08,9.0,1.0
2013-09-09,10.0,1.0
2013-09-10,13.0,1.0
2013-09-11,15.0,1.0
2013-09-12,14.0,1.0
2013-09-13,15.0,1.0
2013-09-14,14.0,1.0
2013-09-15,11.0,1.0
2013-09-16,13.0,1.0
2013-09-17,16.0,1.0
2013-09-18,16.0,1.0
2013-09-19,16.0,1.0
2013-09-20,20.0,1.0
2013-09-21,15.0,1.0
2013-09-22,14.0,1.0
2013-09-23,18.0,1.0
2013-09-24,18.0,1.0
2013-09-25,15.0,1.0
2013-09-26,16.0,1.0
2013-09-27,18.0,1.0
2013-09-28,13.0,1.0
2013-09-29,11.0,1.0
2013-09-30,13.0,1.0
2013-10-01,19.0,1.0
2013-10-02,12.0,1.0
2013-10-03,20.0,1.0
2013-10-04,17.0,1.0
2013-10-05,13.0,1.0
2013-10-06,10.0,1.0
2013-10-07,17.0,1.0
2013-10-08,14.0,1.0
2013-10-09,14.0,1.0
2013-10-10,15.0,1.0
2013-10-11,14.0,1.0
2013-10-12,10.0,1.0
2013-10-13,9.0,1.0
2013-10-14,14.0,1.0
2013-10-15,18.0,1.0
2013-10-16,15.0,
2013-10-17,18.0,
2013-10-18,14.0,
2013-10-19,10.0,
2013-10-20,13.0,
2013-10-21,19.0,
2013-10-22,16.0,
2013-10-23,19.0,
2013-10-24,19.0,
2013-10-25,18.0,
2013-10-26,12.0,
2013-10-27,9.0,
2013-10-28,17.0,
2013-10-29,16.0,
2013-10-30,10.0,
2013-10-31,10.0,
2013-11-01,9.0,
2013-11-02,6.0,
2013-11-03,6.0,
2013-11-04,9.0,
2013-11-05,12.0,
2013-11-06,10.0,
2013-11-07,9.0,
2013-11-08,12.0,
2013-11-09,8.0,
2013-11-10,12.0,
2013-11-11,12.0,
2013-11-12,12.0,
2013-11-13,11.0,
2013-11-14,12.0,
2013-11-15,14.0,
2013-11-16,11.0,
2013-11-17,7.0,
2013-11-18,16.0,
2013-11-19,16.0,
2013-11-20,16.0,
2013-11-21,15.0,
2013-11-22,17.0,
2013-11-23,14.0,
2013-11-24,8.0,
2013-11-25,15.0,
2013-11-26,12.0,
2013-11-27,16.0,
2013-11-28,14.0,
2013-11-29,11.0,
2013-11-30,13.0,
2013-12-01,9.0,
2013-12-02,13.0,
2013-12-03,14.0,
2013-12-04,13.0,
2013-12-05,13.0,
2013-12-06,15.0,
2013-12-07,9.0,
2013-12-08,6.0,
2013-12-09,14.0,
2013-12-10,13.0,
2013-12-11,13.0,
2013-12-12,15.0,
2013-12-13,17.0,
2013-12-14,8.0,
2013-12-15,11.0,
2013-12-16,11.0,
2013-12-17,13.0,
2013-12-18,13.0,
2013-12-19,14.0,
2013-12-20,15.0,
2013-12-21,11.0,
2013-12-22,10.0,
2013-12-23,14.0,1.0
2013-12-24,10.0,1.0
2013-12-25,8.0,1.0
2013-12-26,13.0,1.0
2013-12-27,12.0,1.0
2013-12-28,9.0,1.0
2013-12-29,7.0,1.0
2013-12-30,11.0,1.0
2013-12-31,10.0,1.0
2014-01-01,12.0,1.0
2014-01-02,14.0,1.0
2014-01-03,15.0,1.0
2014-01-04,11.0,1.0
2014-01-05,9.0,1.0
2014-01-06,14.0,1.0
2014-01-07,11.0,1.0
2014-01-08,12.0,1.0
2014-01-09,14.0,1.0
2014-01-10,14.0,1.0
2014-01-11,8.0,1.0
2014-01-12,6.0,1.0
2014-01-13,16.0,1.0
2014-01-14,13.0,1.0
2014-01-15,14.0,1.0
2014-01-16,17.0,1.0
2014-01-17,17.0,1.0
2014-01-18,13.0,1.0
2014-01-19,11.0,1.0
2014-01-20,16.0,1.0
2014-01-21,15.0,1.0
2014-01-22,18.0,1.0
2014-01-23,13.0,1.0
2014-01-24,14.0,1.0
2014-01-25,10.0,1.0
2014-01-26,10.0,1.0
2014-01-27,17.0,1.0
2014-01-28,14.0,1.0
2014-01-29,13.0,1.0
2014-01-30,14.0,1.0
2014-01-31,11.0,1.0
2014-02-01,10.0,1.0
2014-02-02,11.0,1.0
2014-02-03,15.0,1.0
2014-02-04,13.0,1.0
2014-02-05,16.0,1.0
2014-02-06,10.0,1.0
2014-02-07,14.0,1.0
2014-02-08,16.0,1.0
2014-02-09,8.0,1.0
2014-02-10,13.0,1.0
2014-02-11,12.0,1.0
2014-02-12,13.0,1.0
2014-02-13,14.0,1.0
2014-02-14,13.0,1.0
2014-02-15,9.0,1.0
2014-02-16,8.0,1.0
2014-02-17,11.0,1.0
2014-02-18,13.0,1.0
2014-02-19,15.0,1.0
2014-02-20,14.0,1.0
2014-02-21,16.0,1.0
2014-02-22,11.0,1.0
2014-02-23,9.0,1.0
2014-02-24,14.0,1.0
2014-02-25,14.0,1.0
2014-02-26,17.0,1.0
2014-02-27,11.0,1.0
2014-02-28,12.0,1.0
2014-03-01,8.0,1.0
2014-03-02,8.0,1.0
2014-03-03,13.0,1.0
2014-03-04,13.0,1.0
2014-03-05,17.0,1.0
2014-03-06,14.0,1.0
2014-03-07,13.0,1.0
2014-03-08,10.0,1.0
2014-03-09,10.0,1.0
2014-03-10,15.0,1.0
2014-03-11,13.0,1.0
2014-03-12,13.0,1.0
2014-03-13,14.0,1.0
2014-03-14,16.0,1.0
2014-03-15,10.0,1.0
2014-03-16,6.0,1.0
2014-03-17,11.0,1.0
2014-03-18,16.0,1.0
2014-03-19,18.0,1.0
2014-03-20,16.0,1.0
2014-03-21,17.0,1.0
2014-03-22,9.0,1.0
2014-03-23,8.0,1.0
2014-03-24,13.0,1.0
2014-03-25,15.0,1.0
2014-03-26,16.0,1.0
2014-03-27,14.0,1.0
2014-03-28,11.0,1.0
2014-03-29,8.0,1.0
2014-03-30,7.0,1.0
2014-03-31,11.0,1.0
2014-04-01,13.0,1.0
2014-04-02,15.0,1.0
2014-04-03,16.0,
2014-04-04,14.0,
2014-04-05,11.0,
2014-04-06,8.0,
2014-04-07,14.0,
2014-04-08,14.0,
2014-04-09,11.0,
2014-04-10,10.0,
2014-04-11,12.0,
2014-04-12,11.0,
2014-04-13,7.0,
2014-04-14,15.0,
2014-04-15,17.0,
2014-04-16,12.0,
2014-04-17,14.0,
2014-04-18,12.0,
2014-04-19,8.0,
2014-04-20,10.0,
2014-04-21,19.0,
2014-04-22,16.0,
2014-04-23,18.0,
2014-04-24,16.0,
2014-04-25,15.0,
2014-04-26,10.0,
2014-04-27,9.0,
2014-04-28,14.0,
2014-04-29,15.0,
2014-04-30,16.0,
2014-05-01,8.0,
2014-05-02,11.0,
2014-05-03,9.0,
2014-05-04,6.0,
2014-05-05,16.0,
2014-05-06,14.0,
2014-05-07,14.0,
2014-05-08,11.0,
2014-05-09,13.0,
2014-05-10,11.0,
2014-05-11,10.0,
2014-05-12,15.0,
2014-05-13,16.0,
2014-05-14,11.0,
2014-05-15,16.0,
2014-05-16,13.0,
2014-05-17,12.0,
2014-05-18,8.0,
2014-05-19,17.0,
2014-05-20,16.0,
2014-05-21,16.0,
2014-05-22,16.0,
2014-05-23,13.0,
2014-05-24,11.0,
2014-05-25,6.0,
2014-05-26,11.0,
2014-05-27,20.0,
2014-05-28,21.0,
2014-05-29,11.0,
2014-05-30,14.0,
2014-05-31,11.0,
2014-06-01,8.0,
2014-06-02,13.0,
2014-06-03,16.0,
2014-06-04,17.0,
2014-06-05,15.0,
2014-06-06,14.0,
2014-06-07,12.0,
2014-06-08,9.0,
2014-06-09,14.0,
2014-06-10,14.0,1.0
2014-06-11,15.0,1.0
2014-06-12,15.0,1.0
2014-06-13,15.0,1.0
2014-06-14,13.0,1.0
2014-06-15,9.0,1.0
2014-06-16,17.0,1.0
2014-06-17,17.0,1.0
2014-06-18,18.0,1.0
2014-06-19,15.0,1.0
2014-06-20,20.0,1.0
2014-06-21,10.0,1.0
2014-06-22,11.0,1.0
2014-06-23,16.0,1.0
2014-06-24,18.0,1.0
2014-06-25,18.0,1.0
2014-06-26,19.0,1.0
2014-06-27,21.0,1.0
2014-06-28,13.0,1.0
2014-06-29,11.0,1.0
2014-06-30,15.0,1.0
2014-07-01,16.0,1.0
2014-07-02,15.0,1.0
2014-07-03,18.0,1.0
2014-07-04,15.0,1.0
2014-07-05,10.0,1.0
2014-07-06,13.0,1.0
2014-07-07,17.0,1.0
2014-07-08,15.0,1.0
2014-07-09,18.0,1.0
2014-07-10,17.0,1.0
2014-07-11,14.0,1.0
2014-07-12,13.0,1.0
2014-07-13,11.0,1.0
2014-07-14,19.0,1.0
2014-07-15,16.0,1.0
2014-07-16,18.0,1.0
2014-07-17,17.0,1.0
2014-07-18,21.0,1.0
2014-07-19,18.0,1.0
2014-07-20,13.0,1.0
2014-07-21,20.0,1.0
2014-07-22,19.0,1.0
2014-07-23,19.0,1.0
2014-07-24,22.0,1.0
2014-07-25,22.0,1.0
2014-07-26,14.0,1.0
2014-07-27,13.0,1.0
2014-07-28,20.0,1.0
2014-07-29,16.0,1.0
2014-07-30,16.0,1.0
2014-07-31,15.0,1.0
2014-08-01,17.0,1.0
2014-08-02,13.0,1.0
2014-08-03,11.0,1.0
2014-08-04,17.0,1.0
2014-08-05,17.0,1.0
2014-08-06,20.0,1.0
2014-08-07,25.0,1.0
2014-08-08,16.0,1.0
2014-08-09,16.0,1.0
2014-08-10,9.0,1.0
2014-08-11,19.0,1.0
2014-08-12,15.0,1.0
2014-08-13,18.0,1.0
2014-08-14,18.0,1.0
2014-08-15,8.0,1.0
2014-08-16,10.0,1.0
2014-08-17,11.0,1.0
2014-08-18,17.0,1.0
2014-08-19,18.0,1.0
2014-08-20,21.0,1.0
2014-08-21,19.0,1.0
2014-08-22,20.0,1.0
2014-08-23,12.0,1.0
2014-08-24,11.0,1.0
2014-08-25,14.0,1.0
2014-08-26,18.0,1.0
2014-08-27,14.0,1.0
2014-08-28,14.0,1.0
2014-08-29,12.0,1.0
2014-08-30,14.0,1.0
2014-08-31,11.0,1.0
2014-09-01,13.0,1.0
2014-09-02,18.0,1.0
2014-09-03,19.0,1.0
2014-09-04,17.0,1.0
2014-09-05,18.0,1.0
2014-09-06,16.0,1.0
2014-09-07,14.0,1.0
2014-09-08,21.0,1.0
2014-09-09,15.0,1.0
2014-09-10,22.0,1.0
2014-09-11,20.0,1.0
2014-09-12,18.0,1.0
2014-09-13,18.0,1.0
2014-09-14,16.0,1.0
2014-09-15,21.0,1.0
2014-09-16,23.0,1.0
2014-09-17,24.0,1.0
2014-09-18,24.0,1.0
2014-09-19,27.0,
2014-09-20,25.0,
2014-09-21,14.0,
2014-09-22,20.0,
2014-09-23,17.0,
2014-09-24,18.0,
2014-09-25,16.0,
2014-09-26,17.0,
2014-09-27,13.0,
2014-09-28,7.0,
2014-09-29,17.0,
2014-09-30,18.0,
2014-10-01,18.0,
2014-10-02,10.0,
2014-10-03,9.0,
2014-10-04,8.0,
2014-10-05,10.0,
2014-10-06,14.0,
2014-10-07,18.0,
2014-10-08,19.0,
2014-10-09,18.0,
2014-10-10,17.0,
2014-10-11,13.0,
2014-10-12,13.0,
2014-10-13,18.0,
2014-10-14,18.0,
2014-10-15,17.0,
2014-10-16,16.0,
2014-10-17,15.0,
2014-10-18,12.0,
2014-10-19,13.0,
2014-10-20,19.0,
2014-10-21,17.0,
2014-10-22,15.0,
2014-10-23,12.0,
2014-10-24,14.0,
2014-10-25,13.0,
2014-10-26,10.0,
2014-10-27,20.0,
2014-10-28,17.0,
2014-10-29,14.0,
2014-10-30,19.0,
2014-10-31,19.0,
2014-11-01,13.0,
2014-11-02,8.0,
2014-11-03,16.0,
2014-11-04,18.0,
2014-11-05,15.0,
2014-11-06,15.0,
2014-11-07,16.0,
2014-11-08,11.0,
2014-11-09,10.0,
2014-11-10,16.0,
2014-11-11,16.0,
2014-11-12,21.0,
2014-11-13,16.0,
2014-11-14,17.0,
2014-11-15,14.0,
2014-11-16,11.0,
2014-11-17,14.0,
2014-11-18,15.0,
2014-11-19,18.0,
2014-11-20,19.0,
2014-11-21,18.0,
2014-11-22,14.0,
2014-11-23,10.0,
2014-11-24,14.0,
2014-11-25,15.0,
2014-11-26,13.0,1.0
2014-11-27,13.0,1.0
2014-11-28,13.0,1.0
2014-11-29,11.0,1.0
2014-11-30,8.0,1.0
2014-12-01,14.0,1.0
2014-12-02,13.0,1.0
2014-12-03,14.0,1.0
2014-12-04,15.0,1.0
2014-12-05,14.0,1.0
2014-12-06,13.0,1.0
2014-12-07,11.0,1.0
2014-12-08,17.0,1.0
2014-12-09,14.0,1.0
2014-12-10,18.0,1.0
2014-12-11,15.0,1.0
2014-12-12,16.0,1.0
2014-12-13,10.0,1.0
2014-12-14,8.0,1.0
2014-12-15,15.0,1.0
2014-12-16,17.0,1.0
2014-12-17,13.0,1.0
2014-12-18,17.0,1.0
2014-12-19,14.0,1.0
2014-12-20,16.0,1.0
2014-12-21,10.0,1.0
2014-12-22,15.0,1.0
2014-12-23,14.0,1.0
2014-12-24,16.0,1.0
2014-12-25,10.0,1.0
2014-12-26,14.0,1.0
2014-12-27,10.0,1.0
2014-12-28,6.0,1.0
2014-12-29,13.0,1.0
2014-12-30,13.0,1.0
2014-12-31,12.0,1.0
2015-01-01,9.0,1.0
2015-01-02,13.0,1.0
2015-01-03,9.0,1.0
2015-01-04,9.0,1.0
2015-01-05,15.0,1.0
2015-01-06,13.0,1.0
2015-01-07,16.0,1.0
2015-01-08,15.0,1.0
2015-01-09,17.0,1.0
2015-01-10,10.0,1.0
2015-01-11,7.0,1.0
2015-01-12,14.0,1.0
2015-01-13,15.0,1.0
2015-01-14,15.0,1.0
2015-01-15,13.0,1.0
2015-01-16,16.0,1.0
2015-01-17,11.0,1.0
2015-01-18,10.0,1.0
2015-01-19,18.0,1.0
2015-01-20,18.0,1.0
2015-01-21,15.0,1.0
2015-01-22,14.0,1.0
2015-01-23,17.0,1.0
2015-01-24,11.0,1.0
2015-01-25,8.0,1.0
2015-01-26,11.0,1.0
2015-01-27,15.0,1.0
2015-01-28,16.0,1.0
2015-01-29,16.0,1.0
2015-01-30,14.0,1.0
2015-01-31,12.0,1.0
2015-02-01,9.0,1.0
2015-02-02,13.0,1.0
2015-02-03,12.0,1.0
2015-02-04,15.0,1.0
2015-02-05,13.0,1.0
2015-02-06,17.0,1.0
2015-02-07,11.0,1.0
2015-02-08,9.0,1.0
2015-02-09,16.0,1.0
2015-02-10,16.0,1.0
2015-02-11,14.0,1.0
2015-02-12,17.0,1.0
2015-02-13,13.0,1.0
2015-02-14,9.0,1.0
2015-02-15,7.0,1.0
2015-02-16,15.0,1.0
2015-02-17,16.0,1.0
2015-02-18,15.0,1.0
2015-02-19,14.0,1.0
2015-02-20,14.0,1.0
2015-02-21,13.0,1.0
2015-02-22,9.0,1.0
2015-02-23,15.0,1.0
2015-02-24,12.0,1.0
2015-02-25,13.0,1.0
2015-02-26,14.0,1.0
2015-02-27,14.0,1.0
2015-02-28,9.0,1.0
2015-03-01,8.0,1.0
2015-03-02,16.0,1.0
2015-03-03,15.0,1.0
2015-03-04,15.0,1.0
2015-03-05,12.0,1.0
2015-03-06,10.0,1.0
2015-03-07,7.0,
2015-03-08,8.0,
2015-03-09,12.0,
2015-03-10,14.0,
2015-03-11,13.0,
2015-03-12,11.0,
2015-03-13,13.0,
2015-03-14,10.0,
2015-03-15,8.0,
2015-03-16,14.0,
2015-03-17,14.0,
2015-03-18,14.0,
2015-03-19,14.0,
2015-03-20,15.0,
2015-03-21,11.0,
2015-03-22,10.0,
2015-03-23,16.0,
2015-03-24,20.0,
2015-03-25,20.0,
2015-03-26,12.0,
2015-03-27,13.0,
2015-03-28,13.0,
2015-03-29,8.0,
2015-03-30,16.0,
2015-03-31,16.0,
2015-04-01,13.0,
2015-04-02,12.0,
2015-04-03,10.0,
2015-04-04,10.0,
2015-04-05,6.0,
2015-04-06,15.0,
2015-04-07,13.0,
2015-04-08,11.0,
2015-04-09,12.0,
2015-04-10,15.0,
2015-04-11,8.0,
2015-04-12,7.0,
2015-04-13,11.0,
2015-04-14,9.0,
2015-04-15,12.0,
2015-04-16,12.0,
2015-04-17,11.0,
2015-04-18,12.0,
2015-04-19,6.0,
2015-04-20,15.0,
2015-04-21,15.0,
2015-04-22,18.0,
2015-04-23,18.0,
2015-04-24,15.0,
2015-04-25,9.0,
2015-04-26,7.0,
2015-04-27,15.0,
2015-04-28,17.0,
2015-04-29,15.0,
2015-04-30,14.0,
2015-05-01,10.0,
2015-05-02,9.0,
2015-05-03,5.0,
2015-05-04,13.0,
2015-05-05,14.0,
2015-05-06,12.0,
2015-05-07,11.0,
2015-05-08,14.0,
2015-05-09,8.0,
2015-05-10,8.0,
2015-05-11,15.0,
2015-05-12,13.0,
2015-05-13,13.0,
2015-05-14,13.0,1.0
2015-05-15,11.0,1.0
2015-05-16,9.0,1.0
2015-05-17,7.0,1.0
2015-05-18,12.0,1.0
2015-05-19,12.0,1.0
2015-05-20,15.0,1.0
2015-05-21,15.0,1.0
2015-05-22,13.0,1.0
2015-05-23,11.0,1.0
2015-05-24,7.0,1.0
2015-05-25,12.0,1.0
2015-05-26,11.0,1.0
2015-05-27,10.0,1.0
2015-05-28,13.0,1.0
2015-05-29,12.0,1.0
2015-05-30,9.0,1.0
2015-05-31,8.0,1.0
2015-06-01,12.0,1.0
2015-06-02,13.0,1.0
2015-06-03,15.0,1.0
2015-06-04,14.0,1.0
2015-06-05,13.0,1.0
2015-06-06,10.0,1.0
2015-06-07,9.0,1.0
2015-06-08,13.0,1.0
2015-06-09,15.0,1.0
2015-06-10,12.0,1.0
2015-06-11,12.0,1.0
2015-06-12,11.0,1.0
2015-06-13,12.0,1.0
2015-06-14,8.0,1.0
2015-06-15,15.0,1.0
2015-06-16,16.0,1.0
2015-06-17,16.0,1.0
2015-06-18,16.0,1.0
2015-06-19,16.0,1.0
2015-06-20,13.0,1.0
2015-06-21,8.0,1.0
2015-06-22,17.0,1.0
2015-06-23,14.0,1.0
2015-06-24,17.0,1.0
2015-06-25,18.0,1.0
2015-06-26,14.0,1.0
2015-06-27,12.0,1.0
2015-06-28,9.0,1.0
2015-06-29,17.0,1.0
2015-06-30,16.0,1.0
2015-07-01,18.0,1.0
2015-07-02,16.0,1.0
2015-07-03,17.0,1.0
2015-07-04,11.0,1.0
2015-07-05,9.0,1.0
2015-07-06,15.0,1.0
2015-07-07,13.0,1.0
2015-07-08,15.0,1.0
2015-07-09,17.0,1.0
2015-07-10,15.0,1.0
2015-07-11,11.0,1.0
2015-07-12,10.0,1.0
2015-07-13,13.0,1.0
2015-07-14,15.0,1.0
2015-07-15,17.0,1.0
2015-07-16,13.0,1.0
2015-07-17,15.0,1.0
2015-07-18,10.0,1.0
2015-07-19,10.0,1.0
2015-07-20,18.0,1.0
2015-07-21,23.0,1.0
2015-07-22,22.0,1.0
2015-07-23,25.0,1.0
2015-07-24,26.0,1.0
2015-07-25,15.0,1.0
2015-07-26,16.0,1.0
2015-07-27,20.0,1.0
2015-07-28,18.0,1.0
2015-07-29,19.0,1.0
2015-07-30,20.0,1.0
2015-07-31,18.0,1.0
2015-08-01,15.0,1.0
2015-08-02,10.0,1.0
2015-08-03,17.0,1.0
2015-08-04,16.0,1.0
2015-08-05,17.0,1.0
2015-08-06,15.0,1.0
2015-08-07,17.0,1.0
2015-08-08,10.0,1.0
2015-08-09,9.0,1.0
2015-08-10,15.0,1.0
2015-08-11,17.0,1.0
2015-08-12,17.0,1.0
2015-08-13,16.0,1.0
2015-08-14,14.0,1.0
2015-08-15,10.0,1.0
2015-08-16,11.0,1.0
2015-08-17,17.0,1.0
2015-08-18,17.0,1.0
2015-08-19,17.0,1.0
2015-08-20,17.0,1.0
2015-08-21,14.0,1.0
2015-08-22,12.0,1.0
2015-08-23,10.0,
2015-08-24,18.0,
2015-08-25,17.0,
2015-08-26,16.0,
2015-08-27,15.0,
2015-08-28,16.0,
2015-08-29,11.0,
2015-08-30,12.0,
2015-08-31,15.0,
2015-09-01,17.0,
2015-09-02,17.0,
2015-09-03,22.0,
2015-09-04,20.0,
2015-09-05,12.0,
2015-09-06,14.0,
2015-09-07,18.0,
2015-09-08,18.0,
2015-09-09,18.0,
2015-09-10,20.0,
2015-09-11,19.0,
2015-09-12,14.0,
2015-09-13,14.0,
2015-09-14,19.0,
2015-09-15,18.0,
2015-09-16,15.0,
2015-09-17,12.0,
2015-09-18,17.0,
2015-09-19,14.0,
2015-09-20,13.0,
2015-09-21,21.0,
2015-09-22,20.0,
2015-09-23,19.0,
2015-09-24,19.0,
2015-09-25,13.0,
2015-09-26,12.0,
2015-09-27,12.0,
2015-09-28,17.0,
2015-09-29,16.0,
2015-09-30,17.0,
2015-10-01,14.0,
2015-10-02,10.0,
2015-10-03,13.0,
2015-10-04,10.0,
2015-10-05,16.0,
2015-10-06,16.0,
2015-10-07,21.0,
2015-10-08,20.0,
2015-10-09,17.0,
2015-10-10,14.0,
2015-10-11,9.0,
2015-10-12,16.0,
2015-10-13,15.0,
2015-10-14,16.0,
2015-10-15,15.0,
2015-10-16,13.0,
2015-10-17,10.0,
2015-10-18,7.0,
2015-10-19,13.0,
2015-10-20,14.0,
2015-10-21,14.0,
2015-10-22,10.0,
2015-10-23,11.0,
2015-10-24,8.0,
2015-10-25,7.0,
2015-10-26,12.0,
2015-10-27,13.0,
2015-10-28,14.0,
2015-10-29,13.0,
2015-10-30,15.0,1.0
2015-10-31,10.0,1.0
2015-11-01,9.0,1.0
2015-11-02,16.0,1.0
2015-11-03,15.0,1.0
2015-11-04,13.0,1.0
2015-11-05,14.0,1.0
2015-11-06,13.0,1.0
2015-11-07,11.0,1.0
2015-11-08,8.0,1.0
2015-11-09,12.0,1.0
2015-11-10,9.0,1.0
2015-11-11,7.0,1.0
2015-11-12,11.0,1.0
2015-11-13,10.0,1.0
2015-11-14,8.0,1.0
2015-11-15,7.0,1.0
2015-11-16,13.0,1.0
2015-11-17,12.0,1.0
2015-11-18,15.0,1.0
2015-11-19,14.0,1.0
2015-11-20,16.0,1.0
2015-11-21,13.0,1.0
2015-11-22,9.0,1.0
2015-11-23,13.0,1.0
2015-11-24,13.0,1.0
2015-11-25,13.0,1.0
2015-11-26,12.0,1.0
2015-11-27,13.0,1.0
2015-11-28,9.0,1.0
2015-11-29,8.0,1.0
2015-11-30,14.0,1.0
2015-12-01,14.0,1.0
2015-12-02,14.0,1.0
2015-12-03,15.0,1.0
2015-12-04,13.0,1.0
2015-12-05,10.0,1.0
2015-12-06,10.0,1.0
2015-12-07,15.0,1.0
2015-12-08,14.0,1.0
2015-12-09,12.0,1.0
2015-12-10,13.0,1.0
2015-12-11,12.0,1.0
2015-12-12,10.0,1.0
2015-12-13,10.0,1.0
2015-12-14,14.0,1.0
2015-12-15,12.0,1.0
2015-12-16,14.0,1.0
2015-12-17,13.0,1.0
2015-12-18,12.0,1.0
2015-12-19,11.0,1.0
2015-12-20,9.0,1.0
2015-12-21,16.0,1.0
2015-12-22,14.0,1.0
2015-12-23,14.0,1.0
2015-12-24,13.0,1.0
2015-12-25,8.0,1.0
2015-12-26,8.0,1.0
2015-12-27,7.0,1.0
2015-12-28,11.0,1.0
2015-12-29,13.0,1.0
2015-12-30,11.0,1.0
2015-12-31,11.0,1.0
2016-01-01,8.0,1.0
2016-01-02,7.0,1.0
2016-01-03,8.0,1.0
2016-01-04,14.0,1.0
2016-01-05,16.0,1.0
2016-01-06,12.0,1.0
2016-01-07,14.0,1.0
2016-01-08,12.0,1.0
2016-01-09,9.0,1.0
2016-01-10,8.0,1.0
2016-01-11,11.0,1.0
2016-01-12,11.0,1.0
2016-01-13,11.0,1.0
2016-01-14,10.0,1.0
2016-01-15,9.0,1.0
2016-01-16,8.0,1.0
2016-01-17,7.0,1.0
2016-01-18,15.0,1.0
2016-01-19,14.0,1.0
2016-01-20,13.0,1.0
2016-01-21,14.0,1.0
2016-01-22,14.0,1.0
2016-01-23,9.0,1.0
2016-01-24,7.0,1.0
2016-01-25,13.0,1.0
2016-01-26,8.0,1.0
2016-01-27,15.0,1.0
2016-01-28,14.0,1.0
2016-01-29,14.0,1.0
2016-01-30,12.0,1.0
2016-01-31,9.0,1.0
2016-02-01,14.0,1.0
2016-02-02,16.0,1.0
2016-02-03,14.0,1.0
2016-02-04,15.0,1.0
2016-02-05,12.0,1.0
2016-02-06,10.0,1.0
2016-02-07,10.0,1.0
2016-02-08,15.0,
2016-02-09,13.0,
2016-02-10,12.0,
2016-02-11,11.0,
2016-02-12,12.0,
2016-02-13,9.0,
2016-02-14,7.0,
2016-02-15,15.0,
2016-02-16,12.0,
2016-02-17,12.0,
2016-02-18,13.0,
2016-02-19,13.0,
2016-02-20,9.0,
2016-02-21,9.0,
2016-02-22,13.0,
2016-02-23,13.0,
2016-02-24,13.0,
2016-02-25,12.0,
2016-02-26,10.0,
2016-02-27,8.0,
2016-02-28,7.0,
2016-02-29,12.0,
2016-03-01,13.0,
2016-03-02,13.0,
2016-03-03,15.0,
2016-03-04,13.0,
2016-03-05,8.0,
2016-03-06,6.0,
2016-03-07,11.0,
2016-03-08,12.0,
2016-03-09,12.0,
2016-03-10,11.0,
2016-03-11,10.0,
2016-03-12,9.0,
2016-03-13,8.0,
2016-03-14,12.0,
2016-03-15,12.0,
2016-03-16,11.0,
2016-03-17,12.0,
2016-03-18,11.0,
2016-03-19,8.0,
2016-03-20,7.0,
2016-03-21,13.0,
2016-03-22,11.0,
2016-03-23,10.0,
2016-03-24,10.0,
2016-03-25,8.0,
2016-03-26,7.0,
2016-03-27,6.0,
2016-03-28,10.0,
2016-03-29,12.0,
2016-03-30,13.0,
2016-03-31,11.0,
2016-04-01,10.0,
2016-04-02,9.0,
2016-04-03,7.0,
2016-04-04,11.0,
2016-04-05,13.0,
2016-04-06,12.0,
2016-04-07,11.0,
2016-04-08,8.0,
2016-04-09,8.0,
2016-04-10,6.0,
2016-04-11,10.0,
2016-04-12,11.0,
2016-04-13,11.0,
2016-04-14,9.0,
2016-04-15,9.0,
2016-04-16,8.0,1.0
2016-04-17,6.0,1.0
2016-04-18,14.0,1.0
2016-04-19,14.0,1.0
2016-04-20,21.0,1.0
2016-04-21,19.0,1.0
2016-04-22,17.0,1.0
2016-04-23,9.0,1.0
2016-04-24,7.0,1.0
2016-04-25,13.0,1.0
2016-04-26,13.0,1.0
2016-04-27,14.0,1.0
2016-04-28,14.0,1.0
2016-04-29,13.0,1.0
2016-04-30,8.0,1.0
2016-05-01,7.0,1.0
2016-05-02,13.0,1.0
2016-05-03,14.0,1.0
2016-05-04,14.0,1.0
2016-05-05,15.0,1.0
2016-05-06,13.0,1.0
2016-05-07,8.0,1.0
2016-05-08,7.0,1.0
2016-05-09,12.0,1.0
2016-05-10,13.0,1.0
2016-05-11,12.0,1.0
2016-05-12,12.0,1.0
2016-05-13,12.0,1.0
2016-05-14,7.0,1.0
2016-05-15,6.0,1.0
2016-05-16,13.0,1.0
2016-05-17,14.0,1.0
2016-05-18,12.0,1.0
2016-05-19,14.0,1.0
2016-05-20,13.0,1.0
2016-05-21,8.0,1.0
2016-05-22,8.0,1.0
2016-05-23,10.0,1.0
2016-05-24,12.0,1.0
2016-05-25,11.0,1.0
2016-05-26,13.0,1.0
2016-05-27,12.0,1.0
2016-05-28,9.0,1.0
2016-05-29,7.0,1.0
2016-05-30,15.0,1.0
2016-05-31,15.0,1.0
2016-06-01,16.0,1.0
2016-06-02,16.0,1.0
2016-06-03,13.0,1.0
2016-06-04,11.0,1.0
2016-06-05,9.0,1.0
2016-06-06,13.0,1.0
2016-06-07,14.0,1.0
2016-06-08,14.0,1.0
2016-06-09,14.0,1.0
2016-06-10,14.0,1.0
2016-06-11,9.0,1.0
2016-06-12,8.0,1.0
2016-06-13,14.0,1.0
2016-06-14,13.0,1.0
2016-06-15,13.0,1.0
2016-06-16,14.0,1.0
2016-06-17,14.0,1.0
2016-06-18,10.0,1.0
2016-06-19,9.0,1.0
2016-06-20,16.0,1.0
2016-06-21,16.0,1.0
2016-06-22,16.0,1.0
2016-06-23,15.0,1.0
2016-06-24,16.0,1.0
2016-06-25,9.0,1.0
2016-06-26,8.0,1.0
2016-06-27,13.0,1.0
2016-06-28,14.0,1.0
2016-06-29,14.0,1.0
2016-06-30,13.0,1.0
2016-07-01,13.0,1.0
2016-07-02,9.0,1.0
2016-07-03,8.0,1.0
2016-07-04,14.0,1.0
2016-07-05,13.0,1.0
2016-07-06,12.0,1.0
2016-07-07,13.0,1.0
2016-07-08,13.0,1.0
2016-07-09,9.0,1.0
2016-07-10,8.0,1.0
2016-07-11,14.0,1.0
2016-07-12,13.0,1.0
2016-07-13,14.0,1.0
2016-07-14,13.0,1.0
2016-07-15,15.0,1.0
2016-07-16,12.0,1.0
2016-07-17,12.0,1.0
2016-07-18,17.0,1.0
2016-07-19,23.0,1.0
2016-07-20,21.0,1.0
2016-07-21,18.0,1.0
2016-07-22,15.0,1.0
2016-07-23,10.0,1.0
2016-07-24,8.0,1.0
2016-07-25,14.0,1.0
2016-07-26,14.0,
2016-07-27,14.0,
2016-07-28,15.0,
2016-07-29,14.0,
2016-07-30,11.0,
2016-07-31,11.0,
2016-08-01,13.0,
2016-08-02,15.0,
2016-08-03,16.0,
2016-08-04,13.0,
2016-08-05,12.0,
2016-08-06,11.0,
2016-08-07,9.0,
2016-08-08,14.0,
2016-08-09,14.0,
2016-08-10,13.0,
2016-08-11,14.0,
2016-08-12,10.0,
2016-08-13,9.0,
2016-08-14,7.0,
2016-08-15,7.0,
2016-08-16,12.0,
2016-08-17,15.0,
2016-08-18,11.0,
2016-08-19,11.0,
2016-08-20,11.0,
2016-08-21,9.0,
2016-08-22,17.0,
2016-08-23,17.0,
2016-08-24,17.0,
2016-08-25,16.0,
2016-08-26,16.0,
2016-08-27,9.0,
2016-08-28,10.0,
2016-08-29,17.0,
2016-08-30,18.0,
2016-08-31,17.0,
2016-09-01,19.0,
2016-09-02,17.0,
2016-09-03,12.0,
2016-09-04,8.0,
2016-09-05,11.0,
2016-09-06,17.0,
2016-09-07,21.0,
2016-09-08,20.0,
2016-09-09,17.0,
2016-09-10,15.0,
2016-09-11,12.0,
2016-09-12,16.0,
2016-09-13,16.0,
2016-09-14,16.0,
2016-09-15,15.0,
2016-09-16,17.0,
2016-09-17,14.0,
2016-09-18,12.0,
2016-09-19,18.0,
2016-09-20,21.0,
2016-09-21,17.0,
2016-09-22,17.0,
2016-09-23,17.0,
2016-09-24,12.0,
2016-09-25,11.0,
2016-09-26,16.0,
2016-09-27,18.0,
2016-09-28,17.0,
2016-09-29,16.0,
2016-09-30,14.0,
2016-10-01,12.0,
2016-10-02,10.0,1.0
2016-10-03,15.0,1.0
2016-10-04,14.0,1.0
2016-10-05,14.0,1.0
2016-10-06,14.0,1.0
2016-10-07,13.0,1.0
2016-10-08,8.0,1.0
2016-10-09,7.0,1.0
2016-10-10,9.0,1.0
2016-10-11,8.0,1.0
2016-10-12,13.0,1.0
2016-10-13,13.0,1.0
2016-10-14,16.0,1.0
2016-10-15,12.0,1.0
2016-10-16,10.0,1.0
2016-10-17,14.0,1.0
2016-10-18,15.0,1.0
2016-10-19,15.0,1.0
2016-10-20,19.0,1.0
2016-10-21,20.0,1.0
2016-10-22,10.0,1.0
2016-10-23,9.0,1.0
2016-10-24,17.0,1.0
2016-10-25,14.0,1.0
2016-10-26,15.0,1.0
2016-10-27,13.0,1.0
2016-10-28,13.0,1.0
2016-10-29,7.0,1.0
2016-10-30,5.0,1.0
2016-10-31,9.0,1.0
2016-11-01,12.0,1.0
2016-11-02,16.0,1.0
2016-11-03,14.0,1.0
2016-11-04,15.0,1.0
2016-11-05,11.0,1.0
2016-11-06,7.0,1.0
2016-11-07,14.0,1.0
2016-11-08,16.0,1.0
2016-11-09,14.0,1.0
2016-11-10,12.0,1.0
2016-11-11,12.0,1.0
2016-11-12,8.0,1.0
2016-11-13,7.0,1.0
2016-11-14,12.0,1.0
2016-11-15,13.0,1.0
2016-11-16,14.0,1.0
2016-11-17,13.0,1.0
2016-11-18,12.0,1.0
2016-11-19,9.0,1.0
2016-11-20,7.0,1.0
2016-11-21,13.0,1.0
2016-11-22,13.0,1.0
2016-11-23,15.0,1.0
2016-11-24,13.0,1.0
2016-11-25,14.0,1.0
2016-11-26,9.0,1.0
2016-11-27,8.0,1.0
2016-11-28,12.0,1.0
2016-11-29,13.0,1.0
2016-11-30,13.0,1.0
2016-12-01,13.0,1.0
2016-12-02,14.0,1.0
2016-12-03,9.0,1.0
2016-12-04,6.0,1.0
2016-12-05,13.0,1.0
2016-12-06,12.0,1.0
2016-12-07,13.0,1.0
2016-12-08,12.0,1.0
2016-12-09,13.0,1.0
2016-12-10,9.0,1.0
2016-12-11,7.0,1.0
2016-12-12,12.0,1.0
2016-12-13,13.0,1.0
2016-12-14,13.0,1.0
2016-12-15,12.0,1.0
2016-12-16,14.0,1.0
2016-12-17,8.0,1.0
2016-12-18,7.0,1.0
2016-12-19,11.0,1.0
2016-12-20,14.0,1.0
2016-12-21,14.0,1.0
2016-12-22,12.0,1.0
2016-12-23,12.0,1.0
2016-12-24,8.0,1.0
2016-12-25,7.0,1.0
2016-12-26,11.0,1.0
2016-12-27,11.0,1.0
2016-12-28,12.0,1.0
2016-12-29,11.0,1.0
2016-12-30,10.0,1.0
2016-12-31,5.0,1.0
2017-01-01,6.0,1.0
2017-01-02,11.0,1.0
2017-01-03,12.0,1.0
2017-01-04,13.0,1.0
2017-01-05,15.0,1.0
2017-01-06,16.0,1.0
2017-01-07,10.0,1.0
2017-01-08,9.0,1.0
2017-01-09,15.0,1.0
2017-01-10,14.0,1.0
2017-01-11,15.0,
2017-01-12,14.0,
2017-01-13,12.0,
2017-01-14,8.0,
2017-01-15,7.0,
2017-01-16,12.0,
2017-01-17,14.0,
2017-01-18,14.0,
2017-01-19,10.0,
2017-01-20,14.0,
2017-01-21,9.0,
2017-01-22,8.0,
2017-01-23,12.0,
2017-01-24,16.0,
2017-01-25,16.0,
2017-01-26,10.0,
2017-01-27,15.0,
2017-01-28,8.0,
2017-01-29,7.0,
2017-01-30,14.0,
2017-01-31,18.0,
2017-02-01,14.0,
2017-02-02,13.0,
2017-02-03,14.0,
2017-02-04,9.0,
2017-02-05,10.0,
2017-02-06,16.0,
2017-02-07,15.0,
2017-02-08,14.0,
2017-02-09,11.0,
2017-02-10,13.0,
2017-02-11,10.0,
2017-02-12,6.0,
2017-02-13,14.0,
2017-02-14,13.0,
2017-02-15,11.0,
2017-02-16,12.0,
2017-02-17,13.0,
2017-02-18,9.0,
2017-02-19,8.0,
2017-02-20,16.0,
2017-02-21,14.0,
2017-02-22,13.0,
2017-02-23,12.0,
2017-02-24,12.0,
2017-02-25,8.0,
2017-02-26,8.0,
2017-02-27,15.0,
2017-02-28,15.0,
2017-03-01,15.0,
2017-03-02,15.0,
2017-03-03,15.0,
2017-03-04,10.0,
2017-03-05,7.0,
2017-03-06,17.0,
2017-03-07,15.0,
2017-03-08,14.0,
2017-03-09,14.0,
2017-03-10,13.0,
2017-03-11,7.0,
2017-03-12,7.0,
2017-03-13,12.0,
2017-03-14,14.0,
2017-03-15,15.0,
2017-03-16,14.0,
2017-03-17,15.0,
2017-03-18,11.0,
2017-03-19,10.0,
2017-03-20,15.0,1.0
2017-03-21,17.0,1.0
2017-03-22,13.0,1.0
2017-03-23,15.0,1.0
2017-03-24,15.0,1.0
2017-03-25,11.0,1.0
2017-03-26,9.0,1.0
2017-03-27,13.0,1.0
2017-03-28,14.0,1.0
2017-03-29,14.0,1.0
2017-03-30,15.0,1.0
2017-03-31,14.0,1.0
2017-04-01,8.0,1.0
2017-04-02,8.0,1.0
2017-04-03,15.0,1.0
2017-04-04,14.0,1.0
2017-04-05,13.0,1.0
2017-04-06,15.0,1.0
2017-04-07,12.0,1.0
2017-04-08,9.0,1.0
2017-04-09,8.0,1.0
2017-04-10,15.0,1.0
2017-04-11,13.0,1.0
2017-04-12,14.0,1.0
2017-04-13,14.0,1.0
2017-04-14,11.0,1.0
2017-04-15,9.0,1.0
2017-04-16,8.0,1.0
2017-04-17,13.0,1.0
2017-04-18,13.0,1.0
2017-04-19,14.0,1.0
2017-04-20,19.0,1.0
2017-04-21,26.0,1.0
2017-04-22,12.0,1.0
2017-04-23,8.0,1.0
2017-04-24,14.0,1.0
2017-04-25,22.0,1.0
2017-04-26,23.0,1.0
2017-04-27,17.0,1.0
2017-04-28,13.0,1.0
2017-04-29,8.0,1.0
2017-04-30,6.0,1.0
2017-05-01,11.0,1.0
2017-05-02,19.0,1.0
2017-05-03,25.0,1.0
2017-05-04,18.0,1.0
2017-05-05,17.0,1.0
2017-05-06,14.0,1.0
2017-05-07,10.0,1.0
2017-05-08,17.0,1.0
2017-05-09,18.0,1.0
2017-05-10,17.0,1.0
2017-05-11,16.0,1.0
2017-05-12,16.0,1.0
2017-05-13,9.0,1.0
2017-05-14,6.0,1.0
2017-05-15,17.0,1.0
2017-05-16,15.0,1.0
2017-05-17,14.0,1.0
2017-05-18,15.0,1.0
2017-05-19,15.0,1.0
2017-05-20,12.0,1.0
2017-05-21,9.0,1.0
2017-05-22,17.0,1.0
2017-05-23,16.0,1.0
2017-05-24,17.0,1.0
2017-05-25,15.0,1.0
2017-05-26,14.0,1.0
2017-05-27,10.0,1.0
2017-05-28,6.0,1.0
2017-05-29,15.0,1.0
2017-05-30,14.0,1.0
2017-05-31,14.0,1.0
2017-06-01,15.0,1.0
2017-06-02,15.0,1.0
2017-06-03,9.0,1.0
2017-06-04,8.0,1.0
2017-06-05,21.0,1.0
2017-06-06,20.0,1.0
2017-06-07,16.0,1.0
2017-06-08,15.0,1.0
2017-06-09,16.0,1.0
2017-06-10,10.0,1.0
2017-06-11,9.0,1.0
2017-06-12,18.0,1.0
2017-06-13,23.0,1.0
2017-06-14,18.0,1.0
2017-06-15,17.0,1.0
2017-06-16,17.0,1.0
2017-06-17,12.0,1.0
2017-06-18,8.0,1.0
2017-06-19,18.0,1.0
2017-06-20,18.0,1.0
2017-06-21,18.0,1.0
2017-06-22,15.0,1.0
2017-06-23,16.0,1.0
2017-06-24,12.0,1.0
2017-06-25,9.0,1.0
2017-06-26,11.0,1.0
2017-06-27,15.0,1.0
2017-06-28,16.0,1.0
2017-06-29,19.0,
2017-06-30,18.0,
2017-07-01,10.0,
2017-07-02,8.0,
2017-07-03,15.0,
2017-07-04,16.0,
2017-07-05,16.0,
2017-07-06,17.0,
2017-07-07,16.0,
2017-07-08,10.0,
2017-07-09,9.0,
2017-07-10,15.0,
2017-07-11,17.0,
2017-07-12,16.0,
2017-07-13,20.0,
2017-07-14,17.0,
2017-07-15,10.0,
2017-07-16,9.0,
2017-07-17,21.0,
2017-07-18,19.0,
2017-07-19,18.0,
2017-07-20,27.0,
2017-07-21,27.0,
2017-07-22,12.0,
2017-07-23,12.0,
2017-07-24,25.0,
2017-07-25,21.0,
2017-07-26,17.0,
2017-07-27,19.0,
2017-07-28,18.0,
2017-07-29,12.0,
2017-07-30,11.0,
2017-07-31,17.0,
2017-08-01,19.0,
2017-08-02,19.0,
2017-08-03,19.0,
2017-08-04,17.0,
2017-08-05,11.0,
2017-08-06,9.0,
2017-08-07,15.0,
2017-08-08,18.0,
2017-08-09,17.0,
2017-08-10,17.0,
2017-08-11,17.0,
2017-08-12,10.0,
2017-08-13,8.0,
2017-08-14,15.0,
2017-08-15,9.0,
2017-08-16,17.0,
2017-08-17,17.0,
2017-08-18,20.0,
2017-08-19,14.0,
2017-08-20,12.0,
2017-08-21,20.0,
2017-08-22,20.0,
2017-08-23,18.0,
2017-08-24,17.0,
2017-08-25,11.0,
2017-08-26,11.0,
2017-08-27,13.0,
2017-08-28,21.0,
2017-08-29,16.0,
2017-08-30,21.0,
2017-08-31,17.0,
2017-09-01,17.0,
2017-09-02,13.0,
2017-09-03,11.0,
2017-09-04,18.0,
2017-09-05,18.0,1.0
2017-09-06,18.0,1.0
2017-09-07,18.0,1.0
2017-09-08,16.0,1.0
2017-09-09,12.0,1.0
2017-09-10,12.0,1.0
2017-09-11,18.0,1.0
2017-09-12,20.0,1.0
2017-09-13,21.0,1.0
2017-09-14,21.0,1.0
2017-09-15,18.0,1.0
2017-09-16,14.0,1.0
2017-09-17,11.0,1.0
2017-09-18,22.0,1.0
2017-09-19,18.0,1.0
2017-09-20,20.0,1.0
2017-09-21,17.0,1.0
2017-09-22,17.0,1.0
2017-09-23,12.0,1.0
2017-09-24,10.0,1.0
2017-09-25,16.0,1.0
2017-09-26,16.0,1.0
2017-09-27,15.0,1.0
2017-09-28,15.0,1.0
2017-09-29,12.0,1.0
2017-09-30,8.0,1.0
2017-10-01,8.0,1.0
2017-10-02,10.0,1.0
2017-10-03,19.0,1.0
2017-10-04,16.0,1.0
2017-10-05,17.0,1.0
2017-10-06,18.0,1.0
2017-10-07,14.0,1.0
2017-10-08,11.0,1.0
2017-10-09,17.0,1.0
2017-10-10,18.0,1.0
2017-10-11,15.0,1.0
2017-10-12,16.0,1.0
2017-10-13,12.0,1.0
2017-10-14,12.0,1.0
2017-10-15,8.0,1.0
2017-10-16,13.0,1.0
2017-10-17,19.0,1.0
2017-10-18,14.0,1.0
2017-10-19,9.0,1.0
2017-10-20,12.0,1.0
2017-10-21,11.0,1.0
2017-10-22,10.0,1.0
2017-10-23,18.0,1.0
2017-10-24,16.0,1.0
2017-10-25,17.0,1.0
2017-10-26,16.0,1.0
2017-10-27,17.0,1.0
2017-10-28,10.0,1.0
2017-10-29,9.0,1.0
2017-10-30,18.0,1.0
2017-10-31,15.0,1.0
2017-11-01,16.0,1.0
2017-11-02,100.0,1.0
2017-11-03,22.0,1.0
2017-11-04,18.0,1.0
2017-11-05,11.0,1.0
2017-11-06,18.0,1.0
2017-11-07,17.0,1.0
2017-11-08,17.0,1.0
2017-11-09,17.0,1.0
2017-11-10,16.0,1.0
2017-11-11,11.0,1.0
2017-11-12,8.0,1.0
2017-11-13,16.0,1.0
2017-11-14,16.0,1.0
2017-11-15,18.0,1.0
2017-11-16,16.0,1.0
2017-11-17,14.0,1.0
2017-11-18,14.0,1.0
2017-11-19,9.0,1.0
2017-11-20,19.0,1.0
2017-11-21,20.0,1.0
2017-11-22,17.0,1.0
2017-11-23,15.0,1.0
2017-11-24,15.0,1.0
2017-11-25,10.0,1.0
2017-11-26,7.0,1.0
2017-11-27,16.0,1.0
2017-11-28,17.0,1.0
2017-11-29,20.0,1.0
2017-11-30,16.0,1.0
2017-12-01,15.0,1.0
2017-12-02,12.0,1.0
2017-12-03,12.0,1.0
2017-12-04,17.0,1.0
2017-12-05,16.0,1.0
2017-12-06,16.0,1.0
2017-12-07,16.0,1.0
2017-12-08,16.0,1.0
2017-12-09,10.0,1.0
2017-12-10,8.0,1.0
2017-12-11,15.0,1.0
2017-12-12,16.0,1.0
2017-12-13,15.0,1.0
2017-12-14,16.0,1.0
2017-12-15,13.0,
2017-12-16,11.0,
2017-12-17,10.0,
2017-12-18,18.0,
2017-12-19,23.0,
2017-12-20,17.0,
2017-12-21,15.0,
2017-12-22,16.0,
2017-12-23,9.0,
2017-12-24,7.0,
2017-12-25,8.0,
2017-12-26,13.0,
2017-12-27,15.0,
2017-12-28,14.0,
2017-12-29,13.0,
2017-12-30,11.0,
2017-12-31,8.0,
2018-01-01,9.0,
2018-01-02,15.0,
2018-01-03,15.0,
2018-01-04,15.0,
2018-01-05,15.0,
2018-01-06,12.0,
2018-01-07,9.0,
2018-01-08,15.0,
2018-01-09,17.0,
2018-01-10,16.0,
2018-01-11,17.0,
2018-01-12,16.0,
2018-01-13,11.0,
2018-01-14,7.0,
2018-01-15,14.0,
2018-01-16,19.0,
2018-01-17,18.0,
2018-01-18,19.0,
2018-01-19,16.0,
2018-01-20,13.0,
2018-01-21,8.0,
2018-01-22,19.0,
2018-01-23,17.0,
2018-01-24,16.0,
2018-01-25,13.0,
2018-01-26,10.0,
2018-01-27,8.0,
2018-01-28,10.0,
2018-01-29,19.0,
2018-01-30,19.0,
2018-01-31,14.0,
2018-02-01,16.0,
2018-02-02,19.0,
2018-02-03,11.0,
2018-02-04,10.0,
2018-02-05,18.0,
2018-02-06,19.0,
2018-02-07,19.0,
2018-02-08,16.0,
2018-02-09,15.0,
2018-02-10,11.0,
2018-02-11,10.0,
2018-02-12,16.0,
2018-02-13,14.0,
2018-02-14,16.0,
2018-02-15,17.0,
2018-02-16,16.0,
2018-02-17,12.0,
2018-02-18,9.0,
2018-02-19,17.0,
2018-02-20,17.0,
2018-02-21,18.0,1.0
2018-02-22,18.0,1.0
2018-02-23,15.0,1.0
2018-02-24,11.0,1.0
2018-02-25,7.0,1.0
2018-02-26,14.0,1.0
2018-02-27,15.0,1.0
2018-02-28,17.0,1.0
2018-03-01,15.0,1.0
2018-03-02,12.0,1.0
2018-03-03,10.0,1.0
2018-03-04,9.0,1.0
2018-03-05,13.0,1.0
2018-03-06,18.0,1.0
2018-03-07,16.0,1.0
2018-03-08,15.0,1.0
2018-03-09,15.0,1.0
2018-03-10,8.0,1.0
2018-03-11,8.0,1.0
2018-03-12,17.0,1.0
2018-03-13,18.0,1.0
2018-03-14,17.0,1.0
2018-03-15,17.0,1.0
2018-03-16,15.0,1.0
2018-03-17,10.0,1.0
2018-03-18,7.0,1.0
2018-03-19,14.0,1.0
2018-03-20,15.0,1.0
2018-03-21,16.0,1.0
2018-03-22,15.0,1.0
2018-03-23,15.0,1.0
2018-03-24,11.0,1.0
2018-03-25,11.0,1.0
2018-03-26,17.0,1.0
2018-03-27,16.0,1.0
2018-03-28,16.0,1.0
2018-03-29,14.0,1.0
2018-03-30,15.0,1.0
2018-03-31,9.0,1.0
2018-04-01,10.0,1.0
2018-04-02,19.0,1.0
2018-04-03,16.0,1.0
2018-04-04,16.0,1.0
2018-04-05,17.0,1.0
2018-04-06,16.0,1.0
2018-04-07,9.0,1.0
2018-04-08,7.0,1.0
2018-04-09,15.0,1.0
2018-04-10,17.0,1.0
2018-04-11,17.0,1.0
2018-04-12,17.0,1.0
2018-04-13,15.0,1.0
2018-04-14,10.0,1.0
2018-04-15,9.0,1.0
2018-04-16,15.0,1.0
2018-04-17,12.0,1.0
2018-04-18,14.0,1.0
2018-04-19,12.0,1.0
2018-04-20,15.0,1.0
2018-04-21,8.0,1.0
2018-04-22,7.0,1.0
2018-04-23,17.0,1.0
2018-04-24,16.0,1.0
2018-04-25,23.0,1.0
2018-04-26,20.0,1.0
2018-04-27,16.0,1.0
2018-04-28,9.0,1.0
2018-04-29,8.0,1.0
2018-04-30,17.0,1.0
2018-05-01,12.0,1.0
2018-05-02,15.0,1.0
2018-05-03,13.0,1.0
2018-05-04,15.0,1.0
2018-05-05,11.0,1.0
2018-05-06,8.0,1.0
2018-05-07,16.0,1.0
2018-05-08,14.0,1.0
2018-05-09,14.0,1.0
2018-05-10,15.0,1.0
2018-05-11,14.0,1.0
2018-05-12,8.0,1.0
2018-05-13,7.0,1.0
2018-05-14,14.0,1.0
2018-05-15,13.0,1.0
2018-05-16,12.0,1.0
2018-05-17,16.0,1.0
2018-05-18,17.0,1.0
2018-05-19,11.0,1.0
2018-05-20,9.0,1.0
2018-05-21,17.0,1.0
2018-05-22,15.0,1.0
2018-05-23,16.0,1.0
2018-05-24,15.0,1.0
2018-05-25,16.0,1.0
2018-05-26,10.0,1.0
2018-05-27,5.0,1.0
2018-05-28,17.0,1.0
2018-05-29,15.0,1.0
2018-05-30,15.0,1.0
2018-05-31,15.0,1.0
2018-06-01,14.0,1.0
2018-06-02,11.0,
2018-06-03,9.0,
2018-06-04,14.0,
2018-06-05,18.0,
2018-06-06,18.0,
2018-06-07,20.0,
2018-06-08,13.0,
2018-06-09,7.0,
2018-06-10,10.0,
2018-06-11,18.0,
2018-06-12,18.0,
2018-06-13,13.0,
2018-06-14,16.0,
2018-06-15,9.0,
2018-06-16,7.0,
2018-06-17,6.0,
2018-06-18,16.0,
2018-06-19,14.0,
2018-06-20,15.0,
2018-06-21,17.0,
2018-06-22,15.0,
2018-06-23,11.0,
2018-06-24,10.0,
2018-06-25,16.0,
2018-06-26,19.0,
2018-06-27,19.0,
2018-06-28,17.0,
2018-06-29,16.0,
2018-06-30,12.0,
2018-07-01,10.0,
2018-07-02,17.0,
2018-07-03,19.0,
2018-07-04,19.0,
2018-07-05,20.0,
2018-07-06,18.0,
2018-07-07,12.0,
2018-07-08,14.0,
2018-07-09,19.0,
2018-07-10,21.0,
2018-07-11,20.0,
2018-07-12,20.0,
2018-07-13,26.0,
2018-07-14,11.0,
2018-07-15,9.0,
2018-07-16,20.0,
2018-07-17,16.0,
2018-07-18,20.0,
2018-07-19,18.0,
2018-07-20,26.0,
2018-07-21,13.0,
2018-07-22,10.0,
2018-07-23,23.0,
2018-07-24,18.0,
2018-07-25,21.0,
2018-07-26,17.0,
2018-07-27,19.0,
2018-07-28,17.0,
2018-07-29,12.0,
2018-07-30,19.0,
2018-07-31,19.0,
2018-08-01,18.0,
2018-08-02,18.0,
2018-08-03,16.0,
2018-08-04,10.0,
2018-08-05,8.0,
2018-08-06,21.0,
2018-08-07,21.0,
2018-08-08,17.0,
2018-08-09,15.0,1.0
2018-08-10,17.0,1.0
2018-08-11,12.0,1.0
2018-08-12,10.0,1.0
2018-08-13,18.0,1.0
2018-08-14,16.0,1.0
2018-08-15,9.0,1.0
2018-08-16,16.0,1.0
2018-08-17,15.0,1.0
2018-08-18,10.0,1.0
2018-08-19,10.0,1.0
2018-08-20,16.0,1.0
2018-08-21,18.0,1.0
2018-08-22,13.0,1.0
2018-08-23,18.0,1.0
2018-08-24,17.0,1.0
2018-08-25,10.0,1.0
2018-08-26,8.0,1.0
2018-08-27,15.0,1.0
2018-08-28,18.0,1.0
2018-08-29,15.0,1.0
2018-08-30,17.0,1.0
2018-08-31,16.0,1.0
2018-09-01,12.0,1.0
2018-09-02,18.0,1.0
2018-09-03,34.0,1.0
2018-09-04,27.0,1.0
2018-09-05,23.0,1.0
2018-09-06,23.0,1.0
2018-09-07,21.0,1.0
2018-09-08,15.0,1.0
2018-09-09,12.0,1.0
2018-09-10,19.0,1.0
2018-09-11,18.0,1.0
2018-09-12,17.0,1.0
2018-09-13,10.0,1.0
2018-09-14,18.0,1.0
2018-09-15,15.0,1.0
2018-09-16,9.0,1.0
2018-09-17,18.0,1.0
2018-09-18,19.0,1.0
2018-09-19,18.0,1.0
2018-09-20,15.0,1.0
2018-09-21,18.0,1.0
2018-09-22,12.0,1.0
2018-09-23,11.0,1.0
2018-09-24,20.0,1.0
2018-09-25,18.0,1.0
2018-09-26,17.0,1.0
2018-09-27,15.0,1.0
2018-09-28,15.0,1.0
2018-09-29,12.0,1.0
2018-09-30,9.0,1.0
2018-10-01,18.0,1.0
2018-10-02,11.0,1.0
2018-10-03,18.0,1.0
2018-10-04,19.0,1.0
2018-10-05,18.0,1.0
2018-10-06,14.0,1.0
2018-10-07,10.0,1.0
2018-10-08,16.0,1.0
2018-10-09,20.0,1.0
2018-10-10,16.0,1.0
2018-10-11,17.0,1.0
2018-10-12,15.0,1.0
2018-10-13,12.0,1.0
2018-10-14,10.0,1.0
2018-10-15,15.0,1.0
2018-10-16,15.0,1.0
2018-10-17,14.0,1.0
2018-10-18,11.0,1.0
2018-10-19,11.0,1.0
2018-10-20,12.0,1.0
2018-10-21,9.0,1.0
2018-10-22,14.0,1.0
2018-10-23,16.0,1.0
2018-10-24,20.0,1.0
2018-10-25,22.0,1.0
2018-10-26,25.0,1.0
2018-10-27,18.0,1.0
2018-10-28,13.0,1.0
2018-10-29,23.0,1.0
2018-10-30,24.0,1.0
2018-10-31,28.0,1.0
2018-11-01,22.0,1.0
2018-11-02,19.0,1.0
2018-11-03,12.0,1.0
2018-11-04,12.0,1.0
2018-11-05,17.0,1.0
2018-11-06,12.0,1.0
2018-11-07,10.0,1.0
2018-11-08,13.0,1.0
2018-11-09,18.0,1.0
2018-11-10,15.0,1.0
2018-11-11,11.0,1.0
2018-11-12,18.0,1.0
2018-11-13,18.0,1.0
2018-11-14,19.0,1.0
2018-11-15,23.0,1.0
2018-11-16,25.0,1.0
2018-11-17,20.0,1.0
2018-11-18,10.0,
2018-11-19,13.0,
2018-11-20,15.0,
2018-11-21,13.0,
2018-11-22,15.0,
2018-11-23,13.0,
2018-11-24,7.0,
2018-11-25,8.0,
2018-11-26,15.0,
2018-11-27,14.0,
2018-11-28,15.0,
2018-11-29,15.0,
2018-11-30,17.0,
2018-12-01,12.0,
2018-12-02,10.0,
2018-12-03,13.0,
2018-12-04,15.0,
2018-12-05,17.0,
2018-12-06,14.0,
2018-12-07,13.0,
2018-12-08,10.0,
2018-12-09,9.0,
2018-12-10,11.0,
2018-12-11,15.0,
2018-12-12,13.0,
2018-12-13,13.0,
2018-12-14,17.0,
2018-12-15,9.0,
2018-12-16,9.0,
2018-12-17,14.0,
2018-12-18,16.0,
2018-12-19,15.0,
2018-12-20,15.0,
2018-12-21,12.0,
2018-12-22,9.0,
2018-12-23,7.0,
2018-12-24,12.0,
2018-12-25,8.0,
2018-12-26,11.0,
2018-12-27,11.0,
2018-12-28,12.0,
2018-12-29,6.0,
2018-12-30,7.0,
2018-12-31,10.0,
2019-01-01,9.0,
2019-01-02,13.0,
2019-01-03,14.0,
2019-01-04,14.0,
2019-01-05,10.0,
2019-01-06,8.0,
2019-01-07,13.0,
2019-01-08,14.0,
2019-01-09,15.0,
2019-01-10,15.0,
2019-01-11,15.0,
2019-01-12,12.0,
2019-01-13,8.0,
2019-01-14,13.0,
2019-01-15,17.0,
2019-01-16,18.0,
2019-01-17,15.0,
2019-01-18,25.0,
2019-01-19,13.0,
2019-01-20,10.0,
2019-01-21,21.0,
2019-01-22,20.0,
2019-01-23,20.0,
2019-01-24,18.0,
2019-01-25,16.0,1.0
2019-01-26,8.0,1.0
2019-01-27,10.0,1.0
2019-01-28,18.0,1.0
2019-01-29,18.0,1.0
2019-01-30,18.0,1.0
2019-01-31,19.0,1.0
2019-02-01,17.0,1.0
2019-02-02,12.0,1.0
2019-02-03,10.0,1.0
2019-02-04,17.0,1.0
2019-02-05,16.0,1.0
2019-02-06,19.0,1.0
2019-02-07,17.0,1.0
2019-02-08,15.0,1.0
2019-02-09,9.0,1.0
2019-02-10,7.0,1.0
2019-02-11,15.0,1.0
2019-02-12,15.0,1.0
2019-02-13,16.0,1.0
2019-02-14,16.0,1.0
2019-02-15,13.0,1.0
2019-02-16,10.0,1.0
2019-02-17,8.0,1.0
2019-02-18,14.0,1.0
2019-02-19,13.0,1.0
2019-02-20,16.0,1.0
2019-02-21,16.0,1.0
2019-02-22,14.0,1.0
2019-02-23,9.0,1.0
2019-02-24,9.0,1.0
2019-02-25,17.0,1.0
2019-02-26,17.0,1.0
2019-02-27,16.0,1.0
2019-02-28,16.0,1.0
2019-03-01,16.0,1.0
2019-03-02,8.0,1.0
2019-03-03,7.0,1.0
2019-03-04,14.0,1.0
2019-03-05,20.0,1.0
2019-03-06,34.0,1.0
2019-03-07,20.0,1.0
2019-03-08,23.0,1.0
2019-03-09,12.0,1.0
2019-03-10,8.0,1.0
2019-03-11,18.0,1.0
2019-03-12,19.0,1.0
2019-03-13,20.0,1.0
2019-03-14,21.0,1.0
2019-03-15,19.0,1.0
2019-03-16,10.0,1.0
2019-03-17,10.0,1.0
2019-03-18,15.0,1.0
2019-03-19,18.0,1.0
2019-03-20,15.0,1.0
2019-03-21,10.0,1.0
2019-03-22,14.0,1.0
2019-03-23,10.0,1.0
2019-03-24,9.0,1.0
2019-03-25,16.0,1.0
2019-03-26,15.0,1.0
2019-03-27,14.0,1.0
2019-03-28,18.0,1.0
2019-03-29,16.0,1.0
2019-03-30,9.0,1.0
2019-03-31,8.0,1.0
2019-04-01,15.0,1.0
2019-04-02,16.0,1.0
2019-04-03,14.0,1.0
2019-04-04,16.0,1.0
2019-04-05,18.0,1.0
2019-04-06,8.0,1.0
2019-04-07,8.0,1.0
2019-04-08,13.0,1.0
2019-04-09,16.0,1.0
2019-04-10,22.0,1.0
2019-04-11,19.0,1.0
2019-04-12,17.0,1.0
2019-04-13,10.0,1.0
2019-04-14,8.0,1.0
2019-04-15,20.0,1.0
2019-04-16,42.0,1.0
2019-04-17,23.0,1.0
2019-04-18,26.0,1.0
2019-04-19,15.0,1.0
2019-04-20,11.0,1.0
2019-04-21,9.0,1.0
2019-04-22,23.0,1.0
2019-04-23,21.0,1.0
2019-04-24,19.0,1.0
2019-04-25,18.0,1.0
2019-04-26,18.0,1.0
2019-04-27,10.0,1.0
2019-04-28,8.0,1.0
2019-04-29,15.0,1.0
2019-04-30,19.0,1.0
2019-05-01,11.0,1.0
2019-05-02,19.0,1.0
2019-05-03,17.0,1.0
2019-05-04,12.0,1.0
2019-05-05,7.0,1.0
2019-05-06,16.0,
2019-05-07,15.0,
2019-05-08,17.0,
2019-05-09,17.0,
2019-05-10,19.0,
2019-05-11,12.0,
2019-05-12,6.0,
2019-05-13,17.0,
2019-05-14,18.0,
2019-05-15,16.0,
2019-05-16,19.0,
2019-05-17,19.0,
2019-05-18,10.0,
2019-05-19,10.0,
2019-05-20,18.0,
2019-05-21,22.0,
2019-05-22,17.0,
2019-05-23,17.0,
2019-05-24,16.0,
2019-05-25,10.0,
2019-05-26,9.0,
2019-05-27,17.0,
2019-05-28,20.0,
2019-05-29,18.0,
2019-05-30,20.0,
2019-05-31,17.0,
2019-06-01,14.0,
2019-06-02,9.0,
2019-06-03,23.0,
2019-06-04,25.0,
2019-06-05,10.0,
2019-06-06,20.0,
2019-06-07,25.0,
2019-06-08,15.0,
2019-06-09,8.0,
2019-06-10,23.0,
2019-06-11,24.0,
2019-06-12,19.0,
2019-06-13,24.0,
2019-06-14,21.0,
2019-06-15,10.0,
2019-06-16,8.0,
2019-06-17,20.0,
2019-06-18,20.0,
2019-06-19,21.0,
2019-06-20,21.0,
2019-06-21,19.0,
2019-06-22,10.0,
2019-06-23,12.0,
2019-06-24,18.0,
2019-06-25,18.0,
2019-06-26,16.0,
2019-06-27,16.0,
2019-06-28,14.0,
2019-06-29,10.0,
2019-06-30,9.0,
2019-07-01,18.0,
2019-07-02,17.0,
2019-07-03,18.0,
2019-07-04,23.0,
2019-07-05,20.0,
2019-07-06,12.0,
2019-07-07,10.0,
2019-07-08,19.0,
2019-07-09,21.0,
2019-07-10,16.0,
2019-07-11,16.0,
2019-07-12,20.0,
2019-07-13,11.0,1.0
2019-07-14,10.0,1.0
2019-07-15,19.0,1.0
2019-07-16,20.0,1.0
2019-07-17,28.0,1.0
2019-07-18,29.0,1.0
2019-07-19,21.0,1.0
2019-07-20,12.0,1.0
2019-07-21,9.0,1.0
2019-07-22,19.0,1.0
2019-07-23,19.0,1.0
2019-07-24,19.0,1.0
2019-07-25,18.0,1.0
2019-07-26,16.0,1.0
2019-07-27,9.0,1.0
2019-07-28,10.0,1.0
2019-07-29,20.0,1.0
2019-07-30,16.0,1.0
2019-07-31,21.0,1.0
2019-08-01,26.0,1.0
2019-08-02,22.0,1.0
2019-08-03,11.0,1.0
2019-08-04,10.0,1.0
2019-08-05,18.0,1.0
2019-08-06,17.0,1.0
2019-08-07,18.0,1.0
2019-08-08,18.0,1.0
2019-08-09,16.0,1.0
2019-08-10,10.0,1.0
2019-08-11,9.0,1.0
2019-08-12,13.0,1.0
2019-08-13,19.0,1.0
2019-08-14,19.0,1.0
2019-08-15,10.0,1.0
2019-08-16,17.0,1.0
2019-08-17,10.0,1.0
2019-08-18,9.0,1.0
2019-08-19,19.0,1.0
2019-08-20,21.0,1.0
2019-08-21,19.0,1.0
2019-08-22,19.0,1.0
2019-08-23,17.0,1.0
2019-08-24,12.0,1.0
2019-08-25,11.0,1.0
2019-08-26,20.0,1.0
2019-08-27,18.0,1.0
2019-08-28,20.0,1.0
2019-08-29,18.0,1.0
2019-08-30,18.0,1.0
2019-08-31,11.0,1.0
2019-09-01,8.0,1.0
2019-09-02,11.0,1.0
2019-09-03,21.0,1.0
2019-09-04,21.0,1.0
2019-09-05,21.0,1.0
2019-09-06,20.0,1.0
2019-09-07,13.0,1.0
2019-09-08,12.0,1.0
2019-09-09,19.0,1.0
2019-09-10,16.0,1.0
2019-09-11,20.0,1.0
2019-09-12,21.0,1.0
2019-09-13,26.0,1.0
2019-09-14,17.0,1.0
2019-09-15,15.0,1.0
2019-09-16,24.0,1.0
2019-09-17,26.0,1.0
2019-09-18,22.0,1.0
2019-09-19,22.0,1.0
2019-09-20,26.0,1.0
2019-09-21,16.0,1.0
2019-09-22,14.0,1.0
2019-09-23,24.0,1.0
2019-09-24,20.0,1.0
2019-09-25,22.0,1.0
2019-09-26,18.0,1.0
2019-09-27,19.0,1.0
2019-09-28,14.0,1.0
2019-09-29,11.0,1.0
2019-09-30,19.0,1.0
2019-10-01,22.0,1.0
2019-10-02,13.0,1.0
2019-10-03,20.0,1.0
2019-10-04,20.0,1.0
2019-10-05,12.0,1.0
2019-10-06,10.0,1.0
2019-10-07,14.0,1.0
2019-10-08,9.0,1.0
2019-10-09,15.0,1.0
2019-10-10,18.0,1.0
2019-10-11,18.0,1.0
2019-10-12,13.0,1.0
2019-10-13,13.0,1.0
2019-10-14,22.0,1.0
2019-10-15,28.0,1.0
2019-10-16,30.0,1.0
2019-10-17,28.0,1.0
2019-10-18,30.0,1.0
2019-10-19,17.0,1.0
2019-10-20,12.0,1.0
2019-10-21,17.0,1.0
2019-10-22,20.0,
2019-10-23,19.0,
2019-10-24,17.0,
2019-10-25,15.0,
2019-10-26,8.0,
2019-10-27,8.0,
2019-10-28,9.0,
2019-10-29,15.0,
2019-10-30,17.0,
2019-10-31,17.0,
2019-11-01,17.0,
2019-11-02,11.0,
2019-11-03,10.0,
2019-11-04,23.0,
2019-11-05,20.0,
2019-11-06,19.0,
2019-11-07,17.0,
2019-11-08,16.0,
2019-11-09,7.0,
2019-11-10,8.0,
2019-11-11,14.0,
2019-11-12,13.0,
2019-11-13,14.0,
2019-11-14,15.0,
2019-11-15,16.0,
2019-11-16,11.0,
2019-11-17,11.0,
2019-11-18,19.0,
2019-11-19,18.0,
2019-11-20,17.0,
2019-11-21,16.0,
2019-11-22,15.0,
2019-11-23,8.0,
2019-11-24,9.0,
2019-11-25,15.0,
2019-11-26,16.0,
2019-11-27,15.0,
2019-11-28,15.0,
2019-11-29,14.0,
2019-11-30,10.0,
2019-12-01,8.0,
2019-12-02,15.0,
2019-12-03,17.0,
2019-12-04,16.0,
2019-12-05,16.0,
2019-12-06,12.0,
2019-12-07,10.0,
2019-12-08,6.0,
2019-12-09,14.0,
2019-12-10,15.0,
2019-12-11,14.0,
2019-12-12,15.0,
2019-12-13,16.0,
2019-12-14,9.0,
2019-12-15,8.0,
2019-12-16,14.0,
2019-12-17,15.0,
2019-12-18,14.0,
2019-12-19,13.0,
2019-12-20,13.0,
2019-12-21,7.0,
2019-12-22,7.0,
2019-12-23,11.0,
2019-12-24,13.0,
2019-12-25,6.0,
2019-12-26,11.0,
2019-12-27,11.0,
2019-12-28,8.0,
2019-12-29,6.0,
2019-12-30,12.0,
2019-12-31,12.0,
2020-01-01,11.0,
2020-01-02,12.0,
2020-01-03,14.0,
2020-01-04,8.0,
2020-01-05,7.0,
2020-01-06,15.0,
2020-01-07,15.0,
2020-01-08,14.0,
2020-01-09,17.0,
2020-01-10,13.0,
2020-01-11,8.0,
2020-01-12,9.0,
2020-01-13,17.0,
2020-01-14,20.0,
2020-01-15,19.0,
2020-01-16,16.0,
2020-01-17,17.0,
2020-01-18,11.0,
2020-01-19,8.0,
2020-01-20,16.0,
2020-01-21,17.0,
2020-01-22,15.0,
2020-01-23,14.0,
2020-01-24,15.0,
2020-01-25,10.0,
2020-01-26,6.0,
2020-01-27,13.0,
2020-01-28,14.0,
2020-01-29,13.0,
2020-01-30,14.0,
2020-01-31,22.0,
2020-02-01,13.0,
2020-02-02,10.0,
2020-02-03,15.0,
2020-02-04,15.0,
2020-02-05,15.0,
2020-02-06,17.0,
2020-02-07,15.0,
2020-02-08,8.0,
2020-02-09,7.0,
2020-02-10,15.0,
2020-02-11,14.0,
2020-02-12,15.0,
2020-02-13,14.0,
2020-02-14,14.0,
2020-02-15,11.0,
2020-02-16,7.0,
2020-02-17,14.0,
2020-02-18,15.0,
2020-02-19,15.0,
2020-02-20,14.0,
2020-02-21,14.0,
2020-02-22,10.0,
2020-02-23,9.0,
2020-02-24,14.0,
2020-02-25,13.0,
2020-02-26,14.0,
2020-02-27,15.0,
2020-02-28,15.0,
2020-02-29,11.0,
2020-03-01,8.0,
2020-03-02,16.0,
2020-03-03,15.0,
2020-03-04,16.0,
2020-03-05,12.0,
2020-03-06,13.0,
2020-03-07,9.0,
2020-03-08,8.0,
2020-03-09,14.0,
2020-03-10,9.0,
2020-03-11,12.0,
2020-03-12,15.0,
2020-03-13,14.0,
2020-03-14,7.0,
2020-03-15,7.0,
2020-03-16,14.0,
2020-03-17,15.0,
2020-03-18,15.0,
2020-03-19,13.0,
2020-03-20,14.0,
2020-03-21,6.0,
2020-03-22,5.0,
2020-03-23,12.0,
2020-03-24,10.0,
2020-03-25,10.0,
2020-03-26,12.0,
2020-03-27,20.0,
2020-03-28,23.0,
2020-03-29,20.0,
2020-03-30,19.0,
2020-03-31,15.0,
2020-04-01,22.0,
2020-04-02,14.0,
2020-04-03,14.0,
2020-04-04,8.0,
2020-04-05,7.0,
2020-04-06,9.0,
2020-04-07,11.0,
